id,title,subject,topic,year_group,year_band,diagram_type,description,style_notes,tags,source,curated,image_url,asset_ref
pdl-0001,Ten frame — 0 counters,Mathematics,Counting and place value,Year 1,KS1,diagram_a,"A 2×5 ten frame with 0 red counters filled (left to right, top row first) and 10 empty cells.","Solid red counters, black grid lines, white cells, equal cell size","[""ten-frame"",""counting"",""subitising"",""number-sense""]",Adaptly Primary Catalogue,0,,
pdl-0002,Ten frame — 1 counters,Mathematics,Counting and place value,Year 1,KS1,diagram_a,"A 2×5 ten frame with 1 red counters filled (left to right, top row first) and 9 empty cells.","Solid red counters, black grid lines, white cells, equal cell size","[""ten-frame"",""counting"",""subitising"",""number-sense""]",Adaptly Primary Catalogue,0,,
pdl-0003,Ten frame — 2 counters,Mathematics,Counting and place value,Year 1,KS1,diagram_a,"A 2×5 ten frame with 2 red counters filled (left to right, top row first) and 8 empty cells.","Solid red counters, black grid lines, white cells, equal cell size","[""ten-frame"",""counting"",""subitising"",""number-sense""]",Adaptly Primary Catalogue,0,,
pdl-0004,Ten frame — 3 counters,Mathematics,Counting and place value,Year 1,KS1,diagram_a,"A 2×5 ten frame with 3 red counters filled (left to right, top row first) and 7 empty cells.","Solid red counters, black grid lines, white cells, equal cell size","[""ten-frame"",""counting"",""subitising"",""number-sense""]",Adaptly Primary Catalogue,0,,
pdl-0005,Ten frame — 4 counters,Mathematics,Counting and place value,Year 1,KS1,diagram_a,"A 2×5 ten frame with 4 red counters filled (left to right, top row first) and 6 empty cells.","Solid red counters, black grid lines, white cells, equal cell size","[""ten-frame"",""counting"",""subitising"",""number-sense""]",Adaptly Primary Catalogue,0,,
pdl-0006,Ten frame — 5 counters,Mathematics,Counting and place value,Year 1,KS1,diagram_a,"A 2×5 ten frame with 5 red counters filled (left to right, top row first) and 5 empty cells.","Solid red counters, black grid lines, white cells, equal cell size","[""ten-frame"",""counting"",""subitising"",""number-sense""]",Adaptly Primary Catalogue,0,,
pdl-0007,Ten frame — 6 counters,Mathematics,Counting and place value,Year 1,KS1,diagram_a,"A 2×5 ten frame with 6 red counters filled (left to right, top row first) and 4 empty cells.","Solid red counters, black grid lines, white cells, equal cell size","[""ten-frame"",""counting"",""subitising"",""number-sense""]",Adaptly Primary Catalogue,0,,
pdl-0008,Ten frame — 7 counters,Mathematics,Counting and place value,Year 1,KS1,diagram_a,"A 2×5 ten frame with 7 red counters filled (left to right, top row first) and 3 empty cells.","Solid red counters, black grid lines, white cells, equal cell size","[""ten-frame"",""counting"",""subitising"",""number-sense""]",Adaptly Primary Catalogue,0,,
pdl-0009,Ten frame — 8 counters,Mathematics,Counting and place value,Year 1,KS1,diagram_a,"A 2×5 ten frame with 8 red counters filled (left to right, top row first) and 2 empty cells.","Solid red counters, black grid lines, white cells, equal cell size","[""ten-frame"",""counting"",""subitising"",""number-sense""]",Adaptly Primary Catalogue,0,,
pdl-0010,Ten frame — 9 counters,Mathematics,Counting and place value,Year 1,KS1,diagram_a,"A 2×5 ten frame with 9 red counters filled (left to right, top row first) and 1 empty cells.","Solid red counters, black grid lines, white cells, equal cell size","[""ten-frame"",""counting"",""subitising"",""number-sense""]",Adaptly Primary Catalogue,0,,
pdl-0011,Ten frame — 10 counters,Mathematics,Counting and place value,Year 1,KS1,diagram_a,"A 2×5 ten frame with 10 red counters filled (left to right, top row first) and 0 empty cells.","Solid red counters, black grid lines, white cells, equal cell size","[""ten-frame"",""counting"",""subitising"",""number-sense""]",Adaptly Primary Catalogue,0,,
pdl-0012,Double ten frame — 10 counters,Mathematics,Counting and place value,Year 2,KS1,diagram_a,"Two stacked ten frames with 10 counters in total (first frame full, second has 0).","Numbers in clear sans-serif (Andika), high contrast, generous spacing","[""ten-frame"",""counting"",""place-value""]",Adaptly Primary Catalogue,0,,
pdl-0013,Double ten frame — 11 counters,Mathematics,Counting and place value,Year 2,KS1,diagram_a,"Two stacked ten frames with 11 counters in total (first frame full, second has 1).","Numbers in clear sans-serif (Andika), high contrast, generous spacing","[""ten-frame"",""counting"",""place-value""]",Adaptly Primary Catalogue,0,,
pdl-0014,Double ten frame — 12 counters,Mathematics,Counting and place value,Year 2,KS1,diagram_a,"Two stacked ten frames with 12 counters in total (first frame full, second has 2).","Numbers in clear sans-serif (Andika), high contrast, generous spacing","[""ten-frame"",""counting"",""place-value""]",Adaptly Primary Catalogue,0,,
pdl-0015,Double ten frame — 13 counters,Mathematics,Counting and place value,Year 2,KS1,diagram_a,"Two stacked ten frames with 13 counters in total (first frame full, second has 3).","Numbers in clear sans-serif (Andika), high contrast, generous spacing","[""ten-frame"",""counting"",""place-value""]",Adaptly Primary Catalogue,0,,
pdl-0016,Double ten frame — 14 counters,Mathematics,Counting and place value,Year 2,KS1,diagram_a,"Two stacked ten frames with 14 counters in total (first frame full, second has 4).","Numbers in clear sans-serif (Andika), high contrast, generous spacing","[""ten-frame"",""counting"",""place-value""]",Adaptly Primary Catalogue,0,,
pdl-0017,Double ten frame — 15 counters,Mathematics,Counting and place value,Year 2,KS1,diagram_a,"Two stacked ten frames with 15 counters in total (first frame full, second has 5).","Numbers in clear sans-serif (Andika), high contrast, generous spacing","[""ten-frame"",""counting"",""place-value""]",Adaptly Primary Catalogue,0,,
pdl-0018,Double ten frame — 16 counters,Mathematics,Counting and place value,Year 2,KS1,diagram_a,"Two stacked ten frames with 16 counters in total (first frame full, second has 6).","Numbers in clear sans-serif (Andika), high contrast, generous spacing","[""ten-frame"",""counting"",""place-value""]",Adaptly Primary Catalogue,0,,
pdl-0019,Double ten frame — 17 counters,Mathematics,Counting and place value,Year 2,KS1,diagram_a,"Two stacked ten frames with 17 counters in total (first frame full, second has 7).","Numbers in clear sans-serif (Andika), high contrast, generous spacing","[""ten-frame"",""counting"",""place-value""]",Adaptly Primary Catalogue,0,,
pdl-0020,Double ten frame — 18 counters,Mathematics,Counting and place value,Year 2,KS1,diagram_a,"Two stacked ten frames with 18 counters in total (first frame full, second has 8).","Numbers in clear sans-serif (Andika), high contrast, generous spacing","[""ten-frame"",""counting"",""place-value""]",Adaptly Primary Catalogue,0,,
pdl-0021,Double ten frame — 19 counters,Mathematics,Counting and place value,Year 2,KS1,diagram_a,"Two stacked ten frames with 19 counters in total (first frame full, second has 9).","Numbers in clear sans-serif (Andika), high contrast, generous spacing","[""ten-frame"",""counting"",""place-value""]",Adaptly Primary Catalogue,0,,
pdl-0022,Double ten frame — 20 counters,Mathematics,Counting and place value,Year 2,KS1,diagram_a,"Two stacked ten frames with 20 counters in total (first frame full, second has 10).","Numbers in clear sans-serif (Andika), high contrast, generous spacing","[""ten-frame"",""counting"",""place-value""]",Adaptly Primary Catalogue,0,,
pdl-0023,Number line 0–10 — arrow on 0,Mathematics,Counting and place value,Year 1,KS1,diagram_a,Horizontal number line marked 0 to 10 with a downward arrow indicator above 0.,"Black baseline, blue arrow, large numerals, equal tick spacing","[""number-line"",""counting"",""addition"",""subtraction""]",Adaptly Primary Catalogue,0,,
pdl-0024,Number line 0–10 — arrow on 1,Mathematics,Counting and place value,Year 1,KS1,diagram_a,Horizontal number line marked 0 to 10 with a downward arrow indicator above 1.,"Black baseline, blue arrow, large numerals, equal tick spacing","[""number-line"",""counting"",""addition"",""subtraction""]",Adaptly Primary Catalogue,0,,
pdl-0025,Number line 0–10 — arrow on 2,Mathematics,Counting and place value,Year 1,KS1,diagram_a,Horizontal number line marked 0 to 10 with a downward arrow indicator above 2.,"Black baseline, blue arrow, large numerals, equal tick spacing","[""number-line"",""counting"",""addition"",""subtraction""]",Adaptly Primary Catalogue,0,,
pdl-0026,Number line 0–10 — arrow on 3,Mathematics,Counting and place value,Year 1,KS1,diagram_a,Horizontal number line marked 0 to 10 with a downward arrow indicator above 3.,"Black baseline, blue arrow, large numerals, equal tick spacing","[""number-line"",""counting"",""addition"",""subtraction""]",Adaptly Primary Catalogue,0,,
pdl-0027,Number line 0–10 — arrow on 4,Mathematics,Counting and place value,Year 1,KS1,diagram_a,Horizontal number line marked 0 to 10 with a downward arrow indicator above 4.,"Black baseline, blue arrow, large numerals, equal tick spacing","[""number-line"",""counting"",""addition"",""subtraction""]",Adaptly Primary Catalogue,0,,
pdl-0028,Number line 0–10 — arrow on 5,Mathematics,Counting and place value,Year 1,KS1,diagram_a,Horizontal number line marked 0 to 10 with a downward arrow indicator above 5.,"Black baseline, blue arrow, large numerals, equal tick spacing","[""number-line"",""counting"",""addition"",""subtraction""]",Adaptly Primary Catalogue,0,,
pdl-0029,Number line 0–10 — arrow on 6,Mathematics,Counting and place value,Year 1,KS1,diagram_a,Horizontal number line marked 0 to 10 with a downward arrow indicator above 6.,"Black baseline, blue arrow, large numerals, equal tick spacing","[""number-line"",""counting"",""addition"",""subtraction""]",Adaptly Primary Catalogue,0,,
pdl-0030,Number line 0–10 — arrow on 7,Mathematics,Counting and place value,Year 1,KS1,diagram_a,Horizontal number line marked 0 to 10 with a downward arrow indicator above 7.,"Black baseline, blue arrow, large numerals, equal tick spacing","[""number-line"",""counting"",""addition"",""subtraction""]",Adaptly Primary Catalogue,0,,
pdl-0031,Number line 0–10 — arrow on 8,Mathematics,Counting and place value,Year 1,KS1,diagram_a,Horizontal number line marked 0 to 10 with a downward arrow indicator above 8.,"Black baseline, blue arrow, large numerals, equal tick spacing","[""number-line"",""counting"",""addition"",""subtraction""]",Adaptly Primary Catalogue,0,,
pdl-0032,Number line 0–10 — arrow on 9,Mathematics,Counting and place value,Year 1,KS1,diagram_a,Horizontal number line marked 0 to 10 with a downward arrow indicator above 9.,"Black baseline, blue arrow, large numerals, equal tick spacing","[""number-line"",""counting"",""addition"",""subtraction""]",Adaptly Primary Catalogue,0,,
pdl-0033,Number line 0–10 — arrow on 10,Mathematics,Counting and place value,Year 1,KS1,diagram_a,Horizontal number line marked 0 to 10 with a downward arrow indicator above 10.,"Black baseline, blue arrow, large numerals, equal tick spacing","[""number-line"",""counting"",""addition"",""subtraction""]",Adaptly Primary Catalogue,0,,
pdl-0034,Number line 0–20 — arrow on 0,Mathematics,Counting and place value,Year 2,KS1,diagram_a,Horizontal number line marked 0 to 20 with an arrow indicator above 0.,"Numbers in clear sans-serif (Andika), high contrast, generous spacing","[""number-line"",""counting"",""addition"",""subtraction""]",Adaptly Primary Catalogue,0,,
pdl-0035,Number line 0–20 — arrow on 2,Mathematics,Counting and place value,Year 2,KS1,diagram_a,Horizontal number line marked 0 to 20 with an arrow indicator above 2.,"Numbers in clear sans-serif (Andika), high contrast, generous spacing","[""number-line"",""counting"",""addition"",""subtraction""]",Adaptly Primary Catalogue,0,,
pdl-0036,Number line 0–20 — arrow on 4,Mathematics,Counting and place value,Year 2,KS1,diagram_a,Horizontal number line marked 0 to 20 with an arrow indicator above 4.,"Numbers in clear sans-serif (Andika), high contrast, generous spacing","[""number-line"",""counting"",""addition"",""subtraction""]",Adaptly Primary Catalogue,0,,
pdl-0037,Number line 0–20 — arrow on 6,Mathematics,Counting and place value,Year 2,KS1,diagram_a,Horizontal number line marked 0 to 20 with an arrow indicator above 6.,"Numbers in clear sans-serif (Andika), high contrast, generous spacing","[""number-line"",""counting"",""addition"",""subtraction""]",Adaptly Primary Catalogue,0,,
pdl-0038,Number line 0–20 — arrow on 8,Mathematics,Counting and place value,Year 2,KS1,diagram_a,Horizontal number line marked 0 to 20 with an arrow indicator above 8.,"Numbers in clear sans-serif (Andika), high contrast, generous spacing","[""number-line"",""counting"",""addition"",""subtraction""]",Adaptly Primary Catalogue,0,,
pdl-0039,Number line 0–20 — arrow on 10,Mathematics,Counting and place value,Year 2,KS1,diagram_a,Horizontal number line marked 0 to 20 with an arrow indicator above 10.,"Numbers in clear sans-serif (Andika), high contrast, generous spacing","[""number-line"",""counting"",""addition"",""subtraction""]",Adaptly Primary Catalogue,0,,
pdl-0040,Number line 0–20 — arrow on 12,Mathematics,Counting and place value,Year 2,KS1,diagram_a,Horizontal number line marked 0 to 20 with an arrow indicator above 12.,"Numbers in clear sans-serif (Andika), high contrast, generous spacing","[""number-line"",""counting"",""addition"",""subtraction""]",Adaptly Primary Catalogue,0,,
pdl-0041,Number line 0–20 — arrow on 14,Mathematics,Counting and place value,Year 2,KS1,diagram_a,Horizontal number line marked 0 to 20 with an arrow indicator above 14.,"Numbers in clear sans-serif (Andika), high contrast, generous spacing","[""number-line"",""counting"",""addition"",""subtraction""]",Adaptly Primary Catalogue,0,,
pdl-0042,Number line 0–20 — arrow on 16,Mathematics,Counting and place value,Year 2,KS1,diagram_a,Horizontal number line marked 0 to 20 with an arrow indicator above 16.,"Numbers in clear sans-serif (Andika), high contrast, generous spacing","[""number-line"",""counting"",""addition"",""subtraction""]",Adaptly Primary Catalogue,0,,
pdl-0043,Number line 0–20 — arrow on 18,Mathematics,Counting and place value,Year 2,KS1,diagram_a,Horizontal number line marked 0 to 20 with an arrow indicator above 18.,"Numbers in clear sans-serif (Andika), high contrast, generous spacing","[""number-line"",""counting"",""addition"",""subtraction""]",Adaptly Primary Catalogue,0,,
pdl-0044,Number line 0–20 — arrow on 20,Mathematics,Counting and place value,Year 2,KS1,diagram_a,Horizontal number line marked 0 to 20 with an arrow indicator above 20.,"Numbers in clear sans-serif (Andika), high contrast, generous spacing","[""number-line"",""counting"",""addition"",""subtraction""]",Adaptly Primary Catalogue,0,,
pdl-0045,Counting set — 1 frogs,Mathematics,Counting and place value,Year 1,KS1,diagram_a,"A row of 1 cartoon green frogs sitting on a lily pad, evenly spaced for one-to-one counting.","Cute illustrated motif, single colour fill, clear silhouette","[""counting"",""one-to-one"",""frogs"",""KS1""]",Adaptly Primary Catalogue,0,,
pdl-0046,Counting set — 2 frogs,Mathematics,Counting and place value,Year 1,KS1,diagram_a,"A row of 2 cartoon green frogs sitting on a lily pad, evenly spaced for one-to-one counting.","Cute illustrated motif, single colour fill, clear silhouette","[""counting"",""one-to-one"",""frogs"",""KS1""]",Adaptly Primary Catalogue,0,,
pdl-0047,Counting set — 3 frogs,Mathematics,Counting and place value,Year 1,KS1,diagram_a,"A row of 3 cartoon green frogs sitting on a lily pad, evenly spaced for one-to-one counting.","Cute illustrated motif, single colour fill, clear silhouette","[""counting"",""one-to-one"",""frogs"",""KS1""]",Adaptly Primary Catalogue,0,,
pdl-0048,Counting set — 4 frogs,Mathematics,Counting and place value,Year 1,KS1,diagram_a,"A row of 4 cartoon green frogs sitting on a lily pad, evenly spaced for one-to-one counting.","Cute illustrated motif, single colour fill, clear silhouette","[""counting"",""one-to-one"",""frogs"",""KS1""]",Adaptly Primary Catalogue,0,,
pdl-0049,Counting set — 5 frogs,Mathematics,Counting and place value,Year 1,KS1,diagram_a,"A row of 5 cartoon green frogs sitting on a lily pad, evenly spaced for one-to-one counting.","Cute illustrated motif, single colour fill, clear silhouette","[""counting"",""one-to-one"",""frogs"",""KS1""]",Adaptly Primary Catalogue,0,,
pdl-0050,Counting set — 6 frogs,Mathematics,Counting and place value,Year 1,KS1,diagram_a,"A row of 6 cartoon green frogs sitting on a lily pad, evenly spaced for one-to-one counting.","Cute illustrated motif, single colour fill, clear silhouette","[""counting"",""one-to-one"",""frogs"",""KS1""]",Adaptly Primary Catalogue,0,,
pdl-0051,Counting set — 7 frogs,Mathematics,Counting and place value,Year 1,KS1,diagram_a,"A row of 7 cartoon green frogs sitting on a lily pad, evenly spaced for one-to-one counting.","Cute illustrated motif, single colour fill, clear silhouette","[""counting"",""one-to-one"",""frogs"",""KS1""]",Adaptly Primary Catalogue,0,,
pdl-0052,Counting set — 8 frogs,Mathematics,Counting and place value,Year 1,KS1,diagram_a,"A row of 8 cartoon green frogs sitting on a lily pad, evenly spaced for one-to-one counting.","Cute illustrated motif, single colour fill, clear silhouette","[""counting"",""one-to-one"",""frogs"",""KS1""]",Adaptly Primary Catalogue,0,,
pdl-0053,Counting set — 9 frogs,Mathematics,Counting and place value,Year 1,KS1,diagram_a,"A row of 9 cartoon green frogs sitting on a lily pad, evenly spaced for one-to-one counting.","Cute illustrated motif, single colour fill, clear silhouette","[""counting"",""one-to-one"",""frogs"",""KS1""]",Adaptly Primary Catalogue,0,,
pdl-0054,Counting set — 10 frogs,Mathematics,Counting and place value,Year 1,KS1,diagram_a,"A row of 10 cartoon green frogs sitting on a lily pad, evenly spaced for one-to-one counting.","Cute illustrated motif, single colour fill, clear silhouette","[""counting"",""one-to-one"",""frogs"",""KS1""]",Adaptly Primary Catalogue,0,,
pdl-0055,Counting set — 1 apples,Mathematics,Counting and place value,Year 1,KS1,diagram_a,"A row of 1 red apples with a green leaf, evenly spaced for one-to-one counting.","Cute illustrated motif, single colour fill, clear silhouette","[""counting"",""one-to-one"",""apples"",""KS1""]",Adaptly Primary Catalogue,0,,
pdl-0056,Counting set — 2 apples,Mathematics,Counting and place value,Year 1,KS1,diagram_a,"A row of 2 red apples with a green leaf, evenly spaced for one-to-one counting.","Cute illustrated motif, single colour fill, clear silhouette","[""counting"",""one-to-one"",""apples"",""KS1""]",Adaptly Primary Catalogue,0,,
pdl-0057,Counting set — 3 apples,Mathematics,Counting and place value,Year 1,KS1,diagram_a,"A row of 3 red apples with a green leaf, evenly spaced for one-to-one counting.","Cute illustrated motif, single colour fill, clear silhouette","[""counting"",""one-to-one"",""apples"",""KS1""]",Adaptly Primary Catalogue,0,,
pdl-0058,Counting set — 4 apples,Mathematics,Counting and place value,Year 1,KS1,diagram_a,"A row of 4 red apples with a green leaf, evenly spaced for one-to-one counting.","Cute illustrated motif, single colour fill, clear silhouette","[""counting"",""one-to-one"",""apples"",""KS1""]",Adaptly Primary Catalogue,0,,
pdl-0059,Counting set — 5 apples,Mathematics,Counting and place value,Year 1,KS1,diagram_a,"A row of 5 red apples with a green leaf, evenly spaced for one-to-one counting.","Cute illustrated motif, single colour fill, clear silhouette","[""counting"",""one-to-one"",""apples"",""KS1""]",Adaptly Primary Catalogue,0,,
pdl-0060,Counting set — 6 apples,Mathematics,Counting and place value,Year 1,KS1,diagram_a,"A row of 6 red apples with a green leaf, evenly spaced for one-to-one counting.","Cute illustrated motif, single colour fill, clear silhouette","[""counting"",""one-to-one"",""apples"",""KS1""]",Adaptly Primary Catalogue,0,,
pdl-0061,Counting set — 7 apples,Mathematics,Counting and place value,Year 1,KS1,diagram_a,"A row of 7 red apples with a green leaf, evenly spaced for one-to-one counting.","Cute illustrated motif, single colour fill, clear silhouette","[""counting"",""one-to-one"",""apples"",""KS1""]",Adaptly Primary Catalogue,0,,
pdl-0062,Counting set — 8 apples,Mathematics,Counting and place value,Year 1,KS1,diagram_a,"A row of 8 red apples with a green leaf, evenly spaced for one-to-one counting.","Cute illustrated motif, single colour fill, clear silhouette","[""counting"",""one-to-one"",""apples"",""KS1""]",Adaptly Primary Catalogue,0,,
pdl-0063,Counting set — 9 apples,Mathematics,Counting and place value,Year 1,KS1,diagram_a,"A row of 9 red apples with a green leaf, evenly spaced for one-to-one counting.","Cute illustrated motif, single colour fill, clear silhouette","[""counting"",""one-to-one"",""apples"",""KS1""]",Adaptly Primary Catalogue,0,,
pdl-0064,Counting set — 10 apples,Mathematics,Counting and place value,Year 1,KS1,diagram_a,"A row of 10 red apples with a green leaf, evenly spaced for one-to-one counting.","Cute illustrated motif, single colour fill, clear silhouette","[""counting"",""one-to-one"",""apples"",""KS1""]",Adaptly Primary Catalogue,0,,
pdl-0065,Number bond cherry — 0 and 10 make 10,Mathematics,Number bonds,Year 1,KS1,diagram_a,"Cherry-style part-whole diagram. Whole = 10 at the top, two parts 0 and 10 at the bottom, joined by lines.","Green stem, two red cherries, dotted joining lines","[""number-bond"",""part-whole"",""addition""]",Adaptly Primary Catalogue,0,,
pdl-0066,Number bond cherry — 1 and 9 make 10,Mathematics,Number bonds,Year 1,KS1,diagram_a,"Cherry-style part-whole diagram. Whole = 10 at the top, two parts 1 and 9 at the bottom, joined by lines.","Green stem, two red cherries, dotted joining lines","[""number-bond"",""part-whole"",""addition""]",Adaptly Primary Catalogue,0,,
pdl-0067,Number bond cherry — 2 and 8 make 10,Mathematics,Number bonds,Year 1,KS1,diagram_a,"Cherry-style part-whole diagram. Whole = 10 at the top, two parts 2 and 8 at the bottom, joined by lines.","Green stem, two red cherries, dotted joining lines","[""number-bond"",""part-whole"",""addition""]",Adaptly Primary Catalogue,0,,
pdl-0068,Number bond cherry — 3 and 7 make 10,Mathematics,Number bonds,Year 1,KS1,diagram_a,"Cherry-style part-whole diagram. Whole = 10 at the top, two parts 3 and 7 at the bottom, joined by lines.","Green stem, two red cherries, dotted joining lines","[""number-bond"",""part-whole"",""addition""]",Adaptly Primary Catalogue,0,,
pdl-0069,Number bond cherry — 4 and 6 make 10,Mathematics,Number bonds,Year 1,KS1,diagram_a,"Cherry-style part-whole diagram. Whole = 10 at the top, two parts 4 and 6 at the bottom, joined by lines.","Green stem, two red cherries, dotted joining lines","[""number-bond"",""part-whole"",""addition""]",Adaptly Primary Catalogue,0,,
pdl-0070,Number bond cherry — 5 and 5 make 10,Mathematics,Number bonds,Year 1,KS1,diagram_a,"Cherry-style part-whole diagram. Whole = 10 at the top, two parts 5 and 5 at the bottom, joined by lines.","Green stem, two red cherries, dotted joining lines","[""number-bond"",""part-whole"",""addition""]",Adaptly Primary Catalogue,0,,
pdl-0071,Number bond cherry — 6 and 4 make 10,Mathematics,Number bonds,Year 1,KS1,diagram_a,"Cherry-style part-whole diagram. Whole = 10 at the top, two parts 6 and 4 at the bottom, joined by lines.","Green stem, two red cherries, dotted joining lines","[""number-bond"",""part-whole"",""addition""]",Adaptly Primary Catalogue,0,,
pdl-0072,Number bond cherry — 7 and 3 make 10,Mathematics,Number bonds,Year 1,KS1,diagram_a,"Cherry-style part-whole diagram. Whole = 10 at the top, two parts 7 and 3 at the bottom, joined by lines.","Green stem, two red cherries, dotted joining lines","[""number-bond"",""part-whole"",""addition""]",Adaptly Primary Catalogue,0,,
pdl-0073,Number bond cherry — 8 and 2 make 10,Mathematics,Number bonds,Year 1,KS1,diagram_a,"Cherry-style part-whole diagram. Whole = 10 at the top, two parts 8 and 2 at the bottom, joined by lines.","Green stem, two red cherries, dotted joining lines","[""number-bond"",""part-whole"",""addition""]",Adaptly Primary Catalogue,0,,
pdl-0074,Number bond cherry — 9 and 1 make 10,Mathematics,Number bonds,Year 1,KS1,diagram_a,"Cherry-style part-whole diagram. Whole = 10 at the top, two parts 9 and 1 at the bottom, joined by lines.","Green stem, two red cherries, dotted joining lines","[""number-bond"",""part-whole"",""addition""]",Adaptly Primary Catalogue,0,,
pdl-0075,Number bond cherry — 10 and 0 make 10,Mathematics,Number bonds,Year 1,KS1,diagram_a,"Cherry-style part-whole diagram. Whole = 10 at the top, two parts 10 and 0 at the bottom, joined by lines.","Green stem, two red cherries, dotted joining lines","[""number-bond"",""part-whole"",""addition""]",Adaptly Primary Catalogue,0,,
pdl-0076,Number bond cherry — 0 and 20 make 20,Mathematics,Number bonds,Year 2,KS1,diagram_a,"Part-whole cherry. Whole = 20, parts 0 and 20.","Green stem, two red cherries","[""number-bond"",""part-whole"",""addition""]",Adaptly Primary Catalogue,0,,
pdl-0077,Number bond cherry — 1 and 19 make 20,Mathematics,Number bonds,Year 2,KS1,diagram_a,"Part-whole cherry. Whole = 20, parts 1 and 19.","Green stem, two red cherries","[""number-bond"",""part-whole"",""addition""]",Adaptly Primary Catalogue,0,,
pdl-0078,Number bond cherry — 2 and 18 make 20,Mathematics,Number bonds,Year 2,KS1,diagram_a,"Part-whole cherry. Whole = 20, parts 2 and 18.","Green stem, two red cherries","[""number-bond"",""part-whole"",""addition""]",Adaptly Primary Catalogue,0,,
pdl-0079,Number bond cherry — 3 and 17 make 20,Mathematics,Number bonds,Year 2,KS1,diagram_a,"Part-whole cherry. Whole = 20, parts 3 and 17.","Green stem, two red cherries","[""number-bond"",""part-whole"",""addition""]",Adaptly Primary Catalogue,0,,
pdl-0080,Number bond cherry — 4 and 16 make 20,Mathematics,Number bonds,Year 2,KS1,diagram_a,"Part-whole cherry. Whole = 20, parts 4 and 16.","Green stem, two red cherries","[""number-bond"",""part-whole"",""addition""]",Adaptly Primary Catalogue,0,,
pdl-0081,Number bond cherry — 5 and 15 make 20,Mathematics,Number bonds,Year 2,KS1,diagram_a,"Part-whole cherry. Whole = 20, parts 5 and 15.","Green stem, two red cherries","[""number-bond"",""part-whole"",""addition""]",Adaptly Primary Catalogue,0,,
pdl-0082,Number bond cherry — 6 and 14 make 20,Mathematics,Number bonds,Year 2,KS1,diagram_a,"Part-whole cherry. Whole = 20, parts 6 and 14.","Green stem, two red cherries","[""number-bond"",""part-whole"",""addition""]",Adaptly Primary Catalogue,0,,
pdl-0083,Number bond cherry — 7 and 13 make 20,Mathematics,Number bonds,Year 2,KS1,diagram_a,"Part-whole cherry. Whole = 20, parts 7 and 13.","Green stem, two red cherries","[""number-bond"",""part-whole"",""addition""]",Adaptly Primary Catalogue,0,,
pdl-0084,Number bond cherry — 8 and 12 make 20,Mathematics,Number bonds,Year 2,KS1,diagram_a,"Part-whole cherry. Whole = 20, parts 8 and 12.","Green stem, two red cherries","[""number-bond"",""part-whole"",""addition""]",Adaptly Primary Catalogue,0,,
pdl-0085,Number bond cherry — 9 and 11 make 20,Mathematics,Number bonds,Year 2,KS1,diagram_a,"Part-whole cherry. Whole = 20, parts 9 and 11.","Green stem, two red cherries","[""number-bond"",""part-whole"",""addition""]",Adaptly Primary Catalogue,0,,
pdl-0086,Number bond cherry — 10 and 10 make 20,Mathematics,Number bonds,Year 2,KS1,diagram_a,"Part-whole cherry. Whole = 20, parts 10 and 10.","Green stem, two red cherries","[""number-bond"",""part-whole"",""addition""]",Adaptly Primary Catalogue,0,,
pdl-0087,Bar model — whole 5 (3 + 2),Mathematics,Bar models,Year 1,KS1,diagram_a,Bar model — whole 5 (3 + 2),"Two-tone bar, equal-height blocks, labelled with numbers","[""bar-model"",""part-whole"",""addition"",""subtraction""]",Adaptly Primary Catalogue,0,,
pdl-0088,Bar model — whole 6 (4 + 2),Mathematics,Bar models,Year 1,KS1,diagram_a,Bar model — whole 6 (4 + 2),"Two-tone bar, equal-height blocks, labelled with numbers","[""bar-model"",""part-whole"",""addition"",""subtraction""]",Adaptly Primary Catalogue,0,,
pdl-0089,Bar model — whole 7 (3 + 4),Mathematics,Bar models,Year 1,KS1,diagram_a,Bar model — whole 7 (3 + 4),"Two-tone bar, equal-height blocks, labelled with numbers","[""bar-model"",""part-whole"",""addition"",""subtraction""]",Adaptly Primary Catalogue,0,,
pdl-0090,Bar model — whole 8 (5 + 3),Mathematics,Bar models,Year 1,KS1,diagram_a,Bar model — whole 8 (5 + 3),"Two-tone bar, equal-height blocks, labelled with numbers","[""bar-model"",""part-whole"",""addition"",""subtraction""]",Adaptly Primary Catalogue,0,,
pdl-0091,Bar model — whole 9 (6 + 3),Mathematics,Bar models,Year 1,KS1,diagram_a,Bar model — whole 9 (6 + 3),"Two-tone bar, equal-height blocks, labelled with numbers","[""bar-model"",""part-whole"",""addition"",""subtraction""]",Adaptly Primary Catalogue,0,,
pdl-0092,Bar model — whole 10 (7 + 3),Mathematics,Bar models,Year 1,KS1,diagram_a,Bar model — whole 10 (7 + 3),"Two-tone bar, equal-height blocks, labelled with numbers","[""bar-model"",""part-whole"",""addition"",""subtraction""]",Adaptly Primary Catalogue,0,,
pdl-0093,Bar model — whole 12 (7 + 5),Mathematics,Bar models,Year 1,KS1,diagram_a,Bar model — whole 12 (7 + 5),"Two-tone bar, equal-height blocks, labelled with numbers","[""bar-model"",""part-whole"",""addition"",""subtraction""]",Adaptly Primary Catalogue,0,,
pdl-0094,Bar model — whole 15 (9 + 6),Mathematics,Bar models,Year 1,KS1,diagram_a,Bar model — whole 15 (9 + 6),"Two-tone bar, equal-height blocks, labelled with numbers","[""bar-model"",""part-whole"",""addition"",""subtraction""]",Adaptly Primary Catalogue,0,,
pdl-0095,Bar model — whole 18 (10 + 8),Mathematics,Bar models,Year 1,KS1,diagram_a,Bar model — whole 18 (10 + 8),"Two-tone bar, equal-height blocks, labelled with numbers","[""bar-model"",""part-whole"",""addition"",""subtraction""]",Adaptly Primary Catalogue,0,,
pdl-0096,Bar model — whole 20 (12 + 8),Mathematics,Bar models,Year 1,KS1,diagram_a,Bar model — whole 20 (12 + 8),"Two-tone bar, equal-height blocks, labelled with numbers","[""bar-model"",""part-whole"",""addition"",""subtraction""]",Adaptly Primary Catalogue,0,,
pdl-0097,2D shape card — circle,Mathematics,2D shape,Year 1,KS1,diagram_a,2D shape card — circle,"One bright fill colour, black outline, name in friendly sans-serif","[""2d-shape"",""geometry"",""shape-card""]",Adaptly Primary Catalogue,0,,
pdl-0098,2D shape card — square,Mathematics,2D shape,Year 1,KS1,diagram_a,2D shape card — square,"One bright fill colour, black outline, name in friendly sans-serif","[""2d-shape"",""geometry"",""shape-card""]",Adaptly Primary Catalogue,0,,
pdl-0099,2D shape card — rectangle,Mathematics,2D shape,Year 1,KS1,diagram_a,2D shape card — rectangle,"One bright fill colour, black outline, name in friendly sans-serif","[""2d-shape"",""geometry"",""shape-card""]",Adaptly Primary Catalogue,0,,
pdl-0100,2D shape card — triangle (equilateral),Mathematics,2D shape,Year 1,KS1,diagram_a,2D shape card — triangle (equilateral),"One bright fill colour, black outline, name in friendly sans-serif","[""2d-shape"",""geometry"",""shape-card""]",Adaptly Primary Catalogue,0,,
pdl-0101,2D shape card — triangle (right-angle),Mathematics,2D shape,Year 1,KS1,diagram_a,2D shape card — triangle (right-angle),"One bright fill colour, black outline, name in friendly sans-serif","[""2d-shape"",""geometry"",""shape-card""]",Adaptly Primary Catalogue,0,,
pdl-0102,2D shape card — pentagon,Mathematics,2D shape,Year 1,KS1,diagram_a,2D shape card — pentagon,"One bright fill colour, black outline, name in friendly sans-serif","[""2d-shape"",""geometry"",""shape-card""]",Adaptly Primary Catalogue,0,,
pdl-0103,2D shape card — hexagon,Mathematics,2D shape,Year 1,KS1,diagram_a,2D shape card — hexagon,"One bright fill colour, black outline, name in friendly sans-serif","[""2d-shape"",""geometry"",""shape-card""]",Adaptly Primary Catalogue,0,,
pdl-0104,2D shape card — octagon,Mathematics,2D shape,Year 1,KS1,diagram_a,2D shape card — octagon,"One bright fill colour, black outline, name in friendly sans-serif","[""2d-shape"",""geometry"",""shape-card""]",Adaptly Primary Catalogue,0,,
pdl-0105,2D shape card — oval,Mathematics,2D shape,Year 1,KS1,diagram_a,2D shape card — oval,"One bright fill colour, black outline, name in friendly sans-serif","[""2d-shape"",""geometry"",""shape-card""]",Adaptly Primary Catalogue,0,,
pdl-0106,2D shape card — semicircle,Mathematics,2D shape,Year 1,KS1,diagram_a,2D shape card — semicircle,"One bright fill colour, black outline, name in friendly sans-serif","[""2d-shape"",""geometry"",""shape-card""]",Adaptly Primary Catalogue,0,,
pdl-0107,2D shape card — rhombus,Mathematics,2D shape,Year 1,KS1,diagram_a,2D shape card — rhombus,"One bright fill colour, black outline, name in friendly sans-serif","[""2d-shape"",""geometry"",""shape-card""]",Adaptly Primary Catalogue,0,,
pdl-0108,2D shape card — star,Mathematics,2D shape,Year 1,KS1,diagram_a,2D shape card — star,"One bright fill colour, black outline, name in friendly sans-serif","[""2d-shape"",""geometry"",""shape-card""]",Adaptly Primary Catalogue,0,,
pdl-0109,Coin — 1p,Mathematics,Money,Year 2,KS1,diagram_a,Coin — 1p,"Photo-realistic but simplified, drop shadow, bronze/silver/gold tones","[""money"",""coin"",""UK-currency""]",Adaptly Primary Catalogue,0,,
pdl-0110,Coin — 2p,Mathematics,Money,Year 2,KS1,diagram_a,Coin — 2p,"Photo-realistic but simplified, drop shadow, bronze/silver/gold tones","[""money"",""coin"",""UK-currency""]",Adaptly Primary Catalogue,0,,
pdl-0111,Coin — 5p,Mathematics,Money,Year 2,KS1,diagram_a,Coin — 5p,"Photo-realistic but simplified, drop shadow, bronze/silver/gold tones","[""money"",""coin"",""UK-currency""]",Adaptly Primary Catalogue,0,,
pdl-0112,Coin — 10p,Mathematics,Money,Year 2,KS1,diagram_a,Coin — 10p,"Photo-realistic but simplified, drop shadow, bronze/silver/gold tones","[""money"",""coin"",""UK-currency""]",Adaptly Primary Catalogue,0,,
pdl-0113,Coin — 20p,Mathematics,Money,Year 2,KS1,diagram_a,Coin — 20p,"Photo-realistic but simplified, drop shadow, bronze/silver/gold tones","[""money"",""coin"",""UK-currency""]",Adaptly Primary Catalogue,0,,
pdl-0114,Coin — 50p,Mathematics,Money,Year 2,KS1,diagram_a,Coin — 50p,"Photo-realistic but simplified, drop shadow, bronze/silver/gold tones","[""money"",""coin"",""UK-currency""]",Adaptly Primary Catalogue,0,,
pdl-0115,Coin — £1,Mathematics,Money,Year 2,KS1,diagram_a,Coin — £1,"Photo-realistic but simplified, drop shadow, bronze/silver/gold tones","[""money"",""coin"",""UK-currency""]",Adaptly Primary Catalogue,0,,
pdl-0116,Coin — £2,Mathematics,Money,Year 2,KS1,diagram_a,Coin — £2,"Photo-realistic but simplified, drop shadow, bronze/silver/gold tones","[""money"",""coin"",""UK-currency""]",Adaptly Primary Catalogue,0,,
pdl-0117,Note — £5,Mathematics,Money,Year 2,KS1,diagram_a,Note — £5,"Simplified note design, no facial likeness, clear denomination","[""money"",""banknote"",""UK-currency""]",Adaptly Primary Catalogue,0,,
pdl-0118,Note — £10,Mathematics,Money,Year 2,KS1,diagram_a,Note — £10,"Simplified note design, no facial likeness, clear denomination","[""money"",""banknote"",""UK-currency""]",Adaptly Primary Catalogue,0,,
pdl-0119,Note — £20,Mathematics,Money,Year 2,KS1,diagram_a,Note — £20,"Simplified note design, no facial likeness, clear denomination","[""money"",""banknote"",""UK-currency""]",Adaptly Primary Catalogue,0,,
pdl-0120,Note — £50,Mathematics,Money,Year 2,KS1,diagram_a,Note — £50,"Simplified note design, no facial likeness, clear denomination","[""money"",""banknote"",""UK-currency""]",Adaptly Primary Catalogue,0,,
pdl-0121,Coin/note set — £1.50 (£1 + 50p),Mathematics,Money,Year 2,KS1,diagram_a,Coin/note set — £1.50 (£1 + 50p),"Simplified note design, no facial likeness, clear denomination","[""money"",""banknote"",""UK-currency""]",Adaptly Primary Catalogue,0,,
pdl-0122,"Dienes blocks — 1 (0 tens, 1 ones)",Mathematics,Place value,Year 2,KS1,diagram_a,Base-10 Dienes representation: 0 ten-rods stacked vertically and 1 unit cubes alongside.,"Wood-grain orange rods and cubes, even sizing, white background","[""place-value"",""dienes"",""base-10"",""manipulative""]",Adaptly Primary Catalogue,0,,
pdl-0123,"Dienes blocks — 5 (0 tens, 5 ones)",Mathematics,Place value,Year 2,KS1,diagram_a,Base-10 Dienes representation: 0 ten-rods stacked vertically and 5 unit cubes alongside.,"Wood-grain orange rods and cubes, even sizing, white background","[""place-value"",""dienes"",""base-10"",""manipulative""]",Adaptly Primary Catalogue,0,,
pdl-0124,"Dienes blocks — 10 (1 tens, 0 ones)",Mathematics,Place value,Year 2,KS1,diagram_a,Base-10 Dienes representation: 1 ten-rods stacked vertically and 0 unit cubes alongside.,"Wood-grain orange rods and cubes, even sizing, white background","[""place-value"",""dienes"",""base-10"",""manipulative""]",Adaptly Primary Catalogue,0,,
pdl-0125,"Dienes blocks — 12 (1 tens, 2 ones)",Mathematics,Place value,Year 2,KS1,diagram_a,Base-10 Dienes representation: 1 ten-rods stacked vertically and 2 unit cubes alongside.,"Wood-grain orange rods and cubes, even sizing, white background","[""place-value"",""dienes"",""base-10"",""manipulative""]",Adaptly Primary Catalogue,0,,
pdl-0126,"Dienes blocks — 15 (1 tens, 5 ones)",Mathematics,Place value,Year 2,KS1,diagram_a,Base-10 Dienes representation: 1 ten-rods stacked vertically and 5 unit cubes alongside.,"Wood-grain orange rods and cubes, even sizing, white background","[""place-value"",""dienes"",""base-10"",""manipulative""]",Adaptly Primary Catalogue,0,,
pdl-0127,"Dienes blocks — 18 (1 tens, 8 ones)",Mathematics,Place value,Year 2,KS1,diagram_a,Base-10 Dienes representation: 1 ten-rods stacked vertically and 8 unit cubes alongside.,"Wood-grain orange rods and cubes, even sizing, white background","[""place-value"",""dienes"",""base-10"",""manipulative""]",Adaptly Primary Catalogue,0,,
pdl-0128,"Dienes blocks — 20 (2 tens, 0 ones)",Mathematics,Place value,Year 2,KS1,diagram_a,Base-10 Dienes representation: 2 ten-rods stacked vertically and 0 unit cubes alongside.,"Wood-grain orange rods and cubes, even sizing, white background","[""place-value"",""dienes"",""base-10"",""manipulative""]",Adaptly Primary Catalogue,0,,
pdl-0129,"Dienes blocks — 25 (2 tens, 5 ones)",Mathematics,Place value,Year 2,KS1,diagram_a,Base-10 Dienes representation: 2 ten-rods stacked vertically and 5 unit cubes alongside.,"Wood-grain orange rods and cubes, even sizing, white background","[""place-value"",""dienes"",""base-10"",""manipulative""]",Adaptly Primary Catalogue,0,,
pdl-0130,"Dienes blocks — 30 (3 tens, 0 ones)",Mathematics,Place value,Year 2,KS1,diagram_a,Base-10 Dienes representation: 3 ten-rods stacked vertically and 0 unit cubes alongside.,"Wood-grain orange rods and cubes, even sizing, white background","[""place-value"",""dienes"",""base-10"",""manipulative""]",Adaptly Primary Catalogue,0,,
pdl-0131,"Dienes blocks — 34 (3 tens, 4 ones)",Mathematics,Place value,Year 2,KS1,diagram_a,Base-10 Dienes representation: 3 ten-rods stacked vertically and 4 unit cubes alongside.,"Wood-grain orange rods and cubes, even sizing, white background","[""place-value"",""dienes"",""base-10"",""manipulative""]",Adaptly Primary Catalogue,0,,
pdl-0132,"Dienes blocks — 42 (4 tens, 2 ones)",Mathematics,Place value,Year 2,KS1,diagram_a,Base-10 Dienes representation: 4 ten-rods stacked vertically and 2 unit cubes alongside.,"Wood-grain orange rods and cubes, even sizing, white background","[""place-value"",""dienes"",""base-10"",""manipulative""]",Adaptly Primary Catalogue,0,,
pdl-0133,"Dienes blocks — 50 (5 tens, 0 ones)",Mathematics,Place value,Year 2,KS1,diagram_a,Base-10 Dienes representation: 5 ten-rods stacked vertically and 0 unit cubes alongside.,"Wood-grain orange rods and cubes, even sizing, white background","[""place-value"",""dienes"",""base-10"",""manipulative""]",Adaptly Primary Catalogue,0,,
pdl-0134,"Dienes blocks — 60 (6 tens, 0 ones)",Mathematics,Place value,Year 2,KS1,diagram_a,Base-10 Dienes representation: 6 ten-rods stacked vertically and 0 unit cubes alongside.,"Wood-grain orange rods and cubes, even sizing, white background","[""place-value"",""dienes"",""base-10"",""manipulative""]",Adaptly Primary Catalogue,0,,
pdl-0135,"Dienes blocks — 75 (7 tens, 5 ones)",Mathematics,Place value,Year 2,KS1,diagram_a,Base-10 Dienes representation: 7 ten-rods stacked vertically and 5 unit cubes alongside.,"Wood-grain orange rods and cubes, even sizing, white background","[""place-value"",""dienes"",""base-10"",""manipulative""]",Adaptly Primary Catalogue,0,,
pdl-0136,"Dienes blocks — 88 (8 tens, 8 ones)",Mathematics,Place value,Year 2,KS1,diagram_a,Base-10 Dienes representation: 8 ten-rods stacked vertically and 8 unit cubes alongside.,"Wood-grain orange rods and cubes, even sizing, white background","[""place-value"",""dienes"",""base-10"",""manipulative""]",Adaptly Primary Catalogue,0,,
pdl-0137,"Dienes blocks — 99 (9 tens, 9 ones)",Mathematics,Place value,Year 2,KS1,diagram_a,Base-10 Dienes representation: 9 ten-rods stacked vertically and 9 unit cubes alongside.,"Wood-grain orange rods and cubes, even sizing, white background","[""place-value"",""dienes"",""base-10"",""manipulative""]",Adaptly Primary Catalogue,0,,
pdl-0138,Clock — 12 o'clock,Mathematics,Time,Year 2,KS1,diagram_a,"Analogue clock face showing 12:00. Hour hand on 12, minute hand on 12.","Round white face, black frame, red hour hand, blue minute hand, large numerals","[""time"",""clock"",""analogue"",""o-clock""]",Adaptly Primary Catalogue,0,,
pdl-0139,Clock — half past 12,Mathematics,Time,Year 2,KS1,diagram_a,"Analogue clock face showing 12:30. Hour hand halfway between 12 and the next hour, minute hand on 6.",Same clock template; hour hand correctly midway,"[""time"",""clock"",""analogue"",""half-past""]",Adaptly Primary Catalogue,0,,
pdl-0140,Clock — 1 o'clock,Mathematics,Time,Year 2,KS1,diagram_a,"Analogue clock face showing 1:00. Hour hand on 1, minute hand on 12.","Round white face, black frame, red hour hand, blue minute hand, large numerals","[""time"",""clock"",""analogue"",""o-clock""]",Adaptly Primary Catalogue,0,,
pdl-0141,Clock — half past 1,Mathematics,Time,Year 2,KS1,diagram_a,"Analogue clock face showing 1:30. Hour hand halfway between 1 and the next hour, minute hand on 6.",Same clock template; hour hand correctly midway,"[""time"",""clock"",""analogue"",""half-past""]",Adaptly Primary Catalogue,0,,
pdl-0142,Clock — 2 o'clock,Mathematics,Time,Year 2,KS1,diagram_a,"Analogue clock face showing 2:00. Hour hand on 2, minute hand on 12.","Round white face, black frame, red hour hand, blue minute hand, large numerals","[""time"",""clock"",""analogue"",""o-clock""]",Adaptly Primary Catalogue,0,,
pdl-0143,Clock — half past 2,Mathematics,Time,Year 2,KS1,diagram_a,"Analogue clock face showing 2:30. Hour hand halfway between 2 and the next hour, minute hand on 6.",Same clock template; hour hand correctly midway,"[""time"",""clock"",""analogue"",""half-past""]",Adaptly Primary Catalogue,0,,
pdl-0144,Clock — 3 o'clock,Mathematics,Time,Year 2,KS1,diagram_a,"Analogue clock face showing 3:00. Hour hand on 3, minute hand on 12.","Round white face, black frame, red hour hand, blue minute hand, large numerals","[""time"",""clock"",""analogue"",""o-clock""]",Adaptly Primary Catalogue,0,,
pdl-0145,Clock — half past 3,Mathematics,Time,Year 2,KS1,diagram_a,"Analogue clock face showing 3:30. Hour hand halfway between 3 and the next hour, minute hand on 6.",Same clock template; hour hand correctly midway,"[""time"",""clock"",""analogue"",""half-past""]",Adaptly Primary Catalogue,0,,
pdl-0146,Clock — 4 o'clock,Mathematics,Time,Year 2,KS1,diagram_a,"Analogue clock face showing 4:00. Hour hand on 4, minute hand on 12.","Round white face, black frame, red hour hand, blue minute hand, large numerals","[""time"",""clock"",""analogue"",""o-clock""]",Adaptly Primary Catalogue,0,,
pdl-0147,Clock — half past 4,Mathematics,Time,Year 2,KS1,diagram_a,"Analogue clock face showing 4:30. Hour hand halfway between 4 and the next hour, minute hand on 6.",Same clock template; hour hand correctly midway,"[""time"",""clock"",""analogue"",""half-past""]",Adaptly Primary Catalogue,0,,
pdl-0148,Clock — 5 o'clock,Mathematics,Time,Year 2,KS1,diagram_a,"Analogue clock face showing 5:00. Hour hand on 5, minute hand on 12.","Round white face, black frame, red hour hand, blue minute hand, large numerals","[""time"",""clock"",""analogue"",""o-clock""]",Adaptly Primary Catalogue,0,,
pdl-0149,Clock — half past 5,Mathematics,Time,Year 2,KS1,diagram_a,"Analogue clock face showing 5:30. Hour hand halfway between 5 and the next hour, minute hand on 6.",Same clock template; hour hand correctly midway,"[""time"",""clock"",""analogue"",""half-past""]",Adaptly Primary Catalogue,0,,
pdl-0150,Clock — 6 o'clock,Mathematics,Time,Year 2,KS1,diagram_a,"Analogue clock face showing 6:00. Hour hand on 6, minute hand on 12.","Round white face, black frame, red hour hand, blue minute hand, large numerals","[""time"",""clock"",""analogue"",""o-clock""]",Adaptly Primary Catalogue,0,,
pdl-0151,Clock — half past 6,Mathematics,Time,Year 2,KS1,diagram_a,"Analogue clock face showing 6:30. Hour hand halfway between 6 and the next hour, minute hand on 6.",Same clock template; hour hand correctly midway,"[""time"",""clock"",""analogue"",""half-past""]",Adaptly Primary Catalogue,0,,
pdl-0152,Clock — 7 o'clock,Mathematics,Time,Year 2,KS1,diagram_a,"Analogue clock face showing 7:00. Hour hand on 7, minute hand on 12.","Round white face, black frame, red hour hand, blue minute hand, large numerals","[""time"",""clock"",""analogue"",""o-clock""]",Adaptly Primary Catalogue,0,,
pdl-0153,Clock — half past 7,Mathematics,Time,Year 2,KS1,diagram_a,"Analogue clock face showing 7:30. Hour hand halfway between 7 and the next hour, minute hand on 6.",Same clock template; hour hand correctly midway,"[""time"",""clock"",""analogue"",""half-past""]",Adaptly Primary Catalogue,0,,
pdl-0154,Clock — 8 o'clock,Mathematics,Time,Year 2,KS1,diagram_a,"Analogue clock face showing 8:00. Hour hand on 8, minute hand on 12.","Round white face, black frame, red hour hand, blue minute hand, large numerals","[""time"",""clock"",""analogue"",""o-clock""]",Adaptly Primary Catalogue,0,,
pdl-0155,Clock — half past 8,Mathematics,Time,Year 2,KS1,diagram_a,"Analogue clock face showing 8:30. Hour hand halfway between 8 and the next hour, minute hand on 6.",Same clock template; hour hand correctly midway,"[""time"",""clock"",""analogue"",""half-past""]",Adaptly Primary Catalogue,0,,
pdl-0156,Clock — 9 o'clock,Mathematics,Time,Year 2,KS1,diagram_a,"Analogue clock face showing 9:00. Hour hand on 9, minute hand on 12.","Round white face, black frame, red hour hand, blue minute hand, large numerals","[""time"",""clock"",""analogue"",""o-clock""]",Adaptly Primary Catalogue,0,,
pdl-0157,Clock — half past 9,Mathematics,Time,Year 2,KS1,diagram_a,"Analogue clock face showing 9:30. Hour hand halfway between 9 and the next hour, minute hand on 6.",Same clock template; hour hand correctly midway,"[""time"",""clock"",""analogue"",""half-past""]",Adaptly Primary Catalogue,0,,
pdl-0158,Clock — 10 o'clock,Mathematics,Time,Year 2,KS1,diagram_a,"Analogue clock face showing 10:00. Hour hand on 10, minute hand on 12.","Round white face, black frame, red hour hand, blue minute hand, large numerals","[""time"",""clock"",""analogue"",""o-clock""]",Adaptly Primary Catalogue,0,,
pdl-0159,Clock — half past 10,Mathematics,Time,Year 2,KS1,diagram_a,"Analogue clock face showing 10:30. Hour hand halfway between 10 and the next hour, minute hand on 6.",Same clock template; hour hand correctly midway,"[""time"",""clock"",""analogue"",""half-past""]",Adaptly Primary Catalogue,0,,
pdl-0160,Clock — 11 o'clock,Mathematics,Time,Year 2,KS1,diagram_a,"Analogue clock face showing 11:00. Hour hand on 11, minute hand on 12.","Round white face, black frame, red hour hand, blue minute hand, large numerals","[""time"",""clock"",""analogue"",""o-clock""]",Adaptly Primary Catalogue,0,,
pdl-0161,Clock — half past 11,Mathematics,Time,Year 2,KS1,diagram_a,"Analogue clock face showing 11:30. Hour hand halfway between 11 and the next hour, minute hand on 6.",Same clock template; hour hand correctly midway,"[""time"",""clock"",""analogue"",""half-past""]",Adaptly Primary Catalogue,0,,
pdl-0162,Clock — quarter past 12,Mathematics,Time,Year 3,LKS2,diagram_a,Analogue clock showing 12:15.,"Numbers in clear sans-serif (Andika), high contrast, generous spacing","[""time"",""clock"",""quarter-past""]",Adaptly Primary Catalogue,0,,
pdl-0163,Clock — quarter to 12,Mathematics,Time,Year 3,LKS2,diagram_a,Analogue clock showing 12:45 (i.e. quarter to the next hour).,"Numbers in clear sans-serif (Andika), high contrast, generous spacing","[""time"",""clock"",""quarter-to""]",Adaptly Primary Catalogue,0,,
pdl-0164,Clock — quarter past 3,Mathematics,Time,Year 3,LKS2,diagram_a,Analogue clock showing 3:15.,"Numbers in clear sans-serif (Andika), high contrast, generous spacing","[""time"",""clock"",""quarter-past""]",Adaptly Primary Catalogue,0,,
pdl-0165,Clock — quarter to 3,Mathematics,Time,Year 3,LKS2,diagram_a,Analogue clock showing 3:45 (i.e. quarter to the next hour).,"Numbers in clear sans-serif (Andika), high contrast, generous spacing","[""time"",""clock"",""quarter-to""]",Adaptly Primary Catalogue,0,,
pdl-0166,Clock — quarter past 6,Mathematics,Time,Year 3,LKS2,diagram_a,Analogue clock showing 6:15.,"Numbers in clear sans-serif (Andika), high contrast, generous spacing","[""time"",""clock"",""quarter-past""]",Adaptly Primary Catalogue,0,,
pdl-0167,Clock — quarter to 6,Mathematics,Time,Year 3,LKS2,diagram_a,Analogue clock showing 6:45 (i.e. quarter to the next hour).,"Numbers in clear sans-serif (Andika), high contrast, generous spacing","[""time"",""clock"",""quarter-to""]",Adaptly Primary Catalogue,0,,
pdl-0168,Clock — quarter past 9,Mathematics,Time,Year 3,LKS2,diagram_a,Analogue clock showing 9:15.,"Numbers in clear sans-serif (Andika), high contrast, generous spacing","[""time"",""clock"",""quarter-past""]",Adaptly Primary Catalogue,0,,
pdl-0169,Clock — quarter to 9,Mathematics,Time,Year 3,LKS2,diagram_a,Analogue clock showing 9:45 (i.e. quarter to the next hour).,"Numbers in clear sans-serif (Andika), high contrast, generous spacing","[""time"",""clock"",""quarter-to""]",Adaptly Primary Catalogue,0,,
pdl-0170,Clock — 9:00,Mathematics,Time,Year 4,LKS2,diagram_a,Analogue clock showing 9:00.,"Numbers in clear sans-serif (Andika), high contrast, generous spacing","[""time"",""clock"",""5-minute-intervals""]",Adaptly Primary Catalogue,0,,
pdl-0171,Clock — 9:05,Mathematics,Time,Year 4,LKS2,diagram_a,Analogue clock showing 9:05.,"Numbers in clear sans-serif (Andika), high contrast, generous spacing","[""time"",""clock"",""5-minute-intervals""]",Adaptly Primary Catalogue,0,,
pdl-0172,Clock — 9:10,Mathematics,Time,Year 4,LKS2,diagram_a,Analogue clock showing 9:10.,"Numbers in clear sans-serif (Andika), high contrast, generous spacing","[""time"",""clock"",""5-minute-intervals""]",Adaptly Primary Catalogue,0,,
pdl-0173,Clock — 9:15,Mathematics,Time,Year 4,LKS2,diagram_a,Analogue clock showing 9:15.,"Numbers in clear sans-serif (Andika), high contrast, generous spacing","[""time"",""clock"",""5-minute-intervals""]",Adaptly Primary Catalogue,0,,
pdl-0174,Clock — 9:20,Mathematics,Time,Year 4,LKS2,diagram_a,Analogue clock showing 9:20.,"Numbers in clear sans-serif (Andika), high contrast, generous spacing","[""time"",""clock"",""5-minute-intervals""]",Adaptly Primary Catalogue,0,,
pdl-0175,Clock — 9:25,Mathematics,Time,Year 4,LKS2,diagram_a,Analogue clock showing 9:25.,"Numbers in clear sans-serif (Andika), high contrast, generous spacing","[""time"",""clock"",""5-minute-intervals""]",Adaptly Primary Catalogue,0,,
pdl-0176,Clock — 9:30,Mathematics,Time,Year 4,LKS2,diagram_a,Analogue clock showing 9:30.,"Numbers in clear sans-serif (Andika), high contrast, generous spacing","[""time"",""clock"",""5-minute-intervals""]",Adaptly Primary Catalogue,0,,
pdl-0177,Clock — 9:35,Mathematics,Time,Year 4,LKS2,diagram_a,Analogue clock showing 9:35.,"Numbers in clear sans-serif (Andika), high contrast, generous spacing","[""time"",""clock"",""5-minute-intervals""]",Adaptly Primary Catalogue,0,,
pdl-0178,Clock — 9:40,Mathematics,Time,Year 4,LKS2,diagram_a,Analogue clock showing 9:40.,"Numbers in clear sans-serif (Andika), high contrast, generous spacing","[""time"",""clock"",""5-minute-intervals""]",Adaptly Primary Catalogue,0,,
pdl-0179,Clock — 9:45,Mathematics,Time,Year 4,LKS2,diagram_a,Analogue clock showing 9:45.,"Numbers in clear sans-serif (Andika), high contrast, generous spacing","[""time"",""clock"",""5-minute-intervals""]",Adaptly Primary Catalogue,0,,
pdl-0180,Clock — 9:50,Mathematics,Time,Year 4,LKS2,diagram_a,Analogue clock showing 9:50.,"Numbers in clear sans-serif (Andika), high contrast, generous spacing","[""time"",""clock"",""5-minute-intervals""]",Adaptly Primary Catalogue,0,,
pdl-0181,Clock — 9:55,Mathematics,Time,Year 4,LKS2,diagram_a,Analogue clock showing 9:55.,"Numbers in clear sans-serif (Andika), high contrast, generous spacing","[""time"",""clock"",""5-minute-intervals""]",Adaptly Primary Catalogue,0,,
pdl-0182,Array — 2 × 2,Mathematics,Multiplication and division,Year 2,KS1,diagram_a,Rectangular array of 2 rows and 2 columns of dots/circles.,"Evenly spaced dots, equal row/column gap, single colour","[""array"",""multiplication"",""2-times-table""]",Adaptly Primary Catalogue,0,,
pdl-0183,Array — 2 × 4,Mathematics,Multiplication and division,Year 2,KS1,diagram_a,Rectangular array of 2 rows and 4 columns of dots/circles.,"Evenly spaced dots, equal row/column gap, single colour","[""array"",""multiplication"",""2-times-table""]",Adaptly Primary Catalogue,0,,
pdl-0184,Array — 2 × 6,Mathematics,Multiplication and division,Year 2,KS1,diagram_a,Rectangular array of 2 rows and 6 columns of dots/circles.,"Evenly spaced dots, equal row/column gap, single colour","[""array"",""multiplication"",""2-times-table""]",Adaptly Primary Catalogue,0,,
pdl-0185,Array — 2 × 8,Mathematics,Multiplication and division,Year 2,KS1,diagram_a,Rectangular array of 2 rows and 8 columns of dots/circles.,"Evenly spaced dots, equal row/column gap, single colour","[""array"",""multiplication"",""2-times-table""]",Adaptly Primary Catalogue,0,,
pdl-0186,Array — 3 × 2,Mathematics,Multiplication and division,Year 2,KS1,diagram_a,Rectangular array of 3 rows and 2 columns of dots/circles.,"Evenly spaced dots, equal row/column gap, single colour","[""array"",""multiplication"",""3-times-table""]",Adaptly Primary Catalogue,0,,
pdl-0187,Array — 3 × 4,Mathematics,Multiplication and division,Year 2,KS1,diagram_a,Rectangular array of 3 rows and 4 columns of dots/circles.,"Evenly spaced dots, equal row/column gap, single colour","[""array"",""multiplication"",""3-times-table""]",Adaptly Primary Catalogue,0,,
pdl-0188,Array — 3 × 6,Mathematics,Multiplication and division,Year 2,KS1,diagram_a,Rectangular array of 3 rows and 6 columns of dots/circles.,"Evenly spaced dots, equal row/column gap, single colour","[""array"",""multiplication"",""3-times-table""]",Adaptly Primary Catalogue,0,,
pdl-0189,Array — 3 × 8,Mathematics,Multiplication and division,Year 2,KS1,diagram_a,Rectangular array of 3 rows and 8 columns of dots/circles.,"Evenly spaced dots, equal row/column gap, single colour","[""array"",""multiplication"",""3-times-table""]",Adaptly Primary Catalogue,0,,
pdl-0190,Array — 4 × 2,Mathematics,Multiplication and division,Year 2,KS1,diagram_a,Rectangular array of 4 rows and 2 columns of dots/circles.,"Evenly spaced dots, equal row/column gap, single colour","[""array"",""multiplication"",""4-times-table""]",Adaptly Primary Catalogue,0,,
pdl-0191,Array — 4 × 4,Mathematics,Multiplication and division,Year 2,KS1,diagram_a,Rectangular array of 4 rows and 4 columns of dots/circles.,"Evenly spaced dots, equal row/column gap, single colour","[""array"",""multiplication"",""4-times-table""]",Adaptly Primary Catalogue,0,,
pdl-0192,Array — 4 × 6,Mathematics,Multiplication and division,Year 2,KS1,diagram_a,Rectangular array of 4 rows and 6 columns of dots/circles.,"Evenly spaced dots, equal row/column gap, single colour","[""array"",""multiplication"",""4-times-table""]",Adaptly Primary Catalogue,0,,
pdl-0193,Array — 4 × 8,Mathematics,Multiplication and division,Year 2,KS1,diagram_a,Rectangular array of 4 rows and 8 columns of dots/circles.,"Evenly spaced dots, equal row/column gap, single colour","[""array"",""multiplication"",""4-times-table""]",Adaptly Primary Catalogue,0,,
pdl-0194,Array — 5 × 2,Mathematics,Multiplication and division,Year 2,KS1,diagram_a,Rectangular array of 5 rows and 2 columns of dots/circles.,"Evenly spaced dots, equal row/column gap, single colour","[""array"",""multiplication"",""5-times-table""]",Adaptly Primary Catalogue,0,,
pdl-0195,Array — 5 × 4,Mathematics,Multiplication and division,Year 2,KS1,diagram_a,Rectangular array of 5 rows and 4 columns of dots/circles.,"Evenly spaced dots, equal row/column gap, single colour","[""array"",""multiplication"",""5-times-table""]",Adaptly Primary Catalogue,0,,
pdl-0196,Array — 5 × 6,Mathematics,Multiplication and division,Year 2,KS1,diagram_a,Rectangular array of 5 rows and 6 columns of dots/circles.,"Evenly spaced dots, equal row/column gap, single colour","[""array"",""multiplication"",""5-times-table""]",Adaptly Primary Catalogue,0,,
pdl-0197,Array — 5 × 8,Mathematics,Multiplication and division,Year 2,KS1,diagram_a,Rectangular array of 5 rows and 8 columns of dots/circles.,"Evenly spaced dots, equal row/column gap, single colour","[""array"",""multiplication"",""5-times-table""]",Adaptly Primary Catalogue,0,,
pdl-0198,Array — 6 × 2,Mathematics,Multiplication and division,Year 3,LKS2,diagram_a,Rectangular array of 6 rows and 2 columns of dots/circles.,"Evenly spaced dots, equal row/column gap, single colour","[""array"",""multiplication"",""6-times-table""]",Adaptly Primary Catalogue,0,,
pdl-0199,Array — 6 × 4,Mathematics,Multiplication and division,Year 3,LKS2,diagram_a,Rectangular array of 6 rows and 4 columns of dots/circles.,"Evenly spaced dots, equal row/column gap, single colour","[""array"",""multiplication"",""6-times-table""]",Adaptly Primary Catalogue,0,,
pdl-0200,Array — 6 × 6,Mathematics,Multiplication and division,Year 3,LKS2,diagram_a,Rectangular array of 6 rows and 6 columns of dots/circles.,"Evenly spaced dots, equal row/column gap, single colour","[""array"",""multiplication"",""6-times-table""]",Adaptly Primary Catalogue,0,,
pdl-0201,Array — 6 × 8,Mathematics,Multiplication and division,Year 3,LKS2,diagram_a,Rectangular array of 6 rows and 8 columns of dots/circles.,"Evenly spaced dots, equal row/column gap, single colour","[""array"",""multiplication"",""6-times-table""]",Adaptly Primary Catalogue,0,,
pdl-0202,Array — 7 × 2,Mathematics,Multiplication and division,Year 3,LKS2,diagram_a,Rectangular array of 7 rows and 2 columns of dots/circles.,"Evenly spaced dots, equal row/column gap, single colour","[""array"",""multiplication"",""7-times-table""]",Adaptly Primary Catalogue,0,,
pdl-0203,Array — 7 × 4,Mathematics,Multiplication and division,Year 3,LKS2,diagram_a,Rectangular array of 7 rows and 4 columns of dots/circles.,"Evenly spaced dots, equal row/column gap, single colour","[""array"",""multiplication"",""7-times-table""]",Adaptly Primary Catalogue,0,,
pdl-0204,Array — 7 × 6,Mathematics,Multiplication and division,Year 3,LKS2,diagram_a,Rectangular array of 7 rows and 6 columns of dots/circles.,"Evenly spaced dots, equal row/column gap, single colour","[""array"",""multiplication"",""7-times-table""]",Adaptly Primary Catalogue,0,,
pdl-0205,Array — 7 × 8,Mathematics,Multiplication and division,Year 3,LKS2,diagram_a,Rectangular array of 7 rows and 8 columns of dots/circles.,"Evenly spaced dots, equal row/column gap, single colour","[""array"",""multiplication"",""7-times-table""]",Adaptly Primary Catalogue,0,,
pdl-0206,Array — 8 × 2,Mathematics,Multiplication and division,Year 3,LKS2,diagram_a,Rectangular array of 8 rows and 2 columns of dots/circles.,"Evenly spaced dots, equal row/column gap, single colour","[""array"",""multiplication"",""8-times-table""]",Adaptly Primary Catalogue,0,,
pdl-0207,Array — 8 × 4,Mathematics,Multiplication and division,Year 3,LKS2,diagram_a,Rectangular array of 8 rows and 4 columns of dots/circles.,"Evenly spaced dots, equal row/column gap, single colour","[""array"",""multiplication"",""8-times-table""]",Adaptly Primary Catalogue,0,,
pdl-0208,Array — 8 × 6,Mathematics,Multiplication and division,Year 3,LKS2,diagram_a,Rectangular array of 8 rows and 6 columns of dots/circles.,"Evenly spaced dots, equal row/column gap, single colour","[""array"",""multiplication"",""8-times-table""]",Adaptly Primary Catalogue,0,,
pdl-0209,Array — 8 × 8,Mathematics,Multiplication and division,Year 3,LKS2,diagram_a,Rectangular array of 8 rows and 8 columns of dots/circles.,"Evenly spaced dots, equal row/column gap, single colour","[""array"",""multiplication"",""8-times-table""]",Adaptly Primary Catalogue,0,,
pdl-0210,Array — 9 × 2,Mathematics,Multiplication and division,Year 3,LKS2,diagram_a,Rectangular array of 9 rows and 2 columns of dots/circles.,"Evenly spaced dots, equal row/column gap, single colour","[""array"",""multiplication"",""9-times-table""]",Adaptly Primary Catalogue,0,,
pdl-0211,Array — 9 × 4,Mathematics,Multiplication and division,Year 3,LKS2,diagram_a,Rectangular array of 9 rows and 4 columns of dots/circles.,"Evenly spaced dots, equal row/column gap, single colour","[""array"",""multiplication"",""9-times-table""]",Adaptly Primary Catalogue,0,,
pdl-0212,Array — 9 × 6,Mathematics,Multiplication and division,Year 3,LKS2,diagram_a,Rectangular array of 9 rows and 6 columns of dots/circles.,"Evenly spaced dots, equal row/column gap, single colour","[""array"",""multiplication"",""9-times-table""]",Adaptly Primary Catalogue,0,,
pdl-0213,Array — 9 × 8,Mathematics,Multiplication and division,Year 3,LKS2,diagram_a,Rectangular array of 9 rows and 8 columns of dots/circles.,"Evenly spaced dots, equal row/column gap, single colour","[""array"",""multiplication"",""9-times-table""]",Adaptly Primary Catalogue,0,,
pdl-0214,Array — 10 × 2,Mathematics,Multiplication and division,Year 3,LKS2,diagram_a,Rectangular array of 10 rows and 2 columns of dots/circles.,"Evenly spaced dots, equal row/column gap, single colour","[""array"",""multiplication"",""10-times-table""]",Adaptly Primary Catalogue,0,,
pdl-0215,Array — 10 × 4,Mathematics,Multiplication and division,Year 3,LKS2,diagram_a,Rectangular array of 10 rows and 4 columns of dots/circles.,"Evenly spaced dots, equal row/column gap, single colour","[""array"",""multiplication"",""10-times-table""]",Adaptly Primary Catalogue,0,,
pdl-0216,Array — 10 × 6,Mathematics,Multiplication and division,Year 3,LKS2,diagram_a,Rectangular array of 10 rows and 6 columns of dots/circles.,"Evenly spaced dots, equal row/column gap, single colour","[""array"",""multiplication"",""10-times-table""]",Adaptly Primary Catalogue,0,,
pdl-0217,Array — 10 × 8,Mathematics,Multiplication and division,Year 3,LKS2,diagram_a,Rectangular array of 10 rows and 8 columns of dots/circles.,"Evenly spaced dots, equal row/column gap, single colour","[""array"",""multiplication"",""10-times-table""]",Adaptly Primary Catalogue,0,,
pdl-0218,Multiplication grid — 5 × 5,Mathematics,Multiplication and division,Year 4,LKS2,diagram_a,Empty 5×5 multiplication grid with row/column headers 1..5.,"Clean grid, alternating row shading, headers in colour","[""times-table"",""grid"",""multiplication""]",Adaptly Primary Catalogue,0,,
pdl-0219,Multiplication grid — 10 × 10,Mathematics,Multiplication and division,Year 4,LKS2,diagram_a,Empty 10×10 multiplication grid with row/column headers 1..10.,"Clean grid, alternating row shading, headers in colour","[""times-table"",""grid"",""multiplication""]",Adaptly Primary Catalogue,0,,
pdl-0220,Multiplication grid — 12 × 12,Mathematics,Multiplication and division,Year 5,UKS2,diagram_a,Empty 12×12 multiplication grid with row/column headers 1..12.,"Clean grid, alternating row shading, headers in colour","[""times-table"",""grid"",""multiplication""]",Adaptly Primary Catalogue,0,,
pdl-0221,Times table strip — 6 times table to 6×12,Mathematics,Multiplication and division,Year 4,LKS2,diagram_a,"Vertical strip showing 6×1 = 6, 6×2 = 12, ... up to 6×12.","Coloured stripe for header row, alternating background per row","[""times-table"",""6-times-table"",""multiplication""]",Adaptly Primary Catalogue,0,,
pdl-0222,Times table strip — 7 times table to 7×12,Mathematics,Multiplication and division,Year 4,LKS2,diagram_a,"Vertical strip showing 7×1 = 7, 7×2 = 14, ... up to 7×12.","Coloured stripe for header row, alternating background per row","[""times-table"",""7-times-table"",""multiplication""]",Adaptly Primary Catalogue,0,,
pdl-0223,Times table strip — 9 times table to 9×12,Mathematics,Multiplication and division,Year 4,LKS2,diagram_a,"Vertical strip showing 9×1 = 9, 9×2 = 18, ... up to 9×12.","Coloured stripe for header row, alternating background per row","[""times-table"",""9-times-table"",""multiplication""]",Adaptly Primary Catalogue,0,,
pdl-0224,Times table strip — 11 times table to 11×12,Mathematics,Multiplication and division,Year 4,LKS2,diagram_a,"Vertical strip showing 11×1 = 11, 11×2 = 22, ... up to 11×12.","Coloured stripe for header row, alternating background per row","[""times-table"",""11-times-table"",""multiplication""]",Adaptly Primary Catalogue,0,,
pdl-0225,Times table strip — 12 times table to 12×12,Mathematics,Multiplication and division,Year 4,LKS2,diagram_a,"Vertical strip showing 12×1 = 12, 12×2 = 24, ... up to 12×12.","Coloured stripe for header row, alternating background per row","[""times-table"",""12-times-table"",""multiplication""]",Adaptly Primary Catalogue,0,,
pdl-0226,Place value chart — H / T / O (empty),Mathematics,Place value,Year 3,LKS2,diagram_a,"Hundreds, Tens, Ones columns, three blank rows for digits.","Header strip in colour, three rows for working","[""place-value"",""chart""]",Adaptly Primary Catalogue,0,,
pdl-0227,Place value chart — Th / H / T / O (empty),Mathematics,Place value,Year 4,LKS2,diagram_a,"Thousands, Hundreds, Tens, Ones columns, three blank rows for digits.","Header strip in colour, three rows for working","[""place-value"",""chart""]",Adaptly Primary Catalogue,0,,
pdl-0228,Place value chart — TTh / Th / H / T / O (empty),Mathematics,Place value,Year 5,UKS2,diagram_a,"Ten-thousands, Thousands, Hundreds, Tens, Ones columns, three blank rows for digits.","Header strip in colour, three rows for working","[""place-value"",""chart""]",Adaptly Primary Catalogue,0,,
pdl-0229,Place value chart — HTh / TTh / Th / H / T / O (empty),Mathematics,Place value,Year 5,UKS2,diagram_a,"Hundred-thousands chart columns, three blank rows for digits.","Header strip in colour, three rows for working","[""place-value"",""chart""]",Adaptly Primary Catalogue,0,,
pdl-0230,Place value chart — M / HTh / TTh / Th / H / T / O (empty),Mathematics,Place value,Year 5,UKS2,diagram_a,"Millions chart columns, three blank rows for digits.","Header strip in colour, three rows for working","[""place-value"",""chart""]",Adaptly Primary Catalogue,0,,
pdl-0231,Place value chart — TM / M / HTh / TTh / Th / H / T / O (empty),Mathematics,Place value,Year 6,UKS2,diagram_a,"Ten-millions chart columns, three blank rows for digits.","Header strip in colour, three rows for working","[""place-value"",""chart""]",Adaptly Primary Catalogue,0,,
pdl-0232,Place value chart — filled with 246,Mathematics,Place value,Year 3,LKS2,diagram_a,Place value chart with the digits of 246 placed correctly in their columns.,"Numbers in clear sans-serif (Andika), high contrast, generous spacing","[""place-value"",""filled"",""example""]",Adaptly Primary Catalogue,0,,
pdl-0233,Place value chart — filled with 489,Mathematics,Place value,Year 3,LKS2,diagram_a,Place value chart with the digits of 489 placed correctly in their columns.,"Numbers in clear sans-serif (Andika), high contrast, generous spacing","[""place-value"",""filled"",""example""]",Adaptly Primary Catalogue,0,,
pdl-0234,Place value chart — filled with 1503,Mathematics,Place value,Year 4,LKS2,diagram_a,Place value chart with the digits of 1503 placed correctly in their columns.,"Numbers in clear sans-serif (Andika), high contrast, generous spacing","[""place-value"",""filled"",""example""]",Adaptly Primary Catalogue,0,,
pdl-0235,Place value chart — filled with 7891,Mathematics,Place value,Year 4,LKS2,diagram_a,Place value chart with the digits of 7891 placed correctly in their columns.,"Numbers in clear sans-serif (Andika), high contrast, generous spacing","[""place-value"",""filled"",""example""]",Adaptly Primary Catalogue,0,,
pdl-0236,Place value chart — filled with 24560,Mathematics,Place value,Year 5,UKS2,diagram_a,Place value chart with the digits of 24560 placed correctly in their columns.,"Numbers in clear sans-serif (Andika), high contrast, generous spacing","[""place-value"",""filled"",""example""]",Adaptly Primary Catalogue,0,,
pdl-0237,Place value chart — filled with 305702,Mathematics,Place value,Year 5,UKS2,diagram_a,Place value chart with the digits of 305702 placed correctly in their columns.,"Numbers in clear sans-serif (Andika), high contrast, generous spacing","[""place-value"",""filled"",""example""]",Adaptly Primary Catalogue,0,,
pdl-0238,Place value chart — filled with 1234567,Mathematics,Place value,Year 5,UKS2,diagram_a,Place value chart with the digits of 1234567 placed correctly in their columns.,"Numbers in clear sans-serif (Andika), high contrast, generous spacing","[""place-value"",""filled"",""example""]",Adaptly Primary Catalogue,0,,
pdl-0239,Place value chart — filled with 8050304,Mathematics,Place value,Year 6,UKS2,diagram_a,Place value chart with the digits of 8050304 placed correctly in their columns.,"Numbers in clear sans-serif (Andika), high contrast, generous spacing","[""place-value"",""filled"",""example""]",Adaptly Primary Catalogue,0,,
pdl-0240,Place value chart — filled with 24650091,Mathematics,Place value,Year 6,UKS2,diagram_a,Place value chart with the digits of 24650091 placed correctly in their columns.,"Numbers in clear sans-serif (Andika), high contrast, generous spacing","[""place-value"",""filled"",""example""]",Adaptly Primary Catalogue,0,,
pdl-0241,Place value chart — filled with 9999,Mathematics,Place value,Year 4,LKS2,diagram_a,Place value chart with the digits of 9999 placed correctly in their columns.,"Numbers in clear sans-serif (Andika), high contrast, generous spacing","[""place-value"",""filled"",""example""]",Adaptly Primary Catalogue,0,,
pdl-0242,Place value chart — filled with 999999,Mathematics,Place value,Year 5,UKS2,diagram_a,Place value chart with the digits of 999999 placed correctly in their columns.,"Numbers in clear sans-serif (Andika), high contrast, generous spacing","[""place-value"",""filled"",""example""]",Adaptly Primary Catalogue,0,,
pdl-0243,Place value chart — filled with 50000000,Mathematics,Place value,Year 6,UKS2,diagram_a,Place value chart with the digits of 50000000 placed correctly in their columns.,"Numbers in clear sans-serif (Andika), high contrast, generous spacing","[""place-value"",""filled"",""example""]",Adaptly Primary Catalogue,0,,
pdl-0244,Decimal place value chart — 0.1,Mathematics,Decimals,Year 4,LKS2,diagram_a,Place value chart with a decimal point column. Digits of 0.1 placed correctly across ones / tenths / hundredths / thousandths.,Decimal point shown as a coloured dot between columns,"[""decimal"",""place-value""]",Adaptly Primary Catalogue,0,,
pdl-0245,Decimal place value chart — 0.5,Mathematics,Decimals,Year 4,LKS2,diagram_a,Place value chart with a decimal point column. Digits of 0.5 placed correctly across ones / tenths / hundredths / thousandths.,Decimal point shown as a coloured dot between columns,"[""decimal"",""place-value""]",Adaptly Primary Catalogue,0,,
pdl-0246,Decimal place value chart — 0.7,Mathematics,Decimals,Year 4,LKS2,diagram_a,Place value chart with a decimal point column. Digits of 0.7 placed correctly across ones / tenths / hundredths / thousandths.,Decimal point shown as a coloured dot between columns,"[""decimal"",""place-value""]",Adaptly Primary Catalogue,0,,
pdl-0247,Decimal place value chart — 1.4,Mathematics,Decimals,Year 4,LKS2,diagram_a,Place value chart with a decimal point column. Digits of 1.4 placed correctly across ones / tenths / hundredths / thousandths.,Decimal point shown as a coloured dot between columns,"[""decimal"",""place-value""]",Adaptly Primary Catalogue,0,,
pdl-0248,Decimal place value chart — 2.6,Mathematics,Decimals,Year 4,LKS2,diagram_a,Place value chart with a decimal point column. Digits of 2.6 placed correctly across ones / tenths / hundredths / thousandths.,Decimal point shown as a coloured dot between columns,"[""decimal"",""place-value""]",Adaptly Primary Catalogue,0,,
pdl-0249,Decimal place value chart — 0.25,Mathematics,Decimals,Year 5,UKS2,diagram_a,Place value chart with a decimal point column. Digits of 0.25 placed correctly across ones / tenths / hundredths / thousandths.,Decimal point shown as a coloured dot between columns,"[""decimal"",""place-value""]",Adaptly Primary Catalogue,0,,
pdl-0250,Decimal place value chart — 0.75,Mathematics,Decimals,Year 5,UKS2,diagram_a,Place value chart with a decimal point column. Digits of 0.75 placed correctly across ones / tenths / hundredths / thousandths.,Decimal point shown as a coloured dot between columns,"[""decimal"",""place-value""]",Adaptly Primary Catalogue,0,,
pdl-0251,Decimal place value chart — 1.05,Mathematics,Decimals,Year 5,UKS2,diagram_a,Place value chart with a decimal point column. Digits of 1.05 placed correctly across ones / tenths / hundredths / thousandths.,Decimal point shown as a coloured dot between columns,"[""decimal"",""place-value""]",Adaptly Primary Catalogue,0,,
pdl-0252,Decimal place value chart — 3.42,Mathematics,Decimals,Year 5,UKS2,diagram_a,Place value chart with a decimal point column. Digits of 3.42 placed correctly across ones / tenths / hundredths / thousandths.,Decimal point shown as a coloured dot between columns,"[""decimal"",""place-value""]",Adaptly Primary Catalogue,0,,
pdl-0253,Decimal place value chart — 0.125,Mathematics,Decimals,Year 6,UKS2,diagram_a,Place value chart with a decimal point column. Digits of 0.125 placed correctly across ones / tenths / hundredths / thousandths.,Decimal point shown as a coloured dot between columns,"[""decimal"",""place-value""]",Adaptly Primary Catalogue,0,,
pdl-0254,Decimal place value chart — 1.005,Mathematics,Decimals,Year 6,UKS2,diagram_a,Place value chart with a decimal point column. Digits of 1.005 placed correctly across ones / tenths / hundredths / thousandths.,Decimal point shown as a coloured dot between columns,"[""decimal"",""place-value""]",Adaptly Primary Catalogue,0,,
pdl-0255,Decimal place value chart — 12.345,Mathematics,Decimals,Year 6,UKS2,diagram_a,Place value chart with a decimal point column. Digits of 12.345 placed correctly across ones / tenths / hundredths / thousandths.,Decimal point shown as a coloured dot between columns,"[""decimal"",""place-value""]",Adaptly Primary Catalogue,0,,
pdl-0256,Fraction bar — split into 2,Mathematics,Fractions,Year 2,KS1,diagram_a,Horizontal rectangle divided into 2 equal parts. Each part labelled 1/2.,"Equal divisions, alternating fill, labels under each part","[""fraction"",""fraction-bar"",""unit-fraction""]",Adaptly Primary Catalogue,0,,
pdl-0257,Fraction bar — split into 3,Mathematics,Fractions,Year 2,KS1,diagram_a,Horizontal rectangle divided into 3 equal parts. Each part labelled 1/3.,"Equal divisions, alternating fill, labels under each part","[""fraction"",""fraction-bar"",""unit-fraction""]",Adaptly Primary Catalogue,0,,
pdl-0258,Fraction bar — split into 4,Mathematics,Fractions,Year 2,KS1,diagram_a,Horizontal rectangle divided into 4 equal parts. Each part labelled 1/4.,"Equal divisions, alternating fill, labels under each part","[""fraction"",""fraction-bar"",""unit-fraction""]",Adaptly Primary Catalogue,0,,
pdl-0259,Fraction bar — split into 5,Mathematics,Fractions,Year 3,LKS2,diagram_a,Horizontal rectangle divided into 5 equal parts. Each part labelled 1/5.,"Equal divisions, alternating fill, labels under each part","[""fraction"",""fraction-bar"",""unit-fraction""]",Adaptly Primary Catalogue,0,,
pdl-0260,Fraction bar — split into 6,Mathematics,Fractions,Year 3,LKS2,diagram_a,Horizontal rectangle divided into 6 equal parts. Each part labelled 1/6.,"Equal divisions, alternating fill, labels under each part","[""fraction"",""fraction-bar"",""unit-fraction""]",Adaptly Primary Catalogue,0,,
pdl-0261,Fraction bar — split into 7,Mathematics,Fractions,Year 3,LKS2,diagram_a,Horizontal rectangle divided into 7 equal parts. Each part labelled 1/7.,"Equal divisions, alternating fill, labels under each part","[""fraction"",""fraction-bar"",""unit-fraction""]",Adaptly Primary Catalogue,0,,
pdl-0262,Fraction bar — split into 8,Mathematics,Fractions,Year 3,LKS2,diagram_a,Horizontal rectangle divided into 8 equal parts. Each part labelled 1/8.,"Equal divisions, alternating fill, labels under each part","[""fraction"",""fraction-bar"",""unit-fraction""]",Adaptly Primary Catalogue,0,,
pdl-0263,Fraction bar — split into 9,Mathematics,Fractions,Year 4,LKS2,diagram_a,Horizontal rectangle divided into 9 equal parts. Each part labelled 1/9.,"Equal divisions, alternating fill, labels under each part","[""fraction"",""fraction-bar"",""unit-fraction""]",Adaptly Primary Catalogue,0,,
pdl-0264,Fraction bar — split into 10,Mathematics,Fractions,Year 4,LKS2,diagram_a,Horizontal rectangle divided into 10 equal parts. Each part labelled 1/10.,"Equal divisions, alternating fill, labels under each part","[""fraction"",""fraction-bar"",""unit-fraction""]",Adaptly Primary Catalogue,0,,
pdl-0265,Fraction bar — split into 11,Mathematics,Fractions,Year 4,LKS2,diagram_a,Horizontal rectangle divided into 11 equal parts. Each part labelled 1/11.,"Equal divisions, alternating fill, labels under each part","[""fraction"",""fraction-bar"",""unit-fraction""]",Adaptly Primary Catalogue,0,,
pdl-0266,Fraction bar — split into 12,Mathematics,Fractions,Year 4,LKS2,diagram_a,Horizontal rectangle divided into 12 equal parts. Each part labelled 1/12.,"Equal divisions, alternating fill, labels under each part","[""fraction"",""fraction-bar"",""unit-fraction""]",Adaptly Primary Catalogue,0,,
pdl-0267,Fraction bar — 1/2 shaded,Mathematics,Fractions,Year 2,KS1,diagram_a,Bar split into 2 equal parts with 1 parts shaded blue and 1 parts white.,"Blue shade, even gaps, fraction label above bar","[""fraction"",""shaded-fraction"",""proper-fraction""]",Adaptly Primary Catalogue,0,,
pdl-0268,Fraction bar — 1/3 shaded,Mathematics,Fractions,Year 2,KS1,diagram_a,Bar split into 3 equal parts with 1 parts shaded blue and 2 parts white.,"Blue shade, even gaps, fraction label above bar","[""fraction"",""shaded-fraction"",""proper-fraction""]",Adaptly Primary Catalogue,0,,
pdl-0269,Fraction bar — 2/3 shaded,Mathematics,Fractions,Year 2,KS1,diagram_a,Bar split into 3 equal parts with 2 parts shaded blue and 1 parts white.,"Blue shade, even gaps, fraction label above bar","[""fraction"",""shaded-fraction"",""proper-fraction""]",Adaptly Primary Catalogue,0,,
pdl-0270,Fraction bar — 1/4 shaded,Mathematics,Fractions,Year 2,KS1,diagram_a,Bar split into 4 equal parts with 1 parts shaded blue and 3 parts white.,"Blue shade, even gaps, fraction label above bar","[""fraction"",""shaded-fraction"",""proper-fraction""]",Adaptly Primary Catalogue,0,,
pdl-0271,Fraction bar — 3/4 shaded,Mathematics,Fractions,Year 2,KS1,diagram_a,Bar split into 4 equal parts with 3 parts shaded blue and 1 parts white.,"Blue shade, even gaps, fraction label above bar","[""fraction"",""shaded-fraction"",""proper-fraction""]",Adaptly Primary Catalogue,0,,
pdl-0272,Fraction bar — 1/5 shaded,Mathematics,Fractions,Year 4,LKS2,diagram_a,Bar split into 5 equal parts with 1 parts shaded blue and 4 parts white.,"Blue shade, even gaps, fraction label above bar","[""fraction"",""shaded-fraction"",""proper-fraction""]",Adaptly Primary Catalogue,0,,
pdl-0273,Fraction bar — 3/5 shaded,Mathematics,Fractions,Year 4,LKS2,diagram_a,Bar split into 5 equal parts with 3 parts shaded blue and 2 parts white.,"Blue shade, even gaps, fraction label above bar","[""fraction"",""shaded-fraction"",""proper-fraction""]",Adaptly Primary Catalogue,0,,
pdl-0274,Fraction bar — 4/5 shaded,Mathematics,Fractions,Year 4,LKS2,diagram_a,Bar split into 5 equal parts with 4 parts shaded blue and 1 parts white.,"Blue shade, even gaps, fraction label above bar","[""fraction"",""shaded-fraction"",""proper-fraction""]",Adaptly Primary Catalogue,0,,
pdl-0275,Fraction bar — 1/6 shaded,Mathematics,Fractions,Year 4,LKS2,diagram_a,Bar split into 6 equal parts with 1 parts shaded blue and 5 parts white.,"Blue shade, even gaps, fraction label above bar","[""fraction"",""shaded-fraction"",""proper-fraction""]",Adaptly Primary Catalogue,0,,
pdl-0276,Fraction bar — 5/6 shaded,Mathematics,Fractions,Year 4,LKS2,diagram_a,Bar split into 6 equal parts with 5 parts shaded blue and 1 parts white.,"Blue shade, even gaps, fraction label above bar","[""fraction"",""shaded-fraction"",""proper-fraction""]",Adaptly Primary Catalogue,0,,
pdl-0277,Fraction bar — 1/8 shaded,Mathematics,Fractions,Year 4,LKS2,diagram_a,Bar split into 8 equal parts with 1 parts shaded blue and 7 parts white.,"Blue shade, even gaps, fraction label above bar","[""fraction"",""shaded-fraction"",""proper-fraction""]",Adaptly Primary Catalogue,0,,
pdl-0278,Fraction bar — 3/8 shaded,Mathematics,Fractions,Year 4,LKS2,diagram_a,Bar split into 8 equal parts with 3 parts shaded blue and 5 parts white.,"Blue shade, even gaps, fraction label above bar","[""fraction"",""shaded-fraction"",""proper-fraction""]",Adaptly Primary Catalogue,0,,
pdl-0279,Fraction bar — 5/8 shaded,Mathematics,Fractions,Year 4,LKS2,diagram_a,Bar split into 8 equal parts with 5 parts shaded blue and 3 parts white.,"Blue shade, even gaps, fraction label above bar","[""fraction"",""shaded-fraction"",""proper-fraction""]",Adaptly Primary Catalogue,0,,
pdl-0280,Fraction bar — 7/8 shaded,Mathematics,Fractions,Year 4,LKS2,diagram_a,Bar split into 8 equal parts with 7 parts shaded blue and 1 parts white.,"Blue shade, even gaps, fraction label above bar","[""fraction"",""shaded-fraction"",""proper-fraction""]",Adaptly Primary Catalogue,0,,
pdl-0281,Fraction bar — 3/10 shaded,Mathematics,Fractions,Year 5,UKS2,diagram_a,Bar split into 10 equal parts with 3 parts shaded blue and 7 parts white.,"Blue shade, even gaps, fraction label above bar","[""fraction"",""shaded-fraction"",""proper-fraction""]",Adaptly Primary Catalogue,0,,
pdl-0282,Fraction bar — 7/10 shaded,Mathematics,Fractions,Year 5,UKS2,diagram_a,Bar split into 10 equal parts with 7 parts shaded blue and 3 parts white.,"Blue shade, even gaps, fraction label above bar","[""fraction"",""shaded-fraction"",""proper-fraction""]",Adaptly Primary Catalogue,0,,
pdl-0283,Fraction bar — 5/12 shaded,Mathematics,Fractions,Year 5,UKS2,diagram_a,Bar split into 12 equal parts with 5 parts shaded blue and 7 parts white.,"Blue shade, even gaps, fraction label above bar","[""fraction"",""shaded-fraction"",""proper-fraction""]",Adaptly Primary Catalogue,0,,
pdl-0284,Fraction bar — 11/12 shaded,Mathematics,Fractions,Year 5,UKS2,diagram_a,Bar split into 12 equal parts with 11 parts shaded blue and 1 parts white.,"Blue shade, even gaps, fraction label above bar","[""fraction"",""shaded-fraction"",""proper-fraction""]",Adaptly Primary Catalogue,0,,
pdl-0285,Fraction wall — whole to twelfths,Mathematics,Fractions,Year 4,LKS2,diagram_a,Fraction wall — whole to twelfths,"Each row a different colour, equal total bar width, fraction labels in each cell","[""fraction-wall"",""equivalent-fractions""]",Adaptly Primary Catalogue,0,,
pdl-0286,Fraction wall — halves to eighths only,Mathematics,Fractions,Year 4,LKS2,diagram_a,Fraction wall — halves to eighths only,"Each row a different colour, equal total bar width, fraction labels in each cell","[""fraction-wall"",""equivalent-fractions""]",Adaptly Primary Catalogue,0,,
pdl-0287,"Fraction wall — thirds, sixths, ninths, twelfths (linked equivalents)",Mathematics,Fractions,Year 4,LKS2,diagram_a,"Fraction wall — thirds, sixths, ninths, twelfths (linked equivalents)","Each row a different colour, equal total bar width, fraction labels in each cell","[""fraction-wall"",""equivalent-fractions""]",Adaptly Primary Catalogue,0,,
pdl-0288,Fraction wall — fifths and tenths only,Mathematics,Fractions,Year 4,LKS2,diagram_a,Fraction wall — fifths and tenths only,"Each row a different colour, equal total bar width, fraction labels in each cell","[""fraction-wall"",""equivalent-fractions""]",Adaptly Primary Catalogue,0,,
pdl-0289,Percentage strip — 0% shaded,Mathematics,Percentages,Year 5,UKS2,diagram_a,100-square strip with 0% shaded green and 100% white.,"Green fill, dashed gridlines every 10%, label '${pct}%' above","[""percentage"",""percentage-strip"",""fraction-decimal-percent""]",Adaptly Primary Catalogue,0,,
pdl-0290,Percentage strip — 10% shaded,Mathematics,Percentages,Year 5,UKS2,diagram_a,100-square strip with 10% shaded green and 90% white.,"Green fill, dashed gridlines every 10%, label '${pct}%' above","[""percentage"",""percentage-strip"",""fraction-decimal-percent""]",Adaptly Primary Catalogue,0,,
pdl-0291,Percentage strip — 20% shaded,Mathematics,Percentages,Year 5,UKS2,diagram_a,100-square strip with 20% shaded green and 80% white.,"Green fill, dashed gridlines every 10%, label '${pct}%' above","[""percentage"",""percentage-strip"",""fraction-decimal-percent""]",Adaptly Primary Catalogue,0,,
pdl-0292,Percentage strip — 30% shaded,Mathematics,Percentages,Year 5,UKS2,diagram_a,100-square strip with 30% shaded green and 70% white.,"Green fill, dashed gridlines every 10%, label '${pct}%' above","[""percentage"",""percentage-strip"",""fraction-decimal-percent""]",Adaptly Primary Catalogue,0,,
pdl-0293,Percentage strip — 40% shaded,Mathematics,Percentages,Year 5,UKS2,diagram_a,100-square strip with 40% shaded green and 60% white.,"Green fill, dashed gridlines every 10%, label '${pct}%' above","[""percentage"",""percentage-strip"",""fraction-decimal-percent""]",Adaptly Primary Catalogue,0,,
pdl-0294,Percentage strip — 50% shaded,Mathematics,Percentages,Year 5,UKS2,diagram_a,100-square strip with 50% shaded green and 50% white.,"Green fill, dashed gridlines every 10%, label '${pct}%' above","[""percentage"",""percentage-strip"",""fraction-decimal-percent""]",Adaptly Primary Catalogue,0,,
pdl-0295,Percentage strip — 60% shaded,Mathematics,Percentages,Year 5,UKS2,diagram_a,100-square strip with 60% shaded green and 40% white.,"Green fill, dashed gridlines every 10%, label '${pct}%' above","[""percentage"",""percentage-strip"",""fraction-decimal-percent""]",Adaptly Primary Catalogue,0,,
pdl-0296,Percentage strip — 70% shaded,Mathematics,Percentages,Year 5,UKS2,diagram_a,100-square strip with 70% shaded green and 30% white.,"Green fill, dashed gridlines every 10%, label '${pct}%' above","[""percentage"",""percentage-strip"",""fraction-decimal-percent""]",Adaptly Primary Catalogue,0,,
pdl-0297,Percentage strip — 80% shaded,Mathematics,Percentages,Year 5,UKS2,diagram_a,100-square strip with 80% shaded green and 20% white.,"Green fill, dashed gridlines every 10%, label '${pct}%' above","[""percentage"",""percentage-strip"",""fraction-decimal-percent""]",Adaptly Primary Catalogue,0,,
pdl-0298,Percentage strip — 90% shaded,Mathematics,Percentages,Year 5,UKS2,diagram_a,100-square strip with 90% shaded green and 10% white.,"Green fill, dashed gridlines every 10%, label '${pct}%' above","[""percentage"",""percentage-strip"",""fraction-decimal-percent""]",Adaptly Primary Catalogue,0,,
pdl-0299,Percentage strip — 100% shaded,Mathematics,Percentages,Year 5,UKS2,diagram_a,100-square strip with 100% shaded green and 0% white.,"Green fill, dashed gridlines every 10%, label '${pct}%' above","[""percentage"",""percentage-strip"",""fraction-decimal-percent""]",Adaptly Primary Catalogue,0,,
pdl-0300,FDP card — 1/2 = 0.5 = 50%,Mathematics,"Fractions, decimals, percentages",Year 5,UKS2,diagram_a,"A three-cell card showing the same value as a fraction (1/2), decimal (0.5) and percentage (50%).",Three coloured cells with equals signs between,"[""fraction"",""decimal"",""percentage"",""equivalence""]",Adaptly Primary Catalogue,0,,
pdl-0301,FDP card — 1/4 = 0.25 = 25%,Mathematics,"Fractions, decimals, percentages",Year 5,UKS2,diagram_a,"A three-cell card showing the same value as a fraction (1/4), decimal (0.25) and percentage (25%).",Three coloured cells with equals signs between,"[""fraction"",""decimal"",""percentage"",""equivalence""]",Adaptly Primary Catalogue,0,,
pdl-0302,FDP card — 3/4 = 0.75 = 75%,Mathematics,"Fractions, decimals, percentages",Year 5,UKS2,diagram_a,"A three-cell card showing the same value as a fraction (3/4), decimal (0.75) and percentage (75%).",Three coloured cells with equals signs between,"[""fraction"",""decimal"",""percentage"",""equivalence""]",Adaptly Primary Catalogue,0,,
pdl-0303,FDP card — 1/5 = 0.2 = 20%,Mathematics,"Fractions, decimals, percentages",Year 5,UKS2,diagram_a,"A three-cell card showing the same value as a fraction (1/5), decimal (0.2) and percentage (20%).",Three coloured cells with equals signs between,"[""fraction"",""decimal"",""percentage"",""equivalence""]",Adaptly Primary Catalogue,0,,
pdl-0304,FDP card — 2/5 = 0.4 = 40%,Mathematics,"Fractions, decimals, percentages",Year 5,UKS2,diagram_a,"A three-cell card showing the same value as a fraction (2/5), decimal (0.4) and percentage (40%).",Three coloured cells with equals signs between,"[""fraction"",""decimal"",""percentage"",""equivalence""]",Adaptly Primary Catalogue,0,,
pdl-0305,FDP card — 3/5 = 0.6 = 60%,Mathematics,"Fractions, decimals, percentages",Year 5,UKS2,diagram_a,"A three-cell card showing the same value as a fraction (3/5), decimal (0.6) and percentage (60%).",Three coloured cells with equals signs between,"[""fraction"",""decimal"",""percentage"",""equivalence""]",Adaptly Primary Catalogue,0,,
pdl-0306,FDP card — 4/5 = 0.8 = 80%,Mathematics,"Fractions, decimals, percentages",Year 5,UKS2,diagram_a,"A three-cell card showing the same value as a fraction (4/5), decimal (0.8) and percentage (80%).",Three coloured cells with equals signs between,"[""fraction"",""decimal"",""percentage"",""equivalence""]",Adaptly Primary Catalogue,0,,
pdl-0307,FDP card — 1/10 = 0.1 = 10%,Mathematics,"Fractions, decimals, percentages",Year 5,UKS2,diagram_a,"A three-cell card showing the same value as a fraction (1/10), decimal (0.1) and percentage (10%).",Three coloured cells with equals signs between,"[""fraction"",""decimal"",""percentage"",""equivalence""]",Adaptly Primary Catalogue,0,,
pdl-0308,FDP card — 3/10 = 0.3 = 30%,Mathematics,"Fractions, decimals, percentages",Year 5,UKS2,diagram_a,"A three-cell card showing the same value as a fraction (3/10), decimal (0.3) and percentage (30%).",Three coloured cells with equals signs between,"[""fraction"",""decimal"",""percentage"",""equivalence""]",Adaptly Primary Catalogue,0,,
pdl-0309,FDP card — 7/10 = 0.7 = 70%,Mathematics,"Fractions, decimals, percentages",Year 5,UKS2,diagram_a,"A three-cell card showing the same value as a fraction (7/10), decimal (0.7) and percentage (70%).",Three coloured cells with equals signs between,"[""fraction"",""decimal"",""percentage"",""equivalence""]",Adaptly Primary Catalogue,0,,
pdl-0310,FDP card — 9/10 = 0.9 = 90%,Mathematics,"Fractions, decimals, percentages",Year 5,UKS2,diagram_a,"A three-cell card showing the same value as a fraction (9/10), decimal (0.9) and percentage (90%).",Three coloured cells with equals signs between,"[""fraction"",""decimal"",""percentage"",""equivalence""]",Adaptly Primary Catalogue,0,,
pdl-0311,FDP card — 1/100 = 0.01 = 1%,Mathematics,"Fractions, decimals, percentages",Year 5,UKS2,diagram_a,"A three-cell card showing the same value as a fraction (1/100), decimal (0.01) and percentage (1%).",Three coloured cells with equals signs between,"[""fraction"",""decimal"",""percentage"",""equivalence""]",Adaptly Primary Catalogue,0,,
pdl-0312,Bar model — comparison: 24 vs 18 (difference 6),Mathematics,Bar models,Year 3,LKS2,diagram_a,Bar model — comparison: 24 vs 18 (difference 6),"Top bar one colour, bottom bar another, difference bracketed","[""bar-model"",""comparison""]",Adaptly Primary Catalogue,0,,
pdl-0313,Bar model — comparison: 35 vs 20 (difference 15),Mathematics,Bar models,Year 3,LKS2,diagram_a,Bar model — comparison: 35 vs 20 (difference 15),"Top bar one colour, bottom bar another, difference bracketed","[""bar-model"",""comparison""]",Adaptly Primary Catalogue,0,,
pdl-0314,Bar model — comparison: 100 vs 65 (difference 35),Mathematics,Bar models,Year 3,LKS2,diagram_a,Bar model — comparison: 100 vs 65 (difference 35),"Top bar one colour, bottom bar another, difference bracketed","[""bar-model"",""comparison""]",Adaptly Primary Catalogue,0,,
pdl-0315,Bar model — comparison: 250 vs 175 (difference 75),Mathematics,Bar models,Year 3,LKS2,diagram_a,Bar model — comparison: 250 vs 175 (difference 75),"Top bar one colour, bottom bar another, difference bracketed","[""bar-model"",""comparison""]",Adaptly Primary Catalogue,0,,
pdl-0316,Bar model — equal parts: 60 split into 4 of 15,Mathematics,Bar models,Year 3,LKS2,diagram_a,Bar model — equal parts: 60 split into 4 of 15,"Top bar one colour, bottom bar another, difference bracketed","[""bar-model"",""comparison""]",Adaptly Primary Catalogue,0,,
pdl-0317,Bar model — equal parts: 100 split into 5 of 20,Mathematics,Bar models,Year 3,LKS2,diagram_a,Bar model — equal parts: 100 split into 5 of 20,"Top bar one colour, bottom bar another, difference bracketed","[""bar-model"",""comparison""]",Adaptly Primary Catalogue,0,,
pdl-0318,Bar model — equal parts: 144 split into 12 of 12,Mathematics,Bar models,Year 3,LKS2,diagram_a,Bar model — equal parts: 144 split into 12 of 12,"Top bar one colour, bottom bar another, difference bracketed","[""bar-model"",""comparison""]",Adaptly Primary Catalogue,0,,
pdl-0319,Bar model — total of 3 parts: 3 + 5 + 7 = 15,Mathematics,Bar models,Year 3,LKS2,diagram_a,Bar model — total of 3 parts: 3 + 5 + 7 = 15,"Top bar one colour, bottom bar another, difference bracketed","[""bar-model"",""comparison""]",Adaptly Primary Catalogue,0,,
pdl-0320,Bar model — total of 4 parts: 10 each = 40,Mathematics,Bar models,Year 3,LKS2,diagram_a,Bar model — total of 4 parts: 10 each = 40,"Top bar one colour, bottom bar another, difference bracketed","[""bar-model"",""comparison""]",Adaptly Primary Catalogue,0,,
pdl-0321,Bar model — known + unknown: 12 + ? = 30,Mathematics,Bar models,Year 3,LKS2,diagram_a,Bar model — known + unknown: 12 + ? = 30,"Top bar one colour, bottom bar another, difference bracketed","[""bar-model"",""comparison""]",Adaptly Primary Catalogue,0,,
pdl-0322,Bar model — ratio 2:3 (parts of 25),Mathematics,Bar models,Year 5,UKS2,diagram_a,Bar model — ratio 2:3 (parts of 25),"Three or more colour blocks, brackets for total and parts","[""bar-model"",""ratio"",""fraction-of-quantity""]",Adaptly Primary Catalogue,0,,
pdl-0323,Bar model — ratio 3:5 (parts of 40),Mathematics,Bar models,Year 5,UKS2,diagram_a,Bar model — ratio 3:5 (parts of 40),"Three or more colour blocks, brackets for total and parts","[""bar-model"",""ratio"",""fraction-of-quantity""]",Adaptly Primary Catalogue,0,,
pdl-0324,Bar model — ratio 1:4 (parts of 30),Mathematics,Bar models,Year 5,UKS2,diagram_a,Bar model — ratio 1:4 (parts of 30),"Three or more colour blocks, brackets for total and parts","[""bar-model"",""ratio"",""fraction-of-quantity""]",Adaptly Primary Catalogue,0,,
pdl-0325,Bar model — ratio 2:5:3 (parts of 50),Mathematics,Bar models,Year 5,UKS2,diagram_a,Bar model — ratio 2:5:3 (parts of 50),"Three or more colour blocks, brackets for total and parts","[""bar-model"",""ratio"",""fraction-of-quantity""]",Adaptly Primary Catalogue,0,,
pdl-0326,Bar model — fraction of: 2/3 of 36,Mathematics,Bar models,Year 5,UKS2,diagram_a,Bar model — fraction of: 2/3 of 36,"Three or more colour blocks, brackets for total and parts","[""bar-model"",""ratio"",""fraction-of-quantity""]",Adaptly Primary Catalogue,0,,
pdl-0327,Bar model — fraction of: 3/4 of 80,Mathematics,Bar models,Year 5,UKS2,diagram_a,Bar model — fraction of: 3/4 of 80,"Three or more colour blocks, brackets for total and parts","[""bar-model"",""ratio"",""fraction-of-quantity""]",Adaptly Primary Catalogue,0,,
pdl-0328,Bar model — fraction of: 5/6 of 120,Mathematics,Bar models,Year 5,UKS2,diagram_a,Bar model — fraction of: 5/6 of 120,"Three or more colour blocks, brackets for total and parts","[""bar-model"",""ratio"",""fraction-of-quantity""]",Adaptly Primary Catalogue,0,,
pdl-0329,Bar model — increase by 1/4 (start 60),Mathematics,Bar models,Year 5,UKS2,diagram_a,Bar model — increase by 1/4 (start 60),"Three or more colour blocks, brackets for total and parts","[""bar-model"",""ratio"",""fraction-of-quantity""]",Adaptly Primary Catalogue,0,,
pdl-0330,Bar model — decrease by 1/3 (start 90),Mathematics,Bar models,Year 5,UKS2,diagram_a,Bar model — decrease by 1/3 (start 90),"Three or more colour blocks, brackets for total and parts","[""bar-model"",""ratio"",""fraction-of-quantity""]",Adaptly Primary Catalogue,0,,
pdl-0331,Bar model — sharing 90 in ratio 2:3:4,Mathematics,Bar models,Year 5,UKS2,diagram_a,Bar model — sharing 90 in ratio 2:3:4,"Three or more colour blocks, brackets for total and parts","[""bar-model"",""ratio"",""fraction-of-quantity""]",Adaptly Primary Catalogue,0,,
pdl-0332,Roman numeral card — I = 1,Mathematics,Roman numerals,Year 4,LKS2,diagram_a,Square card showing Roman numeral I large at top with the Hindu-Arabic value 1 underneath.,"Serif numerals (Cinzel), gold border, parchment background","[""roman-numerals"",""year-4""]",Adaptly Primary Catalogue,0,,
pdl-0333,Roman numeral card — II = 2,Mathematics,Roman numerals,Year 4,LKS2,diagram_a,Square card showing Roman numeral II large at top with the Hindu-Arabic value 2 underneath.,"Serif numerals (Cinzel), gold border, parchment background","[""roman-numerals"",""year-4""]",Adaptly Primary Catalogue,0,,
pdl-0334,Roman numeral card — III = 3,Mathematics,Roman numerals,Year 4,LKS2,diagram_a,Square card showing Roman numeral III large at top with the Hindu-Arabic value 3 underneath.,"Serif numerals (Cinzel), gold border, parchment background","[""roman-numerals"",""year-4""]",Adaptly Primary Catalogue,0,,
pdl-0335,Roman numeral card — IV = 4,Mathematics,Roman numerals,Year 4,LKS2,diagram_a,Square card showing Roman numeral IV large at top with the Hindu-Arabic value 4 underneath.,"Serif numerals (Cinzel), gold border, parchment background","[""roman-numerals"",""year-4""]",Adaptly Primary Catalogue,0,,
pdl-0336,Roman numeral card — V = 5,Mathematics,Roman numerals,Year 4,LKS2,diagram_a,Square card showing Roman numeral V large at top with the Hindu-Arabic value 5 underneath.,"Serif numerals (Cinzel), gold border, parchment background","[""roman-numerals"",""year-4""]",Adaptly Primary Catalogue,0,,
pdl-0337,Roman numeral card — VI = 6,Mathematics,Roman numerals,Year 4,LKS2,diagram_a,Square card showing Roman numeral VI large at top with the Hindu-Arabic value 6 underneath.,"Serif numerals (Cinzel), gold border, parchment background","[""roman-numerals"",""year-4""]",Adaptly Primary Catalogue,0,,
pdl-0338,Roman numeral card — VII = 7,Mathematics,Roman numerals,Year 4,LKS2,diagram_a,Square card showing Roman numeral VII large at top with the Hindu-Arabic value 7 underneath.,"Serif numerals (Cinzel), gold border, parchment background","[""roman-numerals"",""year-4""]",Adaptly Primary Catalogue,0,,
pdl-0339,Roman numeral card — VIII = 8,Mathematics,Roman numerals,Year 4,LKS2,diagram_a,Square card showing Roman numeral VIII large at top with the Hindu-Arabic value 8 underneath.,"Serif numerals (Cinzel), gold border, parchment background","[""roman-numerals"",""year-4""]",Adaptly Primary Catalogue,0,,
pdl-0340,Roman numeral card — IX = 9,Mathematics,Roman numerals,Year 4,LKS2,diagram_a,Square card showing Roman numeral IX large at top with the Hindu-Arabic value 9 underneath.,"Serif numerals (Cinzel), gold border, parchment background","[""roman-numerals"",""year-4""]",Adaptly Primary Catalogue,0,,
pdl-0341,Roman numeral card — X = 10,Mathematics,Roman numerals,Year 4,LKS2,diagram_a,Square card showing Roman numeral X large at top with the Hindu-Arabic value 10 underneath.,"Serif numerals (Cinzel), gold border, parchment background","[""roman-numerals"",""year-4""]",Adaptly Primary Catalogue,0,,
pdl-0342,Roman numeral card — XI = 11,Mathematics,Roman numerals,Year 4,LKS2,diagram_a,Square card showing Roman numeral XI large at top with the Hindu-Arabic value 11 underneath.,"Serif numerals (Cinzel), gold border, parchment background","[""roman-numerals"",""year-4""]",Adaptly Primary Catalogue,0,,
pdl-0343,Roman numeral card — XII = 12,Mathematics,Roman numerals,Year 4,LKS2,diagram_a,Square card showing Roman numeral XII large at top with the Hindu-Arabic value 12 underneath.,"Serif numerals (Cinzel), gold border, parchment background","[""roman-numerals"",""year-4""]",Adaptly Primary Catalogue,0,,
pdl-0344,Roman numerals — clock face,Mathematics,Roman numerals,Year 4,LKS2,diagram_a,Analogue clock with Roman numerals I to XII (note IIII for 4 — match traditional clock convention).,"Brass-effect clock, navy hands","[""roman-numerals"",""clock""]",Adaptly Primary Catalogue,0,,
pdl-0345,Coordinate grid — Q1 grid 0..10 (empty),Mathematics,Position and direction,Year 4,LKS2,diagram_a,"Single-quadrant coordinate grid (Q1 grid 0..10) with axes labelled x and y, gridlines and tick labels.","Grey gridlines, black axes with arrows, 12pt tick labels","[""coordinates"",""Q1"",""grid""]",Adaptly Primary Catalogue,0,,
pdl-0346,Coordinate grid — Q1 grid 0..20 (empty),Mathematics,Position and direction,Year 4,LKS2,diagram_a,"Single-quadrant coordinate grid (Q1 grid 0..20) with axes labelled x and y, gridlines and tick labels.","Grey gridlines, black axes with arrows, 12pt tick labels","[""coordinates"",""Q1"",""grid""]",Adaptly Primary Catalogue,0,,
pdl-0347,Coordinate grid — Q1 grid 0..50 step 5 (empty),Mathematics,Position and direction,Year 4,LKS2,diagram_a,"Single-quadrant coordinate grid (Q1 grid 0..50 step 5) with axes labelled x and y, gridlines and tick labels.","Grey gridlines, black axes with arrows, 12pt tick labels","[""coordinates"",""Q1"",""grid""]",Adaptly Primary Catalogue,0,,
pdl-0348,Coordinate grid — 4 quadrants −10..10 each axis,Mathematics,Position and direction,Year 5,UKS2,diagram_a,Four-quadrant coordinate grid (−10..10 each axis) with origin labelled.,"Equal scale on both axes, quadrant labels I–IV in pale grey","[""coordinates"",""4-quadrant"",""grid""]",Adaptly Primary Catalogue,0,,
pdl-0349,Coordinate grid — 4 quadrants −5..5 each axis,Mathematics,Position and direction,Year 5,UKS2,diagram_a,Four-quadrant coordinate grid (−5..5 each axis) with origin labelled.,"Equal scale on both axes, quadrant labels I–IV in pale grey","[""coordinates"",""4-quadrant"",""grid""]",Adaptly Primary Catalogue,0,,
pdl-0350,"Plotted square (2,2) (2,6) (6,6) (6,2)",Mathematics,Position and direction,Year 5,UKS2,diagram_a,"Plotted square (2,2) (2,6) (6,6) (6,2)","Vertices marked with filled dots, sides drawn","[""coordinates"",""plotted-shape""]",Adaptly Primary Catalogue,0,,
pdl-0351,"Plotted rectangle (1,1) (1,4) (8,4) (8,1)",Mathematics,Position and direction,Year 5,UKS2,diagram_a,"Plotted rectangle (1,1) (1,4) (8,4) (8,1)","Vertices marked with filled dots, sides drawn","[""coordinates"",""plotted-shape""]",Adaptly Primary Catalogue,0,,
pdl-0352,"Plotted right triangle (0,0) (0,3) (4,0)",Mathematics,Position and direction,Year 5,UKS2,diagram_a,"Plotted right triangle (0,0) (0,3) (4,0)","Vertices marked with filled dots, sides drawn","[""coordinates"",""plotted-shape""]",Adaptly Primary Catalogue,0,,
pdl-0353,"Plotted parallelogram (0,0) (3,0) (5,2) (2,2)",Mathematics,Position and direction,Year 5,UKS2,diagram_a,"Plotted parallelogram (0,0) (3,0) (5,2) (2,2)","Vertices marked with filled dots, sides drawn","[""coordinates"",""plotted-shape""]",Adaptly Primary Catalogue,0,,
pdl-0354,Plotted reflected triangle in y-axis,Mathematics,Position and direction,Year 5,UKS2,diagram_a,Plotted reflected triangle in y-axis,"Vertices marked with filled dots, sides drawn","[""coordinates"",""plotted-shape""]",Adaptly Primary Catalogue,0,,
pdl-0355,"Plotted translated square +3 right, +2 up",Mathematics,Position and direction,Year 5,UKS2,diagram_a,"Plotted translated square +3 right, +2 up","Vertices marked with filled dots, sides drawn","[""coordinates"",""plotted-shape""]",Adaptly Primary Catalogue,0,,
pdl-0356,Plotted rotated triangle 90° about origin,Mathematics,Position and direction,Year 5,UKS2,diagram_a,Plotted rotated triangle 90° about origin,"Vertices marked with filled dots, sides drawn","[""coordinates"",""plotted-shape""]",Adaptly Primary Catalogue,0,,
pdl-0357,Angle — 30° (acute),Mathematics,Angles,Year 5,UKS2,diagram_a,Two rays from a common vertex forming a 30° (acute) angle. Arc shows the angle measured.,"Black rays, blue arc, degree label inside arc","[""angles"",""acute""]",Adaptly Primary Catalogue,0,,
pdl-0358,Angle — 45° (acute),Mathematics,Angles,Year 5,UKS2,diagram_a,Two rays from a common vertex forming a 45° (acute) angle. Arc shows the angle measured.,"Black rays, blue arc, degree label inside arc","[""angles"",""acute""]",Adaptly Primary Catalogue,0,,
pdl-0359,Angle — 60° (acute),Mathematics,Angles,Year 5,UKS2,diagram_a,Two rays from a common vertex forming a 60° (acute) angle. Arc shows the angle measured.,"Black rays, blue arc, degree label inside arc","[""angles"",""acute""]",Adaptly Primary Catalogue,0,,
pdl-0360,Angle — 90° (right),Mathematics,Angles,Year 5,UKS2,diagram_a,Two rays from a common vertex forming a 90° (right) angle. Arc shows the angle measured.,"Black rays, blue arc, degree label inside arc","[""angles"",""right""]",Adaptly Primary Catalogue,0,,
pdl-0361,Angle — 120° (obtuse),Mathematics,Angles,Year 5,UKS2,diagram_a,Two rays from a common vertex forming a 120° (obtuse) angle. Arc shows the angle measured.,"Black rays, blue arc, degree label inside arc","[""angles"",""obtuse""]",Adaptly Primary Catalogue,0,,
pdl-0362,Angle — 135° (obtuse),Mathematics,Angles,Year 5,UKS2,diagram_a,Two rays from a common vertex forming a 135° (obtuse) angle. Arc shows the angle measured.,"Black rays, blue arc, degree label inside arc","[""angles"",""obtuse""]",Adaptly Primary Catalogue,0,,
pdl-0363,Angle — 150° (obtuse),Mathematics,Angles,Year 5,UKS2,diagram_a,Two rays from a common vertex forming a 150° (obtuse) angle. Arc shows the angle measured.,"Black rays, blue arc, degree label inside arc","[""angles"",""obtuse""]",Adaptly Primary Catalogue,0,,
pdl-0364,Angle — 180° (straight),Mathematics,Angles,Year 5,UKS2,diagram_a,Two rays from a common vertex forming a 180° (straight) angle. Arc shows the angle measured.,"Black rays, blue arc, degree label inside arc","[""angles"",""straight""]",Adaptly Primary Catalogue,0,,
pdl-0365,Angle — 210° (reflex),Mathematics,Angles,Year 5,UKS2,diagram_a,Two rays from a common vertex forming a 210° (reflex) angle. Arc shows the angle measured.,"Black rays, blue arc, degree label inside arc","[""angles"",""reflex""]",Adaptly Primary Catalogue,0,,
pdl-0366,Angle — 270° (reflex),Mathematics,Angles,Year 5,UKS2,diagram_a,Two rays from a common vertex forming a 270° (reflex) angle. Arc shows the angle measured.,"Black rays, blue arc, degree label inside arc","[""angles"",""reflex""]",Adaptly Primary Catalogue,0,,
pdl-0367,Angle — 300° (reflex),Mathematics,Angles,Year 5,UKS2,diagram_a,Two rays from a common vertex forming a 300° (reflex) angle. Arc shows the angle measured.,"Black rays, blue arc, degree label inside arc","[""angles"",""reflex""]",Adaptly Primary Catalogue,0,,
pdl-0368,Angle — 360° (full turn),Mathematics,Angles,Year 5,UKS2,diagram_a,Two rays from a common vertex forming a 360° (full turn) angle. Arc shows the angle measured.,"Black rays, blue arc, degree label inside arc","[""angles"",""full-turn""]",Adaptly Primary Catalogue,0,,
pdl-0369,Protractor on 40° angle,Mathematics,Angles,Year 5,UKS2,diagram_a,Protractor on 40° angle,"Translucent protractor with double scale, baseline on lower ray","[""angles"",""protractor""]",Adaptly Primary Catalogue,0,,
pdl-0370,Protractor on 80° angle,Mathematics,Angles,Year 5,UKS2,diagram_a,Protractor on 80° angle,"Translucent protractor with double scale, baseline on lower ray","[""angles"",""protractor""]",Adaptly Primary Catalogue,0,,
pdl-0371,Protractor on 110° angle,Mathematics,Angles,Year 5,UKS2,diagram_a,Protractor on 110° angle,"Translucent protractor with double scale, baseline on lower ray","[""angles"",""protractor""]",Adaptly Primary Catalogue,0,,
pdl-0372,Protractor on 145° angle,Mathematics,Angles,Year 5,UKS2,diagram_a,Protractor on 145° angle,"Translucent protractor with double scale, baseline on lower ray","[""angles"",""protractor""]",Adaptly Primary Catalogue,0,,
pdl-0373,Net of a cube,Mathematics,3D shape,Year 5,UKS2,diagram_a,Flat net of a cube with fold lines dashed and tabs shaded.,"Solid lines for cuts, dashed lines for folds, glue tabs in pale grey","[""3d-shape"",""net"",""cube""]",Adaptly Primary Catalogue,0,,
pdl-0374,Net of a cuboid,Mathematics,3D shape,Year 5,UKS2,diagram_a,Flat net of a cuboid with fold lines dashed and tabs shaded.,"Solid lines for cuts, dashed lines for folds, glue tabs in pale grey","[""3d-shape"",""net"",""cuboid""]",Adaptly Primary Catalogue,0,,
pdl-0375,Net of a square-based pyramid,Mathematics,3D shape,Year 5,UKS2,diagram_a,Flat net of a square-based pyramid with fold lines dashed and tabs shaded.,"Solid lines for cuts, dashed lines for folds, glue tabs in pale grey","[""3d-shape"",""net"",""square-based-pyramid""]",Adaptly Primary Catalogue,0,,
pdl-0376,Net of a triangular prism,Mathematics,3D shape,Year 5,UKS2,diagram_a,Flat net of a triangular prism with fold lines dashed and tabs shaded.,"Solid lines for cuts, dashed lines for folds, glue tabs in pale grey","[""3d-shape"",""net"",""triangular-prism""]",Adaptly Primary Catalogue,0,,
pdl-0377,Net of a cone,Mathematics,3D shape,Year 5,UKS2,diagram_a,Flat net of a cone with fold lines dashed and tabs shaded.,"Solid lines for cuts, dashed lines for folds, glue tabs in pale grey","[""3d-shape"",""net"",""cone""]",Adaptly Primary Catalogue,0,,
pdl-0378,Net of a cylinder,Mathematics,3D shape,Year 5,UKS2,diagram_a,Flat net of a cylinder with fold lines dashed and tabs shaded.,"Solid lines for cuts, dashed lines for folds, glue tabs in pale grey","[""3d-shape"",""net"",""cylinder""]",Adaptly Primary Catalogue,0,,
pdl-0379,Net of a hexagonal prism,Mathematics,3D shape,Year 5,UKS2,diagram_a,Flat net of a hexagonal prism with fold lines dashed and tabs shaded.,"Solid lines for cuts, dashed lines for folds, glue tabs in pale grey","[""3d-shape"",""net"",""hexagonal-prism""]",Adaptly Primary Catalogue,0,,
pdl-0380,Net of a tetrahedron,Mathematics,3D shape,Year 5,UKS2,diagram_a,Flat net of a tetrahedron with fold lines dashed and tabs shaded.,"Solid lines for cuts, dashed lines for folds, glue tabs in pale grey","[""3d-shape"",""net"",""tetrahedron""]",Adaptly Primary Catalogue,0,,
pdl-0381,Net of a octahedron,Mathematics,3D shape,Year 5,UKS2,diagram_a,Flat net of a octahedron with fold lines dashed and tabs shaded.,"Solid lines for cuts, dashed lines for folds, glue tabs in pale grey","[""3d-shape"",""net"",""octahedron""]",Adaptly Primary Catalogue,0,,
pdl-0382,3D shape — cube,Mathematics,3D shape,Year 3,LKS2,diagram_a,3D shape — cube,"Soft shading, single light source from upper left, name in friendly sans-serif","[""3d-shape"",""isometric""]",Adaptly Primary Catalogue,0,,
pdl-0383,3D shape — cuboid,Mathematics,3D shape,Year 3,LKS2,diagram_a,3D shape — cuboid,"Soft shading, single light source from upper left, name in friendly sans-serif","[""3d-shape"",""isometric""]",Adaptly Primary Catalogue,0,,
pdl-0384,3D shape — sphere,Mathematics,3D shape,Year 3,LKS2,diagram_a,3D shape — sphere,"Soft shading, single light source from upper left, name in friendly sans-serif","[""3d-shape"",""isometric""]",Adaptly Primary Catalogue,0,,
pdl-0385,3D shape — cylinder,Mathematics,3D shape,Year 3,LKS2,diagram_a,3D shape — cylinder,"Soft shading, single light source from upper left, name in friendly sans-serif","[""3d-shape"",""isometric""]",Adaptly Primary Catalogue,0,,
pdl-0386,3D shape — cone,Mathematics,3D shape,Year 3,LKS2,diagram_a,3D shape — cone,"Soft shading, single light source from upper left, name in friendly sans-serif","[""3d-shape"",""isometric""]",Adaptly Primary Catalogue,0,,
pdl-0387,3D shape — square-based pyramid,Mathematics,3D shape,Year 3,LKS2,diagram_a,3D shape — square-based pyramid,"Soft shading, single light source from upper left, name in friendly sans-serif","[""3d-shape"",""isometric""]",Adaptly Primary Catalogue,0,,
pdl-0388,3D shape — triangular prism,Mathematics,3D shape,Year 3,LKS2,diagram_a,3D shape — triangular prism,"Soft shading, single light source from upper left, name in friendly sans-serif","[""3d-shape"",""isometric""]",Adaptly Primary Catalogue,0,,
pdl-0389,3D shape — hexagonal prism,Mathematics,3D shape,Year 3,LKS2,diagram_a,3D shape — hexagonal prism,"Soft shading, single light source from upper left, name in friendly sans-serif","[""3d-shape"",""isometric""]",Adaptly Primary Catalogue,0,,
pdl-0390,3D shape — tetrahedron,Mathematics,3D shape,Year 3,LKS2,diagram_a,3D shape — tetrahedron,"Soft shading, single light source from upper left, name in friendly sans-serif","[""3d-shape"",""isometric""]",Adaptly Primary Catalogue,0,,
pdl-0391,3D shape — torus,Mathematics,3D shape,Year 3,LKS2,diagram_a,3D shape — torus,"Soft shading, single light source from upper left, name in friendly sans-serif","[""3d-shape"",""isometric""]",Adaptly Primary Catalogue,0,,
pdl-0392,Cube building — volume 4 cm³,Mathematics,Volume,Year 5,UKS2,diagram_a,Isometric stack of unit cubes with total volume 4 cm³.,"Light/dark shading on top/right faces, blue fill","[""volume"",""unit-cube""]",Adaptly Primary Catalogue,0,,
pdl-0393,Cube building — volume 8 cm³,Mathematics,Volume,Year 5,UKS2,diagram_a,Isometric stack of unit cubes with total volume 8 cm³.,"Light/dark shading on top/right faces, blue fill","[""volume"",""unit-cube""]",Adaptly Primary Catalogue,0,,
pdl-0394,Cube building — volume 12 cm³,Mathematics,Volume,Year 5,UKS2,diagram_a,Isometric stack of unit cubes with total volume 12 cm³.,"Light/dark shading on top/right faces, blue fill","[""volume"",""unit-cube""]",Adaptly Primary Catalogue,0,,
pdl-0395,Cube building — volume 16 cm³,Mathematics,Volume,Year 5,UKS2,diagram_a,Isometric stack of unit cubes with total volume 16 cm³.,"Light/dark shading on top/right faces, blue fill","[""volume"",""unit-cube""]",Adaptly Primary Catalogue,0,,
pdl-0396,Cube building — volume 20 cm³,Mathematics,Volume,Year 5,UKS2,diagram_a,Isometric stack of unit cubes with total volume 20 cm³.,"Light/dark shading on top/right faces, blue fill","[""volume"",""unit-cube""]",Adaptly Primary Catalogue,0,,
pdl-0397,Cube building — volume 24 cm³,Mathematics,Volume,Year 5,UKS2,diagram_a,Isometric stack of unit cubes with total volume 24 cm³.,"Light/dark shading on top/right faces, blue fill","[""volume"",""unit-cube""]",Adaptly Primary Catalogue,0,,
pdl-0398,Cube building — volume 28 cm³,Mathematics,Volume,Year 5,UKS2,diagram_a,Isometric stack of unit cubes with total volume 28 cm³.,"Light/dark shading on top/right faces, blue fill","[""volume"",""unit-cube""]",Adaptly Primary Catalogue,0,,
pdl-0399,Cube building — volume 32 cm³,Mathematics,Volume,Year 5,UKS2,diagram_a,Isometric stack of unit cubes with total volume 32 cm³.,"Light/dark shading on top/right faces, blue fill","[""volume"",""unit-cube""]",Adaptly Primary Catalogue,0,,
pdl-0400,Cube building — volume 36 cm³,Mathematics,Volume,Year 5,UKS2,diagram_a,Isometric stack of unit cubes with total volume 36 cm³.,"Light/dark shading on top/right faces, blue fill","[""volume"",""unit-cube""]",Adaptly Primary Catalogue,0,,
pdl-0401,Cube building — volume 40 cm³,Mathematics,Volume,Year 5,UKS2,diagram_a,Isometric stack of unit cubes with total volume 40 cm³.,"Light/dark shading on top/right faces, blue fill","[""volume"",""unit-cube""]",Adaptly Primary Catalogue,0,,
pdl-0402,Composite area — L-shape 8×6 + 4×3,Mathematics,Area and perimeter,Year 6,UKS2,diagram_a,Composite area — L-shape 8×6 + 4×3,"Lengths in cm, dotted lines showing internal split, equal-arrow tick marks","[""area"",""composite-shape"",""perimeter""]",Adaptly Primary Catalogue,0,,
pdl-0403,Composite area — T-shape 10×4 + 4×6,Mathematics,Area and perimeter,Year 6,UKS2,diagram_a,Composite area — T-shape 10×4 + 4×6,"Lengths in cm, dotted lines showing internal split, equal-arrow tick marks","[""area"",""composite-shape"",""perimeter""]",Adaptly Primary Catalogue,0,,
pdl-0404,Composite area — H-shape,Mathematics,Area and perimeter,Year 6,UKS2,diagram_a,Composite area — H-shape,"Lengths in cm, dotted lines showing internal split, equal-arrow tick marks","[""area"",""composite-shape"",""perimeter""]",Adaptly Primary Catalogue,0,,
pdl-0405,Composite area — plus shape (+) 5×5 + four arms 2×3,Mathematics,Area and perimeter,Year 6,UKS2,diagram_a,Composite area — plus shape (+) 5×5 + four arms 2×3,"Lengths in cm, dotted lines showing internal split, equal-arrow tick marks","[""area"",""composite-shape"",""perimeter""]",Adaptly Primary Catalogue,0,,
pdl-0406,Composite area — rectangle minus square,Mathematics,Area and perimeter,Year 6,UKS2,diagram_a,Composite area — rectangle minus square,"Lengths in cm, dotted lines showing internal split, equal-arrow tick marks","[""area"",""composite-shape"",""perimeter""]",Adaptly Primary Catalogue,0,,
pdl-0407,Composite area — irregular pentagon (rectangle + triangle),Mathematics,Area and perimeter,Year 6,UKS2,diagram_a,Composite area — irregular pentagon (rectangle + triangle),"Lengths in cm, dotted lines showing internal split, equal-arrow tick marks","[""area"",""composite-shape"",""perimeter""]",Adaptly Primary Catalogue,0,,
pdl-0408,Pictogram — favourite fruit (4 categories),Mathematics,Statistics,Year 2,KS1,diagram_a,Pictogram — favourite fruit (4 categories),"Same icon repeated, equal spacing per row, key in box","[""statistics"",""pictogram""]",Adaptly Primary Catalogue,0,,
pdl-0409,Pictogram — sunny days last week,Mathematics,Statistics,Year 2,KS1,diagram_a,Pictogram — sunny days last week,"Same icon repeated, equal spacing per row, key in box","[""statistics"",""pictogram""]",Adaptly Primary Catalogue,0,,
pdl-0410,Pictogram — pets in our class,Mathematics,Statistics,Year 2,KS1,diagram_a,Pictogram — pets in our class,"Same icon repeated, equal spacing per row, key in box","[""statistics"",""pictogram""]",Adaptly Primary Catalogue,0,,
pdl-0411,Pictogram — favourite playground game,Mathematics,Statistics,Year 2,KS1,diagram_a,Pictogram — favourite playground game,"Same icon repeated, equal spacing per row, key in box","[""statistics"",""pictogram""]",Adaptly Primary Catalogue,0,,
pdl-0412,Bar chart — favourite colour,Mathematics,Statistics,Year 3,LKS2,diagram_a,Bar chart — favourite colour,"Coloured bars, gridlines every 2 units, axes titled and labelled","[""statistics"",""bar-chart""]",Adaptly Primary Catalogue,0,,
pdl-0413,Bar chart — minibeasts spotted in the garden,Mathematics,Statistics,Year 3,LKS2,diagram_a,Bar chart — minibeasts spotted in the garden,"Coloured bars, gridlines every 2 units, axes titled and labelled","[""statistics"",""bar-chart""]",Adaptly Primary Catalogue,0,,
pdl-0414,Bar chart — books read this term,Mathematics,Statistics,Year 3,LKS2,diagram_a,Bar chart — books read this term,"Coloured bars, gridlines every 2 units, axes titled and labelled","[""statistics"",""bar-chart""]",Adaptly Primary Catalogue,0,,
pdl-0415,Bar chart — weather days this month,Mathematics,Statistics,Year 3,LKS2,diagram_a,Bar chart — weather days this month,"Coloured bars, gridlines every 2 units, axes titled and labelled","[""statistics"",""bar-chart""]",Adaptly Primary Catalogue,0,,
pdl-0416,Line graph — temperature over a day,Mathematics,Statistics,Year 5,UKS2,diagram_a,Line graph — temperature over a day,"Single coloured line with dot markers, axes titled","[""statistics"",""line-graph""]",Adaptly Primary Catalogue,0,,
pdl-0417,Line graph — height of a sunflower over 8 weeks,Mathematics,Statistics,Year 5,UKS2,diagram_a,Line graph — height of a sunflower over 8 weeks,"Single coloured line with dot markers, axes titled","[""statistics"",""line-graph""]",Adaptly Primary Catalogue,0,,
pdl-0418,Line graph — pupil attendance per term,Mathematics,Statistics,Year 5,UKS2,diagram_a,Line graph — pupil attendance per term,"Single coloured line with dot markers, axes titled","[""statistics"",""line-graph""]",Adaptly Primary Catalogue,0,,
pdl-0419,Line graph — distance travelled vs time,Mathematics,Statistics,Year 5,UKS2,diagram_a,Line graph — distance travelled vs time,"Single coloured line with dot markers, axes titled","[""statistics"",""line-graph""]",Adaptly Primary Catalogue,0,,
pdl-0420,Pie chart — how we get to school,Mathematics,Statistics,Year 6,UKS2,diagram_a,Pie chart — how we get to school,"Soft palette, segment labels with leader lines if small","[""statistics"",""pie-chart""]",Adaptly Primary Catalogue,0,,
pdl-0421,Pie chart — favourite school subjects,Mathematics,Statistics,Year 6,UKS2,diagram_a,Pie chart — favourite school subjects,"Soft palette, segment labels with leader lines if small","[""statistics"",""pie-chart""]",Adaptly Primary Catalogue,0,,
pdl-0422,Pie chart — class lunch choices,Mathematics,Statistics,Year 6,UKS2,diagram_a,Pie chart — class lunch choices,"Soft palette, segment labels with leader lines if small","[""statistics"",""pie-chart""]",Adaptly Primary Catalogue,0,,
pdl-0423,Pie chart — screen time breakdown,Mathematics,Statistics,Year 6,UKS2,diagram_a,Pie chart — screen time breakdown,"Soft palette, segment labels with leader lines if small","[""statistics"",""pie-chart""]",Adaptly Primary Catalogue,0,,
pdl-0424,Pie chart — earnings split (50/30/20),Mathematics,Statistics,Year 6,UKS2,diagram_a,Pie chart — earnings split (50/30/20),"Soft palette, segment labels with leader lines if small","[""statistics"",""pie-chart""]",Adaptly Primary Catalogue,0,,
pdl-0425,Pie chart — class of 30 split into thirds,Mathematics,Statistics,Year 6,UKS2,diagram_a,Pie chart — class of 30 split into thirds,"Soft palette, segment labels with leader lines if small","[""statistics"",""pie-chart""]",Adaptly Primary Catalogue,0,,
pdl-0426,Function machine — × 2,Mathematics,Algebra (primary),Year 4,LKS2,diagram_a,"Function machine box with input arrow on left, operation label ""× 2"" inside, output arrow on right.","Cog/gear motif on box, arrows clearly directional","[""function-machine"",""algebra-primary""]",Adaptly Primary Catalogue,0,,
pdl-0427,Function machine — + 5,Mathematics,Algebra (primary),Year 4,LKS2,diagram_a,"Function machine box with input arrow on left, operation label ""+ 5"" inside, output arrow on right.","Cog/gear motif on box, arrows clearly directional","[""function-machine"",""algebra-primary""]",Adaptly Primary Catalogue,0,,
pdl-0428,Function machine — − 3,Mathematics,Algebra (primary),Year 4,LKS2,diagram_a,"Function machine box with input arrow on left, operation label ""− 3"" inside, output arrow on right.","Cog/gear motif on box, arrows clearly directional","[""function-machine"",""algebra-primary""]",Adaptly Primary Catalogue,0,,
pdl-0429,Function machine — ÷ 2,Mathematics,Algebra (primary),Year 4,LKS2,diagram_a,"Function machine box with input arrow on left, operation label ""÷ 2"" inside, output arrow on right.","Cog/gear motif on box, arrows clearly directional","[""function-machine"",""algebra-primary""]",Adaptly Primary Catalogue,0,,
pdl-0430,Function machine — × 10,Mathematics,Algebra (primary),Year 4,LKS2,diagram_a,"Function machine box with input arrow on left, operation label ""× 10"" inside, output arrow on right.","Cog/gear motif on box, arrows clearly directional","[""function-machine"",""algebra-primary""]",Adaptly Primary Catalogue,0,,
pdl-0431,Function machine — × 2 then + 1,Mathematics,Algebra (primary),Year 5,UKS2,diagram_a,"Function machine box with input arrow on left, operation label ""× 2 then + 1"" inside, output arrow on right.","Cog/gear motif on box, arrows clearly directional","[""function-machine"",""algebra-primary""]",Adaptly Primary Catalogue,0,,
pdl-0432,Function machine — + 4 then × 3,Mathematics,Algebra (primary),Year 5,UKS2,diagram_a,"Function machine box with input arrow on left, operation label ""+ 4 then × 3"" inside, output arrow on right.","Cog/gear motif on box, arrows clearly directional","[""function-machine"",""algebra-primary""]",Adaptly Primary Catalogue,0,,
pdl-0433,Function machine — × 5 then − 2,Mathematics,Algebra (primary),Year 6,UKS2,diagram_a,"Function machine box with input arrow on left, operation label ""× 5 then − 2"" inside, output arrow on right.","Cog/gear motif on box, arrows clearly directional","[""function-machine"",""algebra-primary""]",Adaptly Primary Catalogue,0,,
pdl-0434,Function machine — ÷ 4 then + 7,Mathematics,Algebra (primary),Year 6,UKS2,diagram_a,"Function machine box with input arrow on left, operation label ""÷ 4 then + 7"" inside, output arrow on right.","Cog/gear motif on box, arrows clearly directional","[""function-machine"",""algebra-primary""]",Adaptly Primary Catalogue,0,,
pdl-0435,Function machine — × n + 3,Mathematics,Algebra (primary),Year 6,UKS2,diagram_a,"Function machine box with input arrow on left, operation label ""× n + 3"" inside, output arrow on right.","Cog/gear motif on box, arrows clearly directional","[""function-machine"",""algebra-primary""]",Adaptly Primary Catalogue,0,,
pdl-0436,Spinner — 4 equal red/blue/green/yellow,Mathematics,Probability,Year 6,UKS2,diagram_a,Spinner — 4 equal red/blue/green/yellow,"Centre arrow on screw, clear sector labels","[""probability"",""spinner""]",Adaptly Primary Catalogue,0,,
pdl-0437,Spinner — 6 equal numbered 1..6,Mathematics,Probability,Year 6,UKS2,diagram_a,Spinner — 6 equal numbered 1..6,"Centre arrow on screw, clear sector labels","[""probability"",""spinner""]",Adaptly Primary Catalogue,0,,
pdl-0438,Spinner — 8 equal A/B/C/D repeated,Mathematics,Probability,Year 6,UKS2,diagram_a,Spinner — 8 equal A/B/C/D repeated,"Centre arrow on screw, clear sector labels","[""probability"",""spinner""]",Adaptly Primary Catalogue,0,,
pdl-0439,"Spinner — 1/2 red, 1/4 blue, 1/4 yellow",Mathematics,Probability,Year 6,UKS2,diagram_a,"Spinner — 1/2 red, 1/4 blue, 1/4 yellow","Centre arrow on screw, clear sector labels","[""probability"",""spinner""]",Adaptly Primary Catalogue,0,,
pdl-0440,"Spinner — 3/8 red, 5/8 blue",Mathematics,Probability,Year 6,UKS2,diagram_a,"Spinner — 3/8 red, 5/8 blue","Centre arrow on screw, clear sector labels","[""probability"",""spinner""]",Adaptly Primary Catalogue,0,,
pdl-0441,Spinner — odd/even split,Mathematics,Probability,Year 6,UKS2,diagram_a,Spinner — odd/even split,"Centre arrow on screw, clear sector labels","[""probability"",""spinner""]",Adaptly Primary Catalogue,0,,
pdl-0442,"Spinner — primes 2,3,5,7 out of 1..8",Mathematics,Probability,Year 6,UKS2,diagram_a,"Spinner — primes 2,3,5,7 out of 1..8","Centre arrow on screw, clear sector labels","[""probability"",""spinner""]",Adaptly Primary Catalogue,0,,
pdl-0443,Spinner — vowels vs consonants,Mathematics,Probability,Year 6,UKS2,diagram_a,Spinner — vowels vs consonants,"Centre arrow on screw, clear sector labels","[""probability"",""spinner""]",Adaptly Primary Catalogue,0,,
pdl-0444,"Spinner — 1/3 win, 2/3 lose",Mathematics,Probability,Year 6,UKS2,diagram_a,"Spinner — 1/3 win, 2/3 lose","Centre arrow on screw, clear sector labels","[""probability"",""spinner""]",Adaptly Primary Catalogue,0,,
pdl-0445,Spinner — fraction-shaded thirds,Mathematics,Probability,Year 6,UKS2,diagram_a,Spinner — fraction-shaded thirds,"Centre arrow on screw, clear sector labels","[""probability"",""spinner""]",Adaptly Primary Catalogue,0,,
pdl-0446,Reflection — triangle in y-axis,Mathematics,Position and direction,Year 6,UKS2,diagram_a,Reflection — triangle in y-axis,"Original shape blue, image red, mirror line/translation arrow shown","[""transformation""]",Adaptly Primary Catalogue,0,,
pdl-0447,Reflection — square in x-axis,Mathematics,Position and direction,Year 6,UKS2,diagram_a,Reflection — square in x-axis,"Original shape blue, image red, mirror line/translation arrow shown","[""transformation""]",Adaptly Primary Catalogue,0,,
pdl-0448,Reflection — letter F in y = x,Mathematics,Position and direction,Year 6,UKS2,diagram_a,Reflection — letter F in y = x,"Original shape blue, image red, mirror line/translation arrow shown","[""transformation""]",Adaptly Primary Catalogue,0,,
pdl-0449,Translation — triangle 3 right 2 up,Mathematics,Position and direction,Year 6,UKS2,diagram_a,Translation — triangle 3 right 2 up,"Original shape blue, image red, mirror line/translation arrow shown","[""transformation""]",Adaptly Primary Catalogue,0,,
pdl-0450,Translation — pentagon 4 right 1 down,Mathematics,Position and direction,Year 6,UKS2,diagram_a,Translation — pentagon 4 right 1 down,"Original shape blue, image red, mirror line/translation arrow shown","[""transformation""]",Adaptly Primary Catalogue,0,,
pdl-0451,Translation — kite 2 left 5 down,Mathematics,Position and direction,Year 6,UKS2,diagram_a,Translation — kite 2 left 5 down,"Original shape blue, image red, mirror line/translation arrow shown","[""transformation""]",Adaptly Primary Catalogue,0,,
pdl-0452,Rotation — triangle 90° clockwise about origin,Mathematics,Position and direction,Year 6,UKS2,diagram_a,Rotation — triangle 90° clockwise about origin,"Original shape blue, image red, mirror line/translation arrow shown","[""transformation""]",Adaptly Primary Catalogue,0,,
pdl-0453,"Rotation — square 180° about (3,3)",Mathematics,Position and direction,Year 6,UKS2,diagram_a,"Rotation — square 180° about (3,3)","Original shape blue, image red, mirror line/translation arrow shown","[""transformation""]",Adaptly Primary Catalogue,0,,
pdl-0454,Rotation — kite 270° clockwise,Mathematics,Position and direction,Year 6,UKS2,diagram_a,Rotation — kite 270° clockwise,"Original shape blue, image red, mirror line/translation arrow shown","[""transformation""]",Adaptly Primary Catalogue,0,,
pdl-0455,Combined — reflect then translate,Mathematics,Position and direction,Year 6,UKS2,diagram_a,Combined — reflect then translate,"Original shape blue, image red, mirror line/translation arrow shown","[""transformation""]",Adaptly Primary Catalogue,0,,
pdl-0456,Combined — translate then rotate,Mathematics,Position and direction,Year 6,UKS2,diagram_a,Combined — translate then rotate,"Original shape blue, image red, mirror line/translation arrow shown","[""transformation""]",Adaptly Primary Catalogue,0,,
pdl-0457,Symmetry — pentagon with 1 line of symmetry,Mathematics,Position and direction,Year 6,UKS2,diagram_a,Symmetry — pentagon with 1 line of symmetry,"Original shape blue, image red, mirror line/translation arrow shown","[""transformation""]",Adaptly Primary Catalogue,0,,
pdl-0458,Symmetry — square (4 lines),Mathematics,Symmetry,Year 4,LKS2,diagram_a,Symmetry — square (4 lines),"Bold shape outline, dashed mirror lines in red","[""symmetry""]",Adaptly Primary Catalogue,0,,
pdl-0459,Symmetry — equilateral triangle (3 lines),Mathematics,Symmetry,Year 4,LKS2,diagram_a,Symmetry — equilateral triangle (3 lines),"Bold shape outline, dashed mirror lines in red","[""symmetry""]",Adaptly Primary Catalogue,0,,
pdl-0460,Symmetry — rectangle (2 lines),Mathematics,Symmetry,Year 4,LKS2,diagram_a,Symmetry — rectangle (2 lines),"Bold shape outline, dashed mirror lines in red","[""symmetry""]",Adaptly Primary Catalogue,0,,
pdl-0461,Symmetry — isosceles triangle (1 line),Mathematics,Symmetry,Year 4,LKS2,diagram_a,Symmetry — isosceles triangle (1 line),"Bold shape outline, dashed mirror lines in red","[""symmetry""]",Adaptly Primary Catalogue,0,,
pdl-0462,Symmetry — regular hexagon (6 lines),Mathematics,Symmetry,Year 4,LKS2,diagram_a,Symmetry — regular hexagon (6 lines),"Bold shape outline, dashed mirror lines in red","[""symmetry""]",Adaptly Primary Catalogue,0,,
pdl-0463,Symmetry — regular pentagon (5 lines),Mathematics,Symmetry,Year 4,LKS2,diagram_a,Symmetry — regular pentagon (5 lines),"Bold shape outline, dashed mirror lines in red","[""symmetry""]",Adaptly Primary Catalogue,0,,
pdl-0464,"Symmetry — circle (infinite, draw 4 to suggest)",Mathematics,Symmetry,Year 4,LKS2,diagram_a,"Symmetry — circle (infinite, draw 4 to suggest)","Bold shape outline, dashed mirror lines in red","[""symmetry""]",Adaptly Primary Catalogue,0,,
pdl-0465,Symmetry — kite (1 line),Mathematics,Symmetry,Year 4,LKS2,diagram_a,Symmetry — kite (1 line),"Bold shape outline, dashed mirror lines in red","[""symmetry""]",Adaptly Primary Catalogue,0,,
pdl-0466,Symmetry — letter A (1 line),Mathematics,Symmetry,Year 4,LKS2,diagram_a,Symmetry — letter A (1 line),"Bold shape outline, dashed mirror lines in red","[""symmetry""]",Adaptly Primary Catalogue,0,,
pdl-0467,Symmetry — letter H (2 lines),Mathematics,Symmetry,Year 4,LKS2,diagram_a,Symmetry — letter H (2 lines),"Bold shape outline, dashed mirror lines in red","[""symmetry""]",Adaptly Primary Catalogue,0,,
pdl-0468,"Money scene — bakery with bun 30p, cake £1.20, biscuit 25p",Mathematics,Money,Year 3,LKS2,diagram_a,"Money scene — bakery with bun 30p, cake £1.20, biscuit 25p","Friendly shopkeeper, hand-drawn price labels, bright shelves","[""money"",""word-problem"",""scene""]",Adaptly Primary Catalogue,0,,
pdl-0469,"Money scene — toy shop with car £3.50, ball £1.99, doll £4.25",Mathematics,Money,Year 3,LKS2,diagram_a,"Money scene — toy shop with car £3.50, ball £1.99, doll £4.25","Friendly shopkeeper, hand-drawn price labels, bright shelves","[""money"",""word-problem"",""scene""]",Adaptly Primary Catalogue,0,,
pdl-0470,"Money scene — café menu with toast, juice, fruit",Mathematics,Money,Year 3,LKS2,diagram_a,"Money scene — café menu with toast, juice, fruit","Friendly shopkeeper, hand-drawn price labels, bright shelves","[""money"",""word-problem"",""scene""]",Adaptly Primary Catalogue,0,,
pdl-0471,"Money scene — book fair with paperback, comic, pencil",Mathematics,Money,Year 3,LKS2,diagram_a,"Money scene — book fair with paperback, comic, pencil","Friendly shopkeeper, hand-drawn price labels, bright shelves","[""money"",""word-problem"",""scene""]",Adaptly Primary Catalogue,0,,
pdl-0472,Money scene — supermarket fruit aisle,Mathematics,Money,Year 3,LKS2,diagram_a,Money scene — supermarket fruit aisle,"Friendly shopkeeper, hand-drawn price labels, bright shelves","[""money"",""word-problem"",""scene""]",Adaptly Primary Catalogue,0,,
pdl-0473,Money scene — school fete tombola,Mathematics,Money,Year 3,LKS2,diagram_a,Money scene — school fete tombola,"Friendly shopkeeper, hand-drawn price labels, bright shelves","[""money"",""word-problem"",""scene""]",Adaptly Primary Catalogue,0,,
pdl-0474,Ruler — pencil 12 cm,Mathematics,Measurement (length),Year 2,KS1,diagram_a,Ruler — pencil 12 cm,"Realistic 30 cm ruler, mm and cm marks, object pencilled below","[""length"",""ruler"",""cm""]",Adaptly Primary Catalogue,0,,
pdl-0475,Ruler — crayon 7 cm,Mathematics,Measurement (length),Year 2,KS1,diagram_a,Ruler — crayon 7 cm,"Realistic 30 cm ruler, mm and cm marks, object pencilled below","[""length"",""ruler"",""cm""]",Adaptly Primary Catalogue,0,,
pdl-0476,Ruler — paperclip 4 cm,Mathematics,Measurement (length),Year 2,KS1,diagram_a,Ruler — paperclip 4 cm,"Realistic 30 cm ruler, mm and cm marks, object pencilled below","[""length"",""ruler"",""cm""]",Adaptly Primary Catalogue,0,,
pdl-0477,Ruler — leaf 9 cm,Mathematics,Measurement (length),Year 2,KS1,diagram_a,Ruler — leaf 9 cm,"Realistic 30 cm ruler, mm and cm marks, object pencilled below","[""length"",""ruler"",""cm""]",Adaptly Primary Catalogue,0,,
pdl-0478,Ruler — ribbon 18 cm,Mathematics,Measurement (length),Year 2,KS1,diagram_a,Ruler — ribbon 18 cm,"Realistic 30 cm ruler, mm and cm marks, object pencilled below","[""length"",""ruler"",""cm""]",Adaptly Primary Catalogue,0,,
pdl-0479,Ruler — stick of glue 11 cm,Mathematics,Measurement (length),Year 2,KS1,diagram_a,Ruler — stick of glue 11 cm,"Realistic 30 cm ruler, mm and cm marks, object pencilled below","[""length"",""ruler"",""cm""]",Adaptly Primary Catalogue,0,,
pdl-0480,Scales — 250 g flour,Mathematics,Measurement (mass),Year 3,LKS2,diagram_a,Scales — 250 g flour,"Round dial with 0–1 kg in 100 g intervals, red needle","[""mass"",""scales"",""grams""]",Adaptly Primary Catalogue,0,,
pdl-0481,Scales — 400 g rice,Mathematics,Measurement (mass),Year 3,LKS2,diagram_a,Scales — 400 g rice,"Round dial with 0–1 kg in 100 g intervals, red needle","[""mass"",""scales"",""grams""]",Adaptly Primary Catalogue,0,,
pdl-0482,Scales — 750 g sugar,Mathematics,Measurement (mass),Year 3,LKS2,diagram_a,Scales — 750 g sugar,"Round dial with 0–1 kg in 100 g intervals, red needle","[""mass"",""scales"",""grams""]",Adaptly Primary Catalogue,0,,
pdl-0483,Scales — 1 kg oats,Mathematics,Measurement (mass),Year 3,LKS2,diagram_a,Scales — 1 kg oats,"Round dial with 0–1 kg in 100 g intervals, red needle","[""mass"",""scales"",""grams""]",Adaptly Primary Catalogue,0,,
pdl-0484,Scales — 350 g potatoes,Mathematics,Measurement (mass),Year 3,LKS2,diagram_a,Scales — 350 g potatoes,"Round dial with 0–1 kg in 100 g intervals, red needle","[""mass"",""scales"",""grams""]",Adaptly Primary Catalogue,0,,
pdl-0485,Scales — 600 g pasta,Mathematics,Measurement (mass),Year 3,LKS2,diagram_a,Scales — 600 g pasta,"Round dial with 0–1 kg in 100 g intervals, red needle","[""mass"",""scales"",""grams""]",Adaptly Primary Catalogue,0,,
pdl-0486,Jug — 250 ml,Mathematics,Measurement (capacity),Year 3,LKS2,diagram_a,Jug — 250 ml,"Clear jug outline, blue water, scale marks every 100 ml","[""capacity"",""jug"",""ml""]",Adaptly Primary Catalogue,0,,
pdl-0487,Jug — 500 ml,Mathematics,Measurement (capacity),Year 3,LKS2,diagram_a,Jug — 500 ml,"Clear jug outline, blue water, scale marks every 100 ml","[""capacity"",""jug"",""ml""]",Adaptly Primary Catalogue,0,,
pdl-0488,Jug — 750 ml,Mathematics,Measurement (capacity),Year 3,LKS2,diagram_a,Jug — 750 ml,"Clear jug outline, blue water, scale marks every 100 ml","[""capacity"",""jug"",""ml""]",Adaptly Primary Catalogue,0,,
pdl-0489,Jug — 1 L (1000 ml),Mathematics,Measurement (capacity),Year 3,LKS2,diagram_a,Jug — 1 L (1000 ml),"Clear jug outline, blue water, scale marks every 100 ml","[""capacity"",""jug"",""ml""]",Adaptly Primary Catalogue,0,,
pdl-0490,Jug — 350 ml,Mathematics,Measurement (capacity),Year 3,LKS2,diagram_a,Jug — 350 ml,"Clear jug outline, blue water, scale marks every 100 ml","[""capacity"",""jug"",""ml""]",Adaptly Primary Catalogue,0,,
pdl-0491,Jug — 925 ml,Mathematics,Measurement (capacity),Year 3,LKS2,diagram_a,Jug — 925 ml,"Clear jug outline, blue water, scale marks every 100 ml","[""capacity"",""jug"",""ml""]",Adaptly Primary Catalogue,0,,
pdl-0492,Thermometer — 20 °C,Mathematics,Measurement (temperature),Year 4,LKS2,diagram_a,Thermometer — 20 °C,"Bulb at base, scale −20 to 50 in 5 °C steps","[""temperature"",""thermometer""]",Adaptly Primary Catalogue,0,,
pdl-0493,Thermometer — 0 °C,Mathematics,Measurement (temperature),Year 4,LKS2,diagram_a,Thermometer — 0 °C,"Bulb at base, scale −20 to 50 in 5 °C steps","[""temperature"",""thermometer""]",Adaptly Primary Catalogue,0,,
pdl-0494,Thermometer — −5 °C,Mathematics,Measurement (temperature),Year 4,LKS2,diagram_a,Thermometer — −5 °C,"Bulb at base, scale −20 to 50 in 5 °C steps","[""temperature"",""thermometer""]",Adaptly Primary Catalogue,0,,
pdl-0495,Thermometer — 35 °C,Mathematics,Measurement (temperature),Year 4,LKS2,diagram_a,Thermometer — 35 °C,"Bulb at base, scale −20 to 50 in 5 °C steps","[""temperature"",""thermometer""]",Adaptly Primary Catalogue,0,,
pdl-0496,Thermometer — −15 °C (compare),Mathematics,Measurement (temperature),Year 4,LKS2,diagram_a,Thermometer — −15 °C (compare),"Bulb at base, scale −20 to 50 in 5 °C steps","[""temperature"",""thermometer""]",Adaptly Primary Catalogue,0,,
pdl-0497,Thermometer — 12 °C,Mathematics,Measurement (temperature),Year 4,LKS2,diagram_a,Thermometer — 12 °C,"Bulb at base, scale −20 to 50 in 5 °C steps","[""temperature"",""thermometer""]",Adaptly Primary Catalogue,0,,
pdl-0498,Thermometer — 28 °C,Mathematics,Measurement (temperature),Year 4,LKS2,diagram_a,Thermometer — 28 °C,"Bulb at base, scale −20 to 50 in 5 °C steps","[""temperature"",""thermometer""]",Adaptly Primary Catalogue,0,,
pdl-0499,Thermometer — 45 °C,Mathematics,Measurement (temperature),Year 4,LKS2,diagram_a,Thermometer — 45 °C,"Bulb at base, scale −20 to 50 in 5 °C steps","[""temperature"",""thermometer""]",Adaptly Primary Catalogue,0,,
pdl-0500,BIDMAS step-by-step — 6 + 4 × 3,Mathematics,Order of operations,Year 6,UKS2,diagram_a,BIDMAS step-by-step — 6 + 4 × 3,"Each step in its own row, operation highlighted in colour","[""BIDMAS"",""BODMAS"",""order-of-operations""]",Adaptly Primary Catalogue,0,,
pdl-0501,BIDMAS step-by-step — (6 + 4) × 3,Mathematics,Order of operations,Year 6,UKS2,diagram_a,BIDMAS step-by-step — (6 + 4) × 3,"Each step in its own row, operation highlighted in colour","[""BIDMAS"",""BODMAS"",""order-of-operations""]",Adaptly Primary Catalogue,0,,
pdl-0502,BIDMAS step-by-step — 18 ÷ 2 + 5,Mathematics,Order of operations,Year 6,UKS2,diagram_a,BIDMAS step-by-step — 18 ÷ 2 + 5,"Each step in its own row, operation highlighted in colour","[""BIDMAS"",""BODMAS"",""order-of-operations""]",Adaptly Primary Catalogue,0,,
pdl-0503,BIDMAS step-by-step — 3² + 4 × 2,Mathematics,Order of operations,Year 6,UKS2,diagram_a,BIDMAS step-by-step — 3² + 4 × 2,"Each step in its own row, operation highlighted in colour","[""BIDMAS"",""BODMAS"",""order-of-operations""]",Adaptly Primary Catalogue,0,,
pdl-0504,BIDMAS step-by-step — 24 − (3 + 5) × 2,Mathematics,Order of operations,Year 6,UKS2,diagram_a,BIDMAS step-by-step — 24 − (3 + 5) × 2,"Each step in its own row, operation highlighted in colour","[""BIDMAS"",""BODMAS"",""order-of-operations""]",Adaptly Primary Catalogue,0,,
pdl-0505,BIDMAS step-by-step — 100 ÷ (4 × 5),Mathematics,Order of operations,Year 6,UKS2,diagram_a,BIDMAS step-by-step — 100 ÷ (4 × 5),"Each step in its own row, operation highlighted in colour","[""BIDMAS"",""BODMAS"",""order-of-operations""]",Adaptly Primary Catalogue,0,,
pdl-0506,Number line −10..10,Mathematics,Negative numbers,Year 5,UKS2,diagram_a,Number line −10..10,"Zero marked with bold tick, negative side blue, positive red","[""negative-numbers"",""number-line""]",Adaptly Primary Catalogue,0,,
pdl-0507,Number line −20..20 step 2,Mathematics,Negative numbers,Year 5,UKS2,diagram_a,Number line −20..20 step 2,"Zero marked with bold tick, negative side blue, positive red","[""negative-numbers"",""number-line""]",Adaptly Primary Catalogue,0,,
pdl-0508,Number line −5..5,Mathematics,Negative numbers,Year 5,UKS2,diagram_a,Number line −5..5,"Zero marked with bold tick, negative side blue, positive red","[""negative-numbers"",""number-line""]",Adaptly Primary Catalogue,0,,
pdl-0509,Number line −15..15 with arrow on −7,Mathematics,Negative numbers,Year 5,UKS2,diagram_a,Number line −15..15 with arrow on −7,"Zero marked with bold tick, negative side blue, positive red","[""negative-numbers"",""number-line""]",Adaptly Primary Catalogue,0,,
pdl-0510,Number line −10..10 with arrow on +4,Mathematics,Negative numbers,Year 5,UKS2,diagram_a,Number line −10..10 with arrow on +4,"Zero marked with bold tick, negative side blue, positive red","[""negative-numbers"",""number-line""]",Adaptly Primary Catalogue,0,,
pdl-0511,Tally chart — class lunches,Mathematics,Statistics,Year 3,LKS2,diagram_a,Tally chart — class lunches,"Five-bar gates, totals column shaded","[""statistics"",""tally""]",Adaptly Primary Catalogue,0,,
pdl-0512,Tally chart — bird species in 10 minutes,Mathematics,Statistics,Year 3,LKS2,diagram_a,Tally chart — bird species in 10 minutes,"Five-bar gates, totals column shaded","[""statistics"",""tally""]",Adaptly Primary Catalogue,0,,
pdl-0513,Tally chart — colour of cars passing,Mathematics,Statistics,Year 3,LKS2,diagram_a,Tally chart — colour of cars passing,"Five-bar gates, totals column shaded","[""statistics"",""tally""]",Adaptly Primary Catalogue,0,,
pdl-0514,Tally chart — fruits eaten at break,Mathematics,Statistics,Year 3,LKS2,diagram_a,Tally chart — fruits eaten at break,"Five-bar gates, totals column shaded","[""statistics"",""tally""]",Adaptly Primary Catalogue,0,,
pdl-0515,Tally chart — hairstyles (sample survey),Mathematics,Statistics,Year 3,LKS2,diagram_a,Tally chart — hairstyles (sample survey),"Five-bar gates, totals column shaded","[""statistics"",""tally""]",Adaptly Primary Catalogue,0,,
pdl-0516,Egg trays — 6 trays of 6 eggs,Mathematics,Multiplication and division,Year 3,LKS2,diagram_a,Egg trays — 6 trays of 6 eggs,Real object motif with grid overlay,"[""multiplication"",""real-life"",""array""]",Adaptly Primary Catalogue,0,,
pdl-0517,Sweet boxes — 4 boxes of 8 sweets,Mathematics,Multiplication and division,Year 3,LKS2,diagram_a,Sweet boxes — 4 boxes of 8 sweets,Real object motif with grid overlay,"[""multiplication"",""real-life"",""array""]",Adaptly Primary Catalogue,0,,
pdl-0518,Pencil packs — 5 packs of 12 pencils,Mathematics,Multiplication and division,Year 3,LKS2,diagram_a,Pencil packs — 5 packs of 12 pencils,Real object motif with grid overlay,"[""multiplication"",""real-life"",""array""]",Adaptly Primary Catalogue,0,,
pdl-0519,Tile floor — 8 rows of 10 tiles,Mathematics,Multiplication and division,Year 3,LKS2,diagram_a,Tile floor — 8 rows of 10 tiles,Real object motif with grid overlay,"[""multiplication"",""real-life"",""array""]",Adaptly Primary Catalogue,0,,
pdl-0520,Buttons — 7 cards of 4 buttons,Mathematics,Multiplication and division,Year 3,LKS2,diagram_a,Buttons — 7 cards of 4 buttons,Real object motif with grid overlay,"[""multiplication"",""real-life"",""array""]",Adaptly Primary Catalogue,0,,
pdl-0521,Apples crate — 9 layers of 3 apples,Mathematics,Multiplication and division,Year 3,LKS2,diagram_a,Apples crate — 9 layers of 3 apples,Real object motif with grid overlay,"[""multiplication"",""real-life"",""array""]",Adaptly Primary Catalogue,0,,
pdl-0522,Stickers sheet — 12 rows of 4 stickers,Mathematics,Multiplication and division,Year 3,LKS2,diagram_a,Stickers sheet — 12 rows of 4 stickers,Real object motif with grid overlay,"[""multiplication"",""real-life"",""array""]",Adaptly Primary Catalogue,0,,
pdl-0523,Biscuit pack — 6 columns of 5 biscuits,Mathematics,Multiplication and division,Year 3,LKS2,diagram_a,Biscuit pack — 6 columns of 5 biscuits,Real object motif with grid overlay,"[""multiplication"",""real-life"",""array""]",Adaptly Primary Catalogue,0,,
pdl-0524,Number formation — 0,Mathematics,Number formation,Year 1,KS1,diagram_a,The digit 0 drawn with sequenced arrows showing the correct stroke order for handwriting.,"Large digit in pale outline, red arrows numbered 1, 2 (and 3 if needed)","[""handwriting"",""number-formation"",""EYFS-Y1""]",Adaptly Primary Catalogue,0,,
pdl-0525,Number formation — 1,Mathematics,Number formation,Year 1,KS1,diagram_a,The digit 1 drawn with sequenced arrows showing the correct stroke order for handwriting.,"Large digit in pale outline, red arrows numbered 1, 2 (and 3 if needed)","[""handwriting"",""number-formation"",""EYFS-Y1""]",Adaptly Primary Catalogue,0,,
pdl-0526,Number formation — 2,Mathematics,Number formation,Year 1,KS1,diagram_a,The digit 2 drawn with sequenced arrows showing the correct stroke order for handwriting.,"Large digit in pale outline, red arrows numbered 1, 2 (and 3 if needed)","[""handwriting"",""number-formation"",""EYFS-Y1""]",Adaptly Primary Catalogue,0,,
pdl-0527,Number formation — 3,Mathematics,Number formation,Year 1,KS1,diagram_a,The digit 3 drawn with sequenced arrows showing the correct stroke order for handwriting.,"Large digit in pale outline, red arrows numbered 1, 2 (and 3 if needed)","[""handwriting"",""number-formation"",""EYFS-Y1""]",Adaptly Primary Catalogue,0,,
pdl-0528,Number formation — 4,Mathematics,Number formation,Year 1,KS1,diagram_a,The digit 4 drawn with sequenced arrows showing the correct stroke order for handwriting.,"Large digit in pale outline, red arrows numbered 1, 2 (and 3 if needed)","[""handwriting"",""number-formation"",""EYFS-Y1""]",Adaptly Primary Catalogue,0,,
pdl-0529,Number formation — 5,Mathematics,Number formation,Year 1,KS1,diagram_a,The digit 5 drawn with sequenced arrows showing the correct stroke order for handwriting.,"Large digit in pale outline, red arrows numbered 1, 2 (and 3 if needed)","[""handwriting"",""number-formation"",""EYFS-Y1""]",Adaptly Primary Catalogue,0,,
pdl-0530,Number formation — 6,Mathematics,Number formation,Year 1,KS1,diagram_a,The digit 6 drawn with sequenced arrows showing the correct stroke order for handwriting.,"Large digit in pale outline, red arrows numbered 1, 2 (and 3 if needed)","[""handwriting"",""number-formation"",""EYFS-Y1""]",Adaptly Primary Catalogue,0,,
pdl-0531,Number formation — 7,Mathematics,Number formation,Year 1,KS1,diagram_a,The digit 7 drawn with sequenced arrows showing the correct stroke order for handwriting.,"Large digit in pale outline, red arrows numbered 1, 2 (and 3 if needed)","[""handwriting"",""number-formation"",""EYFS-Y1""]",Adaptly Primary Catalogue,0,,
pdl-0532,Number formation — 8,Mathematics,Number formation,Year 1,KS1,diagram_a,The digit 8 drawn with sequenced arrows showing the correct stroke order for handwriting.,"Large digit in pale outline, red arrows numbered 1, 2 (and 3 if needed)","[""handwriting"",""number-formation"",""EYFS-Y1""]",Adaptly Primary Catalogue,0,,
pdl-0533,Number formation — 9,Mathematics,Number formation,Year 1,KS1,diagram_a,The digit 9 drawn with sequenced arrows showing the correct stroke order for handwriting.,"Large digit in pale outline, red arrows numbered 1, 2 (and 3 if needed)","[""handwriting"",""number-formation"",""EYFS-Y1""]",Adaptly Primary Catalogue,0,,
pdl-0534,Rounding — 47 to nearest 10,Mathematics,Rounding,Year 4,LKS2,diagram_a,Rounding — 47 to nearest 10,Highlighted nearest-multiple ticks in green,"[""rounding""]",Adaptly Primary Catalogue,0,,
pdl-0535,Rounding — 152 to nearest 10,Mathematics,Rounding,Year 4,LKS2,diagram_a,Rounding — 152 to nearest 10,Highlighted nearest-multiple ticks in green,"[""rounding""]",Adaptly Primary Catalogue,0,,
pdl-0536,Rounding — 264 to nearest 100,Mathematics,Rounding,Year 4,LKS2,diagram_a,Rounding — 264 to nearest 100,Highlighted nearest-multiple ticks in green,"[""rounding""]",Adaptly Primary Catalogue,0,,
pdl-0537,Rounding — 850 to nearest 100,Mathematics,Rounding,Year 4,LKS2,diagram_a,Rounding — 850 to nearest 100,Highlighted nearest-multiple ticks in green,"[""rounding""]",Adaptly Primary Catalogue,0,,
pdl-0538,Rounding — 1450 to nearest 1000,Mathematics,Rounding,Year 4,LKS2,diagram_a,Rounding — 1450 to nearest 1000,Highlighted nearest-multiple ticks in green,"[""rounding""]",Adaptly Primary Catalogue,0,,
pdl-0539,Rounding — 7825 to nearest 1000,Mathematics,Rounding,Year 4,LKS2,diagram_a,Rounding — 7825 to nearest 1000,Highlighted nearest-multiple ticks in green,"[""rounding""]",Adaptly Primary Catalogue,0,,
pdl-0540,Rounding — 12 350 to nearest 10 000,Mathematics,Rounding,Year 4,LKS2,diagram_a,Rounding — 12 350 to nearest 10 000,Highlighted nearest-multiple ticks in green,"[""rounding""]",Adaptly Primary Catalogue,0,,
pdl-0541,Rounding — 49 999 to nearest 10 000,Mathematics,Rounding,Year 4,LKS2,diagram_a,Rounding — 49 999 to nearest 10 000,Highlighted nearest-multiple ticks in green,"[""rounding""]",Adaptly Primary Catalogue,0,,
pdl-0542,Compass grid — 4-point N/E/S/W,Mathematics,Position and direction,Year 4,LKS2,diagram_a,Compass grid — 4-point N/E/S/W,"Compass rose in upper right, child icon central","[""compass"",""direction"",""grid""]",Adaptly Primary Catalogue,0,,
pdl-0543,Compass grid — 8-point with NE/SE/SW/NW,Mathematics,Position and direction,Year 4,LKS2,diagram_a,Compass grid — 8-point with NE/SE/SW/NW,"Compass rose in upper right, child icon central","[""compass"",""direction"",""grid""]",Adaptly Primary Catalogue,0,,
pdl-0544,Compass grid — Logo robot path,Mathematics,Position and direction,Year 4,LKS2,diagram_a,Compass grid — Logo robot path,"Compass rose in upper right, child icon central","[""compass"",""direction"",""grid""]",Adaptly Primary Catalogue,0,,
pdl-0545,Compass grid — treasure map mini,Mathematics,Position and direction,Year 4,LKS2,diagram_a,Compass grid — treasure map mini,"Compass rose in upper right, child icon central","[""compass"",""direction"",""grid""]",Adaptly Primary Catalogue,0,,
pdl-0546,Counting in 2s — number track 0 to 24,Mathematics,Counting and place value,Year 2,KS1,diagram_a,Number track marked 0 to 24 with multiples of 2 highlighted.,"Multiples shaded yellow, others plain","[""counting-on"",""count-in-2s"",""skip-counting""]",Adaptly Primary Catalogue,0,,
pdl-0547,Counting in 5s — number track 0 to 60,Mathematics,Counting and place value,Year 2,KS1,diagram_a,Number track marked 0 to 60 with multiples of 5 highlighted.,"Multiples shaded yellow, others plain","[""counting-on"",""count-in-5s"",""skip-counting""]",Adaptly Primary Catalogue,0,,
pdl-0548,Counting in 10s — number track 0 to 120,Mathematics,Counting and place value,Year 1,KS1,diagram_a,Number track marked 0 to 120 with multiples of 10 highlighted.,"Multiples shaded yellow, others plain","[""counting-on"",""count-in-10s"",""skip-counting""]",Adaptly Primary Catalogue,0,,
pdl-0549,Phoneme card — s (snake hissing),English,Phonics,Year 1,KS1,diagram_a,"Card showing the grapheme ""s"" large at top, a friendly illustration of ""snake hissing"" below, and the example word printed underneath.","Letter in pale outline with stroke arrows, illustration in cartoon style, example word in handwriting font","[""phonics"",""phoneme"",""grapheme"",""KS1"",""Letters-and-Sounds""]",Adaptly Primary Catalogue,0,,
pdl-0550,Phoneme card — a (apple),English,Phonics,Year 1,KS1,diagram_a,"Card showing the grapheme ""a"" large at top, a friendly illustration of ""apple"" below, and the example word printed underneath.","Letter in pale outline with stroke arrows, illustration in cartoon style, example word in handwriting font","[""phonics"",""phoneme"",""grapheme"",""KS1"",""Letters-and-Sounds""]",Adaptly Primary Catalogue,0,,
pdl-0551,Phoneme card — t (tap),English,Phonics,Year 1,KS1,diagram_a,"Card showing the grapheme ""t"" large at top, a friendly illustration of ""tap"" below, and the example word printed underneath.","Letter in pale outline with stroke arrows, illustration in cartoon style, example word in handwriting font","[""phonics"",""phoneme"",""grapheme"",""KS1"",""Letters-and-Sounds""]",Adaptly Primary Catalogue,0,,
pdl-0552,Phoneme card — p (pencil),English,Phonics,Year 1,KS1,diagram_a,"Card showing the grapheme ""p"" large at top, a friendly illustration of ""pencil"" below, and the example word printed underneath.","Letter in pale outline with stroke arrows, illustration in cartoon style, example word in handwriting font","[""phonics"",""phoneme"",""grapheme"",""KS1"",""Letters-and-Sounds""]",Adaptly Primary Catalogue,0,,
pdl-0553,Phoneme card — i (insect),English,Phonics,Year 1,KS1,diagram_a,"Card showing the grapheme ""i"" large at top, a friendly illustration of ""insect"" below, and the example word printed underneath.","Letter in pale outline with stroke arrows, illustration in cartoon style, example word in handwriting font","[""phonics"",""phoneme"",""grapheme"",""KS1"",""Letters-and-Sounds""]",Adaptly Primary Catalogue,0,,
pdl-0554,Phoneme card — n (net),English,Phonics,Year 1,KS1,diagram_a,"Card showing the grapheme ""n"" large at top, a friendly illustration of ""net"" below, and the example word printed underneath.","Letter in pale outline with stroke arrows, illustration in cartoon style, example word in handwriting font","[""phonics"",""phoneme"",""grapheme"",""KS1"",""Letters-and-Sounds""]",Adaptly Primary Catalogue,0,,
pdl-0555,Phoneme card — m (mouse),English,Phonics,Year 1,KS1,diagram_a,"Card showing the grapheme ""m"" large at top, a friendly illustration of ""mouse"" below, and the example word printed underneath.","Letter in pale outline with stroke arrows, illustration in cartoon style, example word in handwriting font","[""phonics"",""phoneme"",""grapheme"",""KS1"",""Letters-and-Sounds""]",Adaptly Primary Catalogue,0,,
pdl-0556,Phoneme card — d (dog),English,Phonics,Year 1,KS1,diagram_a,"Card showing the grapheme ""d"" large at top, a friendly illustration of ""dog"" below, and the example word printed underneath.","Letter in pale outline with stroke arrows, illustration in cartoon style, example word in handwriting font","[""phonics"",""phoneme"",""grapheme"",""KS1"",""Letters-and-Sounds""]",Adaptly Primary Catalogue,0,,
pdl-0557,Phoneme card — g (girl),English,Phonics,Year 1,KS1,diagram_a,"Card showing the grapheme ""g"" large at top, a friendly illustration of ""girl"" below, and the example word printed underneath.","Letter in pale outline with stroke arrows, illustration in cartoon style, example word in handwriting font","[""phonics"",""phoneme"",""grapheme"",""KS1"",""Letters-and-Sounds""]",Adaptly Primary Catalogue,0,,
pdl-0558,Phoneme card — o (octopus),English,Phonics,Year 1,KS1,diagram_a,"Card showing the grapheme ""o"" large at top, a friendly illustration of ""octopus"" below, and the example word printed underneath.","Letter in pale outline with stroke arrows, illustration in cartoon style, example word in handwriting font","[""phonics"",""phoneme"",""grapheme"",""KS1"",""Letters-and-Sounds""]",Adaptly Primary Catalogue,0,,
pdl-0559,Phoneme card — c (cat),English,Phonics,Year 1,KS1,diagram_a,"Card showing the grapheme ""c"" large at top, a friendly illustration of ""cat"" below, and the example word printed underneath.","Letter in pale outline with stroke arrows, illustration in cartoon style, example word in handwriting font","[""phonics"",""phoneme"",""grapheme"",""KS1"",""Letters-and-Sounds""]",Adaptly Primary Catalogue,0,,
pdl-0560,Phoneme card — k (kite),English,Phonics,Year 1,KS1,diagram_a,"Card showing the grapheme ""k"" large at top, a friendly illustration of ""kite"" below, and the example word printed underneath.","Letter in pale outline with stroke arrows, illustration in cartoon style, example word in handwriting font","[""phonics"",""phoneme"",""grapheme"",""KS1"",""Letters-and-Sounds""]",Adaptly Primary Catalogue,0,,
pdl-0561,Phoneme card — ck (duck),English,Phonics,Year 1,KS1,diagram_a,"Card showing the grapheme ""ck"" large at top, a friendly illustration of ""duck"" below, and the example word printed underneath.","Letter in pale outline with stroke arrows, illustration in cartoon style, example word in handwriting font","[""phonics"",""phoneme"",""grapheme"",""KS1"",""Letters-and-Sounds""]",Adaptly Primary Catalogue,0,,
pdl-0562,Phoneme card — e (egg),English,Phonics,Year 1,KS1,diagram_a,"Card showing the grapheme ""e"" large at top, a friendly illustration of ""egg"" below, and the example word printed underneath.","Letter in pale outline with stroke arrows, illustration in cartoon style, example word in handwriting font","[""phonics"",""phoneme"",""grapheme"",""KS1"",""Letters-and-Sounds""]",Adaptly Primary Catalogue,0,,
pdl-0563,Phoneme card — u (umbrella),English,Phonics,Year 1,KS1,diagram_a,"Card showing the grapheme ""u"" large at top, a friendly illustration of ""umbrella"" below, and the example word printed underneath.","Letter in pale outline with stroke arrows, illustration in cartoon style, example word in handwriting font","[""phonics"",""phoneme"",""grapheme"",""KS1"",""Letters-and-Sounds""]",Adaptly Primary Catalogue,0,,
pdl-0564,Phoneme card — r (rabbit),English,Phonics,Year 1,KS1,diagram_a,"Card showing the grapheme ""r"" large at top, a friendly illustration of ""rabbit"" below, and the example word printed underneath.","Letter in pale outline with stroke arrows, illustration in cartoon style, example word in handwriting font","[""phonics"",""phoneme"",""grapheme"",""KS1"",""Letters-and-Sounds""]",Adaptly Primary Catalogue,0,,
pdl-0565,Phoneme card — h (hat),English,Phonics,Year 1,KS1,diagram_a,"Card showing the grapheme ""h"" large at top, a friendly illustration of ""hat"" below, and the example word printed underneath.","Letter in pale outline with stroke arrows, illustration in cartoon style, example word in handwriting font","[""phonics"",""phoneme"",""grapheme"",""KS1"",""Letters-and-Sounds""]",Adaptly Primary Catalogue,0,,
pdl-0566,Phoneme card — b (bee),English,Phonics,Year 1,KS1,diagram_a,"Card showing the grapheme ""b"" large at top, a friendly illustration of ""bee"" below, and the example word printed underneath.","Letter in pale outline with stroke arrows, illustration in cartoon style, example word in handwriting font","[""phonics"",""phoneme"",""grapheme"",""KS1"",""Letters-and-Sounds""]",Adaptly Primary Catalogue,0,,
pdl-0567,Phoneme card — f (fish),English,Phonics,Year 1,KS1,diagram_a,"Card showing the grapheme ""f"" large at top, a friendly illustration of ""fish"" below, and the example word printed underneath.","Letter in pale outline with stroke arrows, illustration in cartoon style, example word in handwriting font","[""phonics"",""phoneme"",""grapheme"",""KS1"",""Letters-and-Sounds""]",Adaptly Primary Catalogue,0,,
pdl-0568,Phoneme card — l (lion),English,Phonics,Year 1,KS1,diagram_a,"Card showing the grapheme ""l"" large at top, a friendly illustration of ""lion"" below, and the example word printed underneath.","Letter in pale outline with stroke arrows, illustration in cartoon style, example word in handwriting font","[""phonics"",""phoneme"",""grapheme"",""KS1"",""Letters-and-Sounds""]",Adaptly Primary Catalogue,0,,
pdl-0569,Phoneme card — ch (chair),English,Phonics,Year 1,KS1,diagram_a,"Card showing the grapheme ""ch"" large at top, a friendly illustration of ""chair"" below, and the example word printed underneath.","Letter in pale outline with stroke arrows, illustration in cartoon style, example word in handwriting font","[""phonics"",""phoneme"",""grapheme"",""KS1"",""Letters-and-Sounds""]",Adaptly Primary Catalogue,0,,
pdl-0570,Phoneme card — sh (shop),English,Phonics,Year 1,KS1,diagram_a,"Card showing the grapheme ""sh"" large at top, a friendly illustration of ""shop"" below, and the example word printed underneath.","Letter in pale outline with stroke arrows, illustration in cartoon style, example word in handwriting font","[""phonics"",""phoneme"",""grapheme"",""KS1"",""Letters-and-Sounds""]",Adaptly Primary Catalogue,0,,
pdl-0571,Phoneme card — th (voiced) (the),English,Phonics,Year 1,KS1,diagram_a,"Card showing the grapheme ""th (voiced)"" large at top, a friendly illustration of ""the"" below, and the example word printed underneath.","Letter in pale outline with stroke arrows, illustration in cartoon style, example word in handwriting font","[""phonics"",""phoneme"",""grapheme"",""KS1"",""Letters-and-Sounds""]",Adaptly Primary Catalogue,0,,
pdl-0572,Phoneme card — th (unvoiced) (thumb),English,Phonics,Year 1,KS1,diagram_a,"Card showing the grapheme ""th (unvoiced)"" large at top, a friendly illustration of ""thumb"" below, and the example word printed underneath.","Letter in pale outline with stroke arrows, illustration in cartoon style, example word in handwriting font","[""phonics"",""phoneme"",""grapheme"",""KS1"",""Letters-and-Sounds""]",Adaptly Primary Catalogue,0,,
pdl-0573,Phoneme card — ng (ring),English,Phonics,Year 1,KS1,diagram_a,"Card showing the grapheme ""ng"" large at top, a friendly illustration of ""ring"" below, and the example word printed underneath.","Letter in pale outline with stroke arrows, illustration in cartoon style, example word in handwriting font","[""phonics"",""phoneme"",""grapheme"",""KS1"",""Letters-and-Sounds""]",Adaptly Primary Catalogue,0,,
pdl-0574,Phoneme card — ai (snail),English,Phonics,Year 1,KS1,diagram_a,"Card showing the grapheme ""ai"" large at top, a friendly illustration of ""snail"" below, and the example word printed underneath.","Letter in pale outline with stroke arrows, illustration in cartoon style, example word in handwriting font","[""phonics"",""phoneme"",""grapheme"",""KS1"",""Letters-and-Sounds""]",Adaptly Primary Catalogue,0,,
pdl-0575,Phoneme card — ee (tree),English,Phonics,Year 1,KS1,diagram_a,"Card showing the grapheme ""ee"" large at top, a friendly illustration of ""tree"" below, and the example word printed underneath.","Letter in pale outline with stroke arrows, illustration in cartoon style, example word in handwriting font","[""phonics"",""phoneme"",""grapheme"",""KS1"",""Letters-and-Sounds""]",Adaptly Primary Catalogue,0,,
pdl-0576,Phoneme card — igh (light),English,Phonics,Year 1,KS1,diagram_a,"Card showing the grapheme ""igh"" large at top, a friendly illustration of ""light"" below, and the example word printed underneath.","Letter in pale outline with stroke arrows, illustration in cartoon style, example word in handwriting font","[""phonics"",""phoneme"",""grapheme"",""KS1"",""Letters-and-Sounds""]",Adaptly Primary Catalogue,0,,
pdl-0577,Phoneme card — oa (boat),English,Phonics,Year 1,KS1,diagram_a,"Card showing the grapheme ""oa"" large at top, a friendly illustration of ""boat"" below, and the example word printed underneath.","Letter in pale outline with stroke arrows, illustration in cartoon style, example word in handwriting font","[""phonics"",""phoneme"",""grapheme"",""KS1"",""Letters-and-Sounds""]",Adaptly Primary Catalogue,0,,
pdl-0578,Phoneme card — oo (long) (moon),English,Phonics,Year 1,KS1,diagram_a,"Card showing the grapheme ""oo (long)"" large at top, a friendly illustration of ""moon"" below, and the example word printed underneath.","Letter in pale outline with stroke arrows, illustration in cartoon style, example word in handwriting font","[""phonics"",""phoneme"",""grapheme"",""KS1"",""Letters-and-Sounds""]",Adaptly Primary Catalogue,0,,
pdl-0579,Phoneme card — oo (short) (book),English,Phonics,Year 1,KS1,diagram_a,"Card showing the grapheme ""oo (short)"" large at top, a friendly illustration of ""book"" below, and the example word printed underneath.","Letter in pale outline with stroke arrows, illustration in cartoon style, example word in handwriting font","[""phonics"",""phoneme"",""grapheme"",""KS1"",""Letters-and-Sounds""]",Adaptly Primary Catalogue,0,,
pdl-0580,Phoneme card — ar (star),English,Phonics,Year 1,KS1,diagram_a,"Card showing the grapheme ""ar"" large at top, a friendly illustration of ""star"" below, and the example word printed underneath.","Letter in pale outline with stroke arrows, illustration in cartoon style, example word in handwriting font","[""phonics"",""phoneme"",""grapheme"",""KS1"",""Letters-and-Sounds""]",Adaptly Primary Catalogue,0,,
pdl-0581,Phoneme card — or (fork),English,Phonics,Year 1,KS1,diagram_a,"Card showing the grapheme ""or"" large at top, a friendly illustration of ""fork"" below, and the example word printed underneath.","Letter in pale outline with stroke arrows, illustration in cartoon style, example word in handwriting font","[""phonics"",""phoneme"",""grapheme"",""KS1"",""Letters-and-Sounds""]",Adaptly Primary Catalogue,0,,
pdl-0582,Phoneme card — ur (burger),English,Phonics,Year 1,KS1,diagram_a,"Card showing the grapheme ""ur"" large at top, a friendly illustration of ""burger"" below, and the example word printed underneath.","Letter in pale outline with stroke arrows, illustration in cartoon style, example word in handwriting font","[""phonics"",""phoneme"",""grapheme"",""KS1"",""Letters-and-Sounds""]",Adaptly Primary Catalogue,0,,
pdl-0583,Phoneme card — ow (cow),English,Phonics,Year 1,KS1,diagram_a,"Card showing the grapheme ""ow"" large at top, a friendly illustration of ""cow"" below, and the example word printed underneath.","Letter in pale outline with stroke arrows, illustration in cartoon style, example word in handwriting font","[""phonics"",""phoneme"",""grapheme"",""KS1"",""Letters-and-Sounds""]",Adaptly Primary Catalogue,0,,
pdl-0584,Phoneme card — oi (coin),English,Phonics,Year 1,KS1,diagram_a,"Card showing the grapheme ""oi"" large at top, a friendly illustration of ""coin"" below, and the example word printed underneath.","Letter in pale outline with stroke arrows, illustration in cartoon style, example word in handwriting font","[""phonics"",""phoneme"",""grapheme"",""KS1"",""Letters-and-Sounds""]",Adaptly Primary Catalogue,0,,
pdl-0585,Phoneme card — ear (ear),English,Phonics,Year 1,KS1,diagram_a,"Card showing the grapheme ""ear"" large at top, a friendly illustration of ""ear"" below, and the example word printed underneath.","Letter in pale outline with stroke arrows, illustration in cartoon style, example word in handwriting font","[""phonics"",""phoneme"",""grapheme"",""KS1"",""Letters-and-Sounds""]",Adaptly Primary Catalogue,0,,
pdl-0586,Phoneme card — air (chair),English,Phonics,Year 1,KS1,diagram_a,"Card showing the grapheme ""air"" large at top, a friendly illustration of ""chair"" below, and the example word printed underneath.","Letter in pale outline with stroke arrows, illustration in cartoon style, example word in handwriting font","[""phonics"",""phoneme"",""grapheme"",""KS1"",""Letters-and-Sounds""]",Adaptly Primary Catalogue,0,,
pdl-0587,Phoneme card — ure (treasure),English,Phonics,Year 1,KS1,diagram_a,"Card showing the grapheme ""ure"" large at top, a friendly illustration of ""treasure"" below, and the example word printed underneath.","Letter in pale outline with stroke arrows, illustration in cartoon style, example word in handwriting font","[""phonics"",""phoneme"",""grapheme"",""KS1"",""Letters-and-Sounds""]",Adaptly Primary Catalogue,0,,
pdl-0588,Phoneme card — er (hammer),English,Phonics,Year 1,KS1,diagram_a,"Card showing the grapheme ""er"" large at top, a friendly illustration of ""hammer"" below, and the example word printed underneath.","Letter in pale outline with stroke arrows, illustration in cartoon style, example word in handwriting font","[""phonics"",""phoneme"",""grapheme"",""KS1"",""Letters-and-Sounds""]",Adaptly Primary Catalogue,0,,
pdl-0589,Phoneme card — ay (tray),English,Phonics,Year 1,KS1,diagram_a,"Card showing the grapheme ""ay"" large at top, a friendly illustration of ""tray"" below, and the example word printed underneath.","Letter in pale outline with stroke arrows, illustration in cartoon style, example word in handwriting font","[""phonics"",""phoneme"",""grapheme"",""KS1"",""Letters-and-Sounds""]",Adaptly Primary Catalogue,0,,
pdl-0590,Phoneme card — ou (house),English,Phonics,Year 1,KS1,diagram_a,"Card showing the grapheme ""ou"" large at top, a friendly illustration of ""house"" below, and the example word printed underneath.","Letter in pale outline with stroke arrows, illustration in cartoon style, example word in handwriting font","[""phonics"",""phoneme"",""grapheme"",""KS1"",""Letters-and-Sounds""]",Adaptly Primary Catalogue,0,,
pdl-0591,Phoneme card — ie (pie),English,Phonics,Year 1,KS1,diagram_a,"Card showing the grapheme ""ie"" large at top, a friendly illustration of ""pie"" below, and the example word printed underneath.","Letter in pale outline with stroke arrows, illustration in cartoon style, example word in handwriting font","[""phonics"",""phoneme"",""grapheme"",""KS1"",""Letters-and-Sounds""]",Adaptly Primary Catalogue,0,,
pdl-0592,Phoneme card — ea (leaf),English,Phonics,Year 1,KS1,diagram_a,"Card showing the grapheme ""ea"" large at top, a friendly illustration of ""leaf"" below, and the example word printed underneath.","Letter in pale outline with stroke arrows, illustration in cartoon style, example word in handwriting font","[""phonics"",""phoneme"",""grapheme"",""KS1"",""Letters-and-Sounds""]",Adaptly Primary Catalogue,0,,
pdl-0593,Phoneme card — oy (boy),English,Phonics,Year 1,KS1,diagram_a,"Card showing the grapheme ""oy"" large at top, a friendly illustration of ""boy"" below, and the example word printed underneath.","Letter in pale outline with stroke arrows, illustration in cartoon style, example word in handwriting font","[""phonics"",""phoneme"",""grapheme"",""KS1"",""Letters-and-Sounds""]",Adaptly Primary Catalogue,0,,
pdl-0594,Phoneme card — ir (girl),English,Phonics,Year 1,KS1,diagram_a,"Card showing the grapheme ""ir"" large at top, a friendly illustration of ""girl"" below, and the example word printed underneath.","Letter in pale outline with stroke arrows, illustration in cartoon style, example word in handwriting font","[""phonics"",""phoneme"",""grapheme"",""KS1"",""Letters-and-Sounds""]",Adaptly Primary Catalogue,0,,
pdl-0595,Phoneme card — ue (blue),English,Phonics,Year 1,KS1,diagram_a,"Card showing the grapheme ""ue"" large at top, a friendly illustration of ""blue"" below, and the example word printed underneath.","Letter in pale outline with stroke arrows, illustration in cartoon style, example word in handwriting font","[""phonics"",""phoneme"",""grapheme"",""KS1"",""Letters-and-Sounds""]",Adaptly Primary Catalogue,0,,
pdl-0596,Phoneme card — aw (claw),English,Phonics,Year 1,KS1,diagram_a,"Card showing the grapheme ""aw"" large at top, a friendly illustration of ""claw"" below, and the example word printed underneath.","Letter in pale outline with stroke arrows, illustration in cartoon style, example word in handwriting font","[""phonics"",""phoneme"",""grapheme"",""KS1"",""Letters-and-Sounds""]",Adaptly Primary Catalogue,0,,
pdl-0597,Phoneme card — wh (whale),English,Phonics,Year 1,KS1,diagram_a,"Card showing the grapheme ""wh"" large at top, a friendly illustration of ""whale"" below, and the example word printed underneath.","Letter in pale outline with stroke arrows, illustration in cartoon style, example word in handwriting font","[""phonics"",""phoneme"",""grapheme"",""KS1"",""Letters-and-Sounds""]",Adaptly Primary Catalogue,0,,
pdl-0598,Phoneme card — ph (phone),English,Phonics,Year 1,KS1,diagram_a,"Card showing the grapheme ""ph"" large at top, a friendly illustration of ""phone"" below, and the example word printed underneath.","Letter in pale outline with stroke arrows, illustration in cartoon style, example word in handwriting font","[""phonics"",""phoneme"",""grapheme"",""KS1"",""Letters-and-Sounds""]",Adaptly Primary Catalogue,0,,
pdl-0599,Phoneme card — ew (stew),English,Phonics,Year 1,KS1,diagram_a,"Card showing the grapheme ""ew"" large at top, a friendly illustration of ""stew"" below, and the example word printed underneath.","Letter in pale outline with stroke arrows, illustration in cartoon style, example word in handwriting font","[""phonics"",""phoneme"",""grapheme"",""KS1"",""Letters-and-Sounds""]",Adaptly Primary Catalogue,0,,
pdl-0600,Phoneme card — oe (toe),English,Phonics,Year 1,KS1,diagram_a,"Card showing the grapheme ""oe"" large at top, a friendly illustration of ""toe"" below, and the example word printed underneath.","Letter in pale outline with stroke arrows, illustration in cartoon style, example word in handwriting font","[""phonics"",""phoneme"",""grapheme"",""KS1"",""Letters-and-Sounds""]",Adaptly Primary Catalogue,0,,
pdl-0601,Phoneme card — au (sauce),English,Phonics,Year 1,KS1,diagram_a,"Card showing the grapheme ""au"" large at top, a friendly illustration of ""sauce"" below, and the example word printed underneath.","Letter in pale outline with stroke arrows, illustration in cartoon style, example word in handwriting font","[""phonics"",""phoneme"",""grapheme"",""KS1"",""Letters-and-Sounds""]",Adaptly Primary Catalogue,0,,
pdl-0602,Phoneme card — ey (key),English,Phonics,Year 1,KS1,diagram_a,"Card showing the grapheme ""ey"" large at top, a friendly illustration of ""key"" below, and the example word printed underneath.","Letter in pale outline with stroke arrows, illustration in cartoon style, example word in handwriting font","[""phonics"",""phoneme"",""grapheme"",""KS1"",""Letters-and-Sounds""]",Adaptly Primary Catalogue,0,,
pdl-0603,Phoneme card — a-e (cake),English,Phonics,Year 1,KS1,diagram_a,"Card showing the grapheme ""a-e"" large at top, a friendly illustration of ""cake"" below, and the example word printed underneath.","Letter in pale outline with stroke arrows, illustration in cartoon style, example word in handwriting font","[""phonics"",""phoneme"",""grapheme"",""KS1"",""Letters-and-Sounds""]",Adaptly Primary Catalogue,0,,
pdl-0604,Phoneme card — i-e (bike),English,Phonics,Year 1,KS1,diagram_a,"Card showing the grapheme ""i-e"" large at top, a friendly illustration of ""bike"" below, and the example word printed underneath.","Letter in pale outline with stroke arrows, illustration in cartoon style, example word in handwriting font","[""phonics"",""phoneme"",""grapheme"",""KS1"",""Letters-and-Sounds""]",Adaptly Primary Catalogue,0,,
pdl-0605,Phoneme card — o-e (bone),English,Phonics,Year 1,KS1,diagram_a,"Card showing the grapheme ""o-e"" large at top, a friendly illustration of ""bone"" below, and the example word printed underneath.","Letter in pale outline with stroke arrows, illustration in cartoon style, example word in handwriting font","[""phonics"",""phoneme"",""grapheme"",""KS1"",""Letters-and-Sounds""]",Adaptly Primary Catalogue,0,,
pdl-0606,Phoneme card — u-e (tune),English,Phonics,Year 1,KS1,diagram_a,"Card showing the grapheme ""u-e"" large at top, a friendly illustration of ""tune"" below, and the example word printed underneath.","Letter in pale outline with stroke arrows, illustration in cartoon style, example word in handwriting font","[""phonics"",""phoneme"",""grapheme"",""KS1"",""Letters-and-Sounds""]",Adaptly Primary Catalogue,0,,
pdl-0607,Phoneme card — e-e (Pete),English,Phonics,Year 1,KS1,diagram_a,"Card showing the grapheme ""e-e"" large at top, a friendly illustration of ""Pete"" below, and the example word printed underneath.","Letter in pale outline with stroke arrows, illustration in cartoon style, example word in handwriting font","[""phonics"",""phoneme"",""grapheme"",""KS1"",""Letters-and-Sounds""]",Adaptly Primary Catalogue,0,,
pdl-0608,Phoneme card — ce (ice),English,Phonics,Year 1,KS1,diagram_a,"Card showing the grapheme ""ce"" large at top, a friendly illustration of ""ice"" below, and the example word printed underneath.","Letter in pale outline with stroke arrows, illustration in cartoon style, example word in handwriting font","[""phonics"",""phoneme"",""grapheme"",""KS1"",""Letters-and-Sounds""]",Adaptly Primary Catalogue,0,,
pdl-0609,Phoneme card — ge (cage),English,Phonics,Year 1,KS1,diagram_a,"Card showing the grapheme ""ge"" large at top, a friendly illustration of ""cage"" below, and the example word printed underneath.","Letter in pale outline with stroke arrows, illustration in cartoon style, example word in handwriting font","[""phonics"",""phoneme"",""grapheme"",""KS1"",""Letters-and-Sounds""]",Adaptly Primary Catalogue,0,,
pdl-0610,Letter formation — lowercase a,English,Handwriting,Year 1,KS1,diagram_a,Lowercase letter a shown large with numbered red arrows for the stroke order; dotted starting position; baseline and x-height guides.,"Pale letter outline with bold red sequence arrows, dashed handwriting guidelines","[""handwriting"",""letter-formation"",""lowercase"",""KS1""]",Adaptly Primary Catalogue,0,,
pdl-0611,Letter formation — lowercase b,English,Handwriting,Year 1,KS1,diagram_a,Lowercase letter b shown large with numbered red arrows for the stroke order; dotted starting position; baseline and x-height guides.,"Pale letter outline with bold red sequence arrows, dashed handwriting guidelines","[""handwriting"",""letter-formation"",""lowercase"",""KS1""]",Adaptly Primary Catalogue,0,,
pdl-0612,Letter formation — lowercase c,English,Handwriting,Year 1,KS1,diagram_a,Lowercase letter c shown large with numbered red arrows for the stroke order; dotted starting position; baseline and x-height guides.,"Pale letter outline with bold red sequence arrows, dashed handwriting guidelines","[""handwriting"",""letter-formation"",""lowercase"",""KS1""]",Adaptly Primary Catalogue,0,,
pdl-0613,Letter formation — lowercase d,English,Handwriting,Year 1,KS1,diagram_a,Lowercase letter d shown large with numbered red arrows for the stroke order; dotted starting position; baseline and x-height guides.,"Pale letter outline with bold red sequence arrows, dashed handwriting guidelines","[""handwriting"",""letter-formation"",""lowercase"",""KS1""]",Adaptly Primary Catalogue,0,,
pdl-0614,Letter formation — lowercase e,English,Handwriting,Year 1,KS1,diagram_a,Lowercase letter e shown large with numbered red arrows for the stroke order; dotted starting position; baseline and x-height guides.,"Pale letter outline with bold red sequence arrows, dashed handwriting guidelines","[""handwriting"",""letter-formation"",""lowercase"",""KS1""]",Adaptly Primary Catalogue,0,,
pdl-0615,Letter formation — lowercase f,English,Handwriting,Year 1,KS1,diagram_a,Lowercase letter f shown large with numbered red arrows for the stroke order; dotted starting position; baseline and x-height guides.,"Pale letter outline with bold red sequence arrows, dashed handwriting guidelines","[""handwriting"",""letter-formation"",""lowercase"",""KS1""]",Adaptly Primary Catalogue,0,,
pdl-0616,Letter formation — lowercase g,English,Handwriting,Year 1,KS1,diagram_a,Lowercase letter g shown large with numbered red arrows for the stroke order; dotted starting position; baseline and x-height guides.,"Pale letter outline with bold red sequence arrows, dashed handwriting guidelines","[""handwriting"",""letter-formation"",""lowercase"",""KS1""]",Adaptly Primary Catalogue,0,,
pdl-0617,Letter formation — lowercase h,English,Handwriting,Year 1,KS1,diagram_a,Lowercase letter h shown large with numbered red arrows for the stroke order; dotted starting position; baseline and x-height guides.,"Pale letter outline with bold red sequence arrows, dashed handwriting guidelines","[""handwriting"",""letter-formation"",""lowercase"",""KS1""]",Adaptly Primary Catalogue,0,,
pdl-0618,Letter formation — lowercase i,English,Handwriting,Year 1,KS1,diagram_a,Lowercase letter i shown large with numbered red arrows for the stroke order; dotted starting position; baseline and x-height guides.,"Pale letter outline with bold red sequence arrows, dashed handwriting guidelines","[""handwriting"",""letter-formation"",""lowercase"",""KS1""]",Adaptly Primary Catalogue,0,,
pdl-0619,Letter formation — lowercase j,English,Handwriting,Year 1,KS1,diagram_a,Lowercase letter j shown large with numbered red arrows for the stroke order; dotted starting position; baseline and x-height guides.,"Pale letter outline with bold red sequence arrows, dashed handwriting guidelines","[""handwriting"",""letter-formation"",""lowercase"",""KS1""]",Adaptly Primary Catalogue,0,,
pdl-0620,Letter formation — lowercase k,English,Handwriting,Year 1,KS1,diagram_a,Lowercase letter k shown large with numbered red arrows for the stroke order; dotted starting position; baseline and x-height guides.,"Pale letter outline with bold red sequence arrows, dashed handwriting guidelines","[""handwriting"",""letter-formation"",""lowercase"",""KS1""]",Adaptly Primary Catalogue,0,,
pdl-0621,Letter formation — lowercase l,English,Handwriting,Year 1,KS1,diagram_a,Lowercase letter l shown large with numbered red arrows for the stroke order; dotted starting position; baseline and x-height guides.,"Pale letter outline with bold red sequence arrows, dashed handwriting guidelines","[""handwriting"",""letter-formation"",""lowercase"",""KS1""]",Adaptly Primary Catalogue,0,,
pdl-0622,Letter formation — lowercase m,English,Handwriting,Year 1,KS1,diagram_a,Lowercase letter m shown large with numbered red arrows for the stroke order; dotted starting position; baseline and x-height guides.,"Pale letter outline with bold red sequence arrows, dashed handwriting guidelines","[""handwriting"",""letter-formation"",""lowercase"",""KS1""]",Adaptly Primary Catalogue,0,,
pdl-0623,Letter formation — lowercase n,English,Handwriting,Year 1,KS1,diagram_a,Lowercase letter n shown large with numbered red arrows for the stroke order; dotted starting position; baseline and x-height guides.,"Pale letter outline with bold red sequence arrows, dashed handwriting guidelines","[""handwriting"",""letter-formation"",""lowercase"",""KS1""]",Adaptly Primary Catalogue,0,,
pdl-0624,Letter formation — lowercase o,English,Handwriting,Year 1,KS1,diagram_a,Lowercase letter o shown large with numbered red arrows for the stroke order; dotted starting position; baseline and x-height guides.,"Pale letter outline with bold red sequence arrows, dashed handwriting guidelines","[""handwriting"",""letter-formation"",""lowercase"",""KS1""]",Adaptly Primary Catalogue,0,,
pdl-0625,Letter formation — lowercase p,English,Handwriting,Year 1,KS1,diagram_a,Lowercase letter p shown large with numbered red arrows for the stroke order; dotted starting position; baseline and x-height guides.,"Pale letter outline with bold red sequence arrows, dashed handwriting guidelines","[""handwriting"",""letter-formation"",""lowercase"",""KS1""]",Adaptly Primary Catalogue,0,,
pdl-0626,Letter formation — lowercase q,English,Handwriting,Year 1,KS1,diagram_a,Lowercase letter q shown large with numbered red arrows for the stroke order; dotted starting position; baseline and x-height guides.,"Pale letter outline with bold red sequence arrows, dashed handwriting guidelines","[""handwriting"",""letter-formation"",""lowercase"",""KS1""]",Adaptly Primary Catalogue,0,,
pdl-0627,Letter formation — lowercase r,English,Handwriting,Year 1,KS1,diagram_a,Lowercase letter r shown large with numbered red arrows for the stroke order; dotted starting position; baseline and x-height guides.,"Pale letter outline with bold red sequence arrows, dashed handwriting guidelines","[""handwriting"",""letter-formation"",""lowercase"",""KS1""]",Adaptly Primary Catalogue,0,,
pdl-0628,Letter formation — lowercase s,English,Handwriting,Year 1,KS1,diagram_a,Lowercase letter s shown large with numbered red arrows for the stroke order; dotted starting position; baseline and x-height guides.,"Pale letter outline with bold red sequence arrows, dashed handwriting guidelines","[""handwriting"",""letter-formation"",""lowercase"",""KS1""]",Adaptly Primary Catalogue,0,,
pdl-0629,Letter formation — lowercase t,English,Handwriting,Year 1,KS1,diagram_a,Lowercase letter t shown large with numbered red arrows for the stroke order; dotted starting position; baseline and x-height guides.,"Pale letter outline with bold red sequence arrows, dashed handwriting guidelines","[""handwriting"",""letter-formation"",""lowercase"",""KS1""]",Adaptly Primary Catalogue,0,,
pdl-0630,Letter formation — lowercase u,English,Handwriting,Year 1,KS1,diagram_a,Lowercase letter u shown large with numbered red arrows for the stroke order; dotted starting position; baseline and x-height guides.,"Pale letter outline with bold red sequence arrows, dashed handwriting guidelines","[""handwriting"",""letter-formation"",""lowercase"",""KS1""]",Adaptly Primary Catalogue,0,,
pdl-0631,Letter formation — lowercase v,English,Handwriting,Year 1,KS1,diagram_a,Lowercase letter v shown large with numbered red arrows for the stroke order; dotted starting position; baseline and x-height guides.,"Pale letter outline with bold red sequence arrows, dashed handwriting guidelines","[""handwriting"",""letter-formation"",""lowercase"",""KS1""]",Adaptly Primary Catalogue,0,,
pdl-0632,Letter formation — lowercase w,English,Handwriting,Year 1,KS1,diagram_a,Lowercase letter w shown large with numbered red arrows for the stroke order; dotted starting position; baseline and x-height guides.,"Pale letter outline with bold red sequence arrows, dashed handwriting guidelines","[""handwriting"",""letter-formation"",""lowercase"",""KS1""]",Adaptly Primary Catalogue,0,,
pdl-0633,Letter formation — lowercase x,English,Handwriting,Year 1,KS1,diagram_a,Lowercase letter x shown large with numbered red arrows for the stroke order; dotted starting position; baseline and x-height guides.,"Pale letter outline with bold red sequence arrows, dashed handwriting guidelines","[""handwriting"",""letter-formation"",""lowercase"",""KS1""]",Adaptly Primary Catalogue,0,,
pdl-0634,Letter formation — lowercase y,English,Handwriting,Year 1,KS1,diagram_a,Lowercase letter y shown large with numbered red arrows for the stroke order; dotted starting position; baseline and x-height guides.,"Pale letter outline with bold red sequence arrows, dashed handwriting guidelines","[""handwriting"",""letter-formation"",""lowercase"",""KS1""]",Adaptly Primary Catalogue,0,,
pdl-0635,Letter formation — lowercase z,English,Handwriting,Year 1,KS1,diagram_a,Lowercase letter z shown large with numbered red arrows for the stroke order; dotted starting position; baseline and x-height guides.,"Pale letter outline with bold red sequence arrows, dashed handwriting guidelines","[""handwriting"",""letter-formation"",""lowercase"",""KS1""]",Adaptly Primary Catalogue,0,,
pdl-0636,Letter formation — uppercase A,English,Handwriting,Year 1,KS1,diagram_a,Uppercase letter A with stroke order arrows for handwriting practice.,"Pale outline with red sequence arrows, baseline + cap-height guides","[""handwriting"",""letter-formation"",""uppercase"",""KS1""]",Adaptly Primary Catalogue,0,,
pdl-0637,Letter formation — uppercase B,English,Handwriting,Year 1,KS1,diagram_a,Uppercase letter B with stroke order arrows for handwriting practice.,"Pale outline with red sequence arrows, baseline + cap-height guides","[""handwriting"",""letter-formation"",""uppercase"",""KS1""]",Adaptly Primary Catalogue,0,,
pdl-0638,Letter formation — uppercase C,English,Handwriting,Year 1,KS1,diagram_a,Uppercase letter C with stroke order arrows for handwriting practice.,"Pale outline with red sequence arrows, baseline + cap-height guides","[""handwriting"",""letter-formation"",""uppercase"",""KS1""]",Adaptly Primary Catalogue,0,,
pdl-0639,Letter formation — uppercase D,English,Handwriting,Year 1,KS1,diagram_a,Uppercase letter D with stroke order arrows for handwriting practice.,"Pale outline with red sequence arrows, baseline + cap-height guides","[""handwriting"",""letter-formation"",""uppercase"",""KS1""]",Adaptly Primary Catalogue,0,,
pdl-0640,Letter formation — uppercase E,English,Handwriting,Year 1,KS1,diagram_a,Uppercase letter E with stroke order arrows for handwriting practice.,"Pale outline with red sequence arrows, baseline + cap-height guides","[""handwriting"",""letter-formation"",""uppercase"",""KS1""]",Adaptly Primary Catalogue,0,,
pdl-0641,Letter formation — uppercase F,English,Handwriting,Year 1,KS1,diagram_a,Uppercase letter F with stroke order arrows for handwriting practice.,"Pale outline with red sequence arrows, baseline + cap-height guides","[""handwriting"",""letter-formation"",""uppercase"",""KS1""]",Adaptly Primary Catalogue,0,,
pdl-0642,Letter formation — uppercase G,English,Handwriting,Year 1,KS1,diagram_a,Uppercase letter G with stroke order arrows for handwriting practice.,"Pale outline with red sequence arrows, baseline + cap-height guides","[""handwriting"",""letter-formation"",""uppercase"",""KS1""]",Adaptly Primary Catalogue,0,,
pdl-0643,Letter formation — uppercase H,English,Handwriting,Year 1,KS1,diagram_a,Uppercase letter H with stroke order arrows for handwriting practice.,"Pale outline with red sequence arrows, baseline + cap-height guides","[""handwriting"",""letter-formation"",""uppercase"",""KS1""]",Adaptly Primary Catalogue,0,,
pdl-0644,Letter formation — uppercase I,English,Handwriting,Year 1,KS1,diagram_a,Uppercase letter I with stroke order arrows for handwriting practice.,"Pale outline with red sequence arrows, baseline + cap-height guides","[""handwriting"",""letter-formation"",""uppercase"",""KS1""]",Adaptly Primary Catalogue,0,,
pdl-0645,Letter formation — uppercase J,English,Handwriting,Year 1,KS1,diagram_a,Uppercase letter J with stroke order arrows for handwriting practice.,"Pale outline with red sequence arrows, baseline + cap-height guides","[""handwriting"",""letter-formation"",""uppercase"",""KS1""]",Adaptly Primary Catalogue,0,,
pdl-0646,Letter formation — uppercase K,English,Handwriting,Year 1,KS1,diagram_a,Uppercase letter K with stroke order arrows for handwriting practice.,"Pale outline with red sequence arrows, baseline + cap-height guides","[""handwriting"",""letter-formation"",""uppercase"",""KS1""]",Adaptly Primary Catalogue,0,,
pdl-0647,Letter formation — uppercase L,English,Handwriting,Year 1,KS1,diagram_a,Uppercase letter L with stroke order arrows for handwriting practice.,"Pale outline with red sequence arrows, baseline + cap-height guides","[""handwriting"",""letter-formation"",""uppercase"",""KS1""]",Adaptly Primary Catalogue,0,,
pdl-0648,Letter formation — uppercase M,English,Handwriting,Year 1,KS1,diagram_a,Uppercase letter M with stroke order arrows for handwriting practice.,"Pale outline with red sequence arrows, baseline + cap-height guides","[""handwriting"",""letter-formation"",""uppercase"",""KS1""]",Adaptly Primary Catalogue,0,,
pdl-0649,Letter formation — uppercase N,English,Handwriting,Year 1,KS1,diagram_a,Uppercase letter N with stroke order arrows for handwriting practice.,"Pale outline with red sequence arrows, baseline + cap-height guides","[""handwriting"",""letter-formation"",""uppercase"",""KS1""]",Adaptly Primary Catalogue,0,,
pdl-0650,Letter formation — uppercase O,English,Handwriting,Year 1,KS1,diagram_a,Uppercase letter O with stroke order arrows for handwriting practice.,"Pale outline with red sequence arrows, baseline + cap-height guides","[""handwriting"",""letter-formation"",""uppercase"",""KS1""]",Adaptly Primary Catalogue,0,,
pdl-0651,Letter formation — uppercase P,English,Handwriting,Year 1,KS1,diagram_a,Uppercase letter P with stroke order arrows for handwriting practice.,"Pale outline with red sequence arrows, baseline + cap-height guides","[""handwriting"",""letter-formation"",""uppercase"",""KS1""]",Adaptly Primary Catalogue,0,,
pdl-0652,Letter formation — uppercase Q,English,Handwriting,Year 1,KS1,diagram_a,Uppercase letter Q with stroke order arrows for handwriting practice.,"Pale outline with red sequence arrows, baseline + cap-height guides","[""handwriting"",""letter-formation"",""uppercase"",""KS1""]",Adaptly Primary Catalogue,0,,
pdl-0653,Letter formation — uppercase R,English,Handwriting,Year 1,KS1,diagram_a,Uppercase letter R with stroke order arrows for handwriting practice.,"Pale outline with red sequence arrows, baseline + cap-height guides","[""handwriting"",""letter-formation"",""uppercase"",""KS1""]",Adaptly Primary Catalogue,0,,
pdl-0654,Letter formation — uppercase S,English,Handwriting,Year 1,KS1,diagram_a,Uppercase letter S with stroke order arrows for handwriting practice.,"Pale outline with red sequence arrows, baseline + cap-height guides","[""handwriting"",""letter-formation"",""uppercase"",""KS1""]",Adaptly Primary Catalogue,0,,
pdl-0655,Letter formation — uppercase T,English,Handwriting,Year 1,KS1,diagram_a,Uppercase letter T with stroke order arrows for handwriting practice.,"Pale outline with red sequence arrows, baseline + cap-height guides","[""handwriting"",""letter-formation"",""uppercase"",""KS1""]",Adaptly Primary Catalogue,0,,
pdl-0656,Letter formation — uppercase U,English,Handwriting,Year 1,KS1,diagram_a,Uppercase letter U with stroke order arrows for handwriting practice.,"Pale outline with red sequence arrows, baseline + cap-height guides","[""handwriting"",""letter-formation"",""uppercase"",""KS1""]",Adaptly Primary Catalogue,0,,
pdl-0657,Letter formation — uppercase V,English,Handwriting,Year 1,KS1,diagram_a,Uppercase letter V with stroke order arrows for handwriting practice.,"Pale outline with red sequence arrows, baseline + cap-height guides","[""handwriting"",""letter-formation"",""uppercase"",""KS1""]",Adaptly Primary Catalogue,0,,
pdl-0658,Letter formation — uppercase W,English,Handwriting,Year 1,KS1,diagram_a,Uppercase letter W with stroke order arrows for handwriting practice.,"Pale outline with red sequence arrows, baseline + cap-height guides","[""handwriting"",""letter-formation"",""uppercase"",""KS1""]",Adaptly Primary Catalogue,0,,
pdl-0659,Letter formation — uppercase X,English,Handwriting,Year 1,KS1,diagram_a,Uppercase letter X with stroke order arrows for handwriting practice.,"Pale outline with red sequence arrows, baseline + cap-height guides","[""handwriting"",""letter-formation"",""uppercase"",""KS1""]",Adaptly Primary Catalogue,0,,
pdl-0660,Letter formation — uppercase Y,English,Handwriting,Year 1,KS1,diagram_a,Uppercase letter Y with stroke order arrows for handwriting practice.,"Pale outline with red sequence arrows, baseline + cap-height guides","[""handwriting"",""letter-formation"",""uppercase"",""KS1""]",Adaptly Primary Catalogue,0,,
pdl-0661,Letter formation — uppercase Z,English,Handwriting,Year 1,KS1,diagram_a,Uppercase letter Z with stroke order arrows for handwriting practice.,"Pale outline with red sequence arrows, baseline + cap-height guides","[""handwriting"",""letter-formation"",""uppercase"",""KS1""]",Adaptly Primary Catalogue,0,,
pdl-0662,Tricky word card — the,English,Tricky words,Year 1,KS1,diagram_a,"Word ""the"" displayed large in handwriting font with the tricky part highlighted in red, plus an icon hinting at meaning where applicable.","Friendly font, tricky letters in red, optional supporting icon","[""tricky-words"",""common-exception-words"",""phonics"",""KS1""]",Adaptly Primary Catalogue,0,,
pdl-0663,Tricky word card — to,English,Tricky words,Year 1,KS1,diagram_a,"Word ""to"" displayed large in handwriting font with the tricky part highlighted in red, plus an icon hinting at meaning where applicable.","Friendly font, tricky letters in red, optional supporting icon","[""tricky-words"",""common-exception-words"",""phonics"",""KS1""]",Adaptly Primary Catalogue,0,,
pdl-0664,Tricky word card — I,English,Tricky words,Year 1,KS1,diagram_a,"Word ""I"" displayed large in handwriting font with the tricky part highlighted in red, plus an icon hinting at meaning where applicable.","Friendly font, tricky letters in red, optional supporting icon","[""tricky-words"",""common-exception-words"",""phonics"",""KS1""]",Adaptly Primary Catalogue,0,,
pdl-0665,Tricky word card — no,English,Tricky words,Year 1,KS1,diagram_a,"Word ""no"" displayed large in handwriting font with the tricky part highlighted in red, plus an icon hinting at meaning where applicable.","Friendly font, tricky letters in red, optional supporting icon","[""tricky-words"",""common-exception-words"",""phonics"",""KS1""]",Adaptly Primary Catalogue,0,,
pdl-0666,Tricky word card — go,English,Tricky words,Year 1,KS1,diagram_a,"Word ""go"" displayed large in handwriting font with the tricky part highlighted in red, plus an icon hinting at meaning where applicable.","Friendly font, tricky letters in red, optional supporting icon","[""tricky-words"",""common-exception-words"",""phonics"",""KS1""]",Adaptly Primary Catalogue,0,,
pdl-0667,Tricky word card — he,English,Tricky words,Year 1,KS1,diagram_a,"Word ""he"" displayed large in handwriting font with the tricky part highlighted in red, plus an icon hinting at meaning where applicable.","Friendly font, tricky letters in red, optional supporting icon","[""tricky-words"",""common-exception-words"",""phonics"",""KS1""]",Adaptly Primary Catalogue,0,,
pdl-0668,Tricky word card — she,English,Tricky words,Year 1,KS1,diagram_a,"Word ""she"" displayed large in handwriting font with the tricky part highlighted in red, plus an icon hinting at meaning where applicable.","Friendly font, tricky letters in red, optional supporting icon","[""tricky-words"",""common-exception-words"",""phonics"",""KS1""]",Adaptly Primary Catalogue,0,,
pdl-0669,Tricky word card — we,English,Tricky words,Year 1,KS1,diagram_a,"Word ""we"" displayed large in handwriting font with the tricky part highlighted in red, plus an icon hinting at meaning where applicable.","Friendly font, tricky letters in red, optional supporting icon","[""tricky-words"",""common-exception-words"",""phonics"",""KS1""]",Adaptly Primary Catalogue,0,,
pdl-0670,Tricky word card — you,English,Tricky words,Year 1,KS1,diagram_a,"Word ""you"" displayed large in handwriting font with the tricky part highlighted in red, plus an icon hinting at meaning where applicable.","Friendly font, tricky letters in red, optional supporting icon","[""tricky-words"",""common-exception-words"",""phonics"",""KS1""]",Adaptly Primary Catalogue,0,,
pdl-0671,Tricky word card — they,English,Tricky words,Year 1,KS1,diagram_a,"Word ""they"" displayed large in handwriting font with the tricky part highlighted in red, plus an icon hinting at meaning where applicable.","Friendly font, tricky letters in red, optional supporting icon","[""tricky-words"",""common-exception-words"",""phonics"",""KS1""]",Adaptly Primary Catalogue,0,,
pdl-0672,Tricky word card — are,English,Tricky words,Year 1,KS1,diagram_a,"Word ""are"" displayed large in handwriting font with the tricky part highlighted in red, plus an icon hinting at meaning where applicable.","Friendly font, tricky letters in red, optional supporting icon","[""tricky-words"",""common-exception-words"",""phonics"",""KS1""]",Adaptly Primary Catalogue,0,,
pdl-0673,Tricky word card — my,English,Tricky words,Year 1,KS1,diagram_a,"Word ""my"" displayed large in handwriting font with the tricky part highlighted in red, plus an icon hinting at meaning where applicable.","Friendly font, tricky letters in red, optional supporting icon","[""tricky-words"",""common-exception-words"",""phonics"",""KS1""]",Adaptly Primary Catalogue,0,,
pdl-0674,Tricky word card — her,English,Tricky words,Year 1,KS1,diagram_a,"Word ""her"" displayed large in handwriting font with the tricky part highlighted in red, plus an icon hinting at meaning where applicable.","Friendly font, tricky letters in red, optional supporting icon","[""tricky-words"",""common-exception-words"",""phonics"",""KS1""]",Adaptly Primary Catalogue,0,,
pdl-0675,Tricky word card — said,English,Tricky words,Year 1,KS1,diagram_a,"Word ""said"" displayed large in handwriting font with the tricky part highlighted in red, plus an icon hinting at meaning where applicable.","Friendly font, tricky letters in red, optional supporting icon","[""tricky-words"",""common-exception-words"",""phonics"",""KS1""]",Adaptly Primary Catalogue,0,,
pdl-0676,Tricky word card — have,English,Tricky words,Year 1,KS1,diagram_a,"Word ""have"" displayed large in handwriting font with the tricky part highlighted in red, plus an icon hinting at meaning where applicable.","Friendly font, tricky letters in red, optional supporting icon","[""tricky-words"",""common-exception-words"",""phonics"",""KS1""]",Adaptly Primary Catalogue,0,,
pdl-0677,Tricky word card — like,English,Tricky words,Year 1,KS1,diagram_a,"Word ""like"" displayed large in handwriting font with the tricky part highlighted in red, plus an icon hinting at meaning where applicable.","Friendly font, tricky letters in red, optional supporting icon","[""tricky-words"",""common-exception-words"",""phonics"",""KS1""]",Adaptly Primary Catalogue,0,,
pdl-0678,Tricky word card — so,English,Tricky words,Year 1,KS1,diagram_a,"Word ""so"" displayed large in handwriting font with the tricky part highlighted in red, plus an icon hinting at meaning where applicable.","Friendly font, tricky letters in red, optional supporting icon","[""tricky-words"",""common-exception-words"",""phonics"",""KS1""]",Adaptly Primary Catalogue,0,,
pdl-0679,Tricky word card — were,English,Tricky words,Year 1,KS1,diagram_a,"Word ""were"" displayed large in handwriting font with the tricky part highlighted in red, plus an icon hinting at meaning where applicable.","Friendly font, tricky letters in red, optional supporting icon","[""tricky-words"",""common-exception-words"",""phonics"",""KS1""]",Adaptly Primary Catalogue,0,,
pdl-0680,Tricky word card — there,English,Tricky words,Year 1,KS1,diagram_a,"Word ""there"" displayed large in handwriting font with the tricky part highlighted in red, plus an icon hinting at meaning where applicable.","Friendly font, tricky letters in red, optional supporting icon","[""tricky-words"",""common-exception-words"",""phonics"",""KS1""]",Adaptly Primary Catalogue,0,,
pdl-0681,Tricky word card — one,English,Tricky words,Year 1,KS1,diagram_a,"Word ""one"" displayed large in handwriting font with the tricky part highlighted in red, plus an icon hinting at meaning where applicable.","Friendly font, tricky letters in red, optional supporting icon","[""tricky-words"",""common-exception-words"",""phonics"",""KS1""]",Adaptly Primary Catalogue,0,,
pdl-0682,Story character card — child reading a book,English,Story writing,Year 2,KS1,diagram_a,Single character illustration with a name plate placeholder and a thought bubble.,"Soft outlines, pastel fills, child-friendly proportions","[""story"",""character"",""writing"",""KS1""]",Adaptly Primary Catalogue,0,,
pdl-0683,Story character card — teacher pointing at a board,English,Story writing,Year 2,KS1,diagram_a,Single character illustration with a name plate placeholder and a thought bubble.,"Soft outlines, pastel fills, child-friendly proportions","[""story"",""character"",""writing"",""KS1""]",Adaptly Primary Catalogue,0,,
pdl-0684,Story character card — dog with a ball,English,Story writing,Year 2,KS1,diagram_a,Single character illustration with a name plate placeholder and a thought bubble.,"Soft outlines, pastel fills, child-friendly proportions","[""story"",""character"",""writing"",""KS1""]",Adaptly Primary Catalogue,0,,
pdl-0685,Story character card — cat curled up,English,Story writing,Year 2,KS1,diagram_a,Single character illustration with a name plate placeholder and a thought bubble.,"Soft outlines, pastel fills, child-friendly proportions","[""story"",""character"",""writing"",""KS1""]",Adaptly Primary Catalogue,0,,
pdl-0686,Story character card — dragon with friendly smile,English,Story writing,Year 2,KS1,diagram_a,Single character illustration with a name plate placeholder and a thought bubble.,"Soft outlines, pastel fills, child-friendly proportions","[""story"",""character"",""writing"",""KS1""]",Adaptly Primary Catalogue,0,,
pdl-0687,Story character card — knight in armour,English,Story writing,Year 2,KS1,diagram_a,Single character illustration with a name plate placeholder and a thought bubble.,"Soft outlines, pastel fills, child-friendly proportions","[""story"",""character"",""writing"",""KS1""]",Adaptly Primary Catalogue,0,,
pdl-0688,Story character card — princess with a crown,English,Story writing,Year 2,KS1,diagram_a,Single character illustration with a name plate placeholder and a thought bubble.,"Soft outlines, pastel fills, child-friendly proportions","[""story"",""character"",""writing"",""KS1""]",Adaptly Primary Catalogue,0,,
pdl-0689,Story character card — pirate captain,English,Story writing,Year 2,KS1,diagram_a,Single character illustration with a name plate placeholder and a thought bubble.,"Soft outlines, pastel fills, child-friendly proportions","[""story"",""character"",""writing"",""KS1""]",Adaptly Primary Catalogue,0,,
pdl-0690,Story character card — alien with three eyes,English,Story writing,Year 2,KS1,diagram_a,Single character illustration with a name plate placeholder and a thought bubble.,"Soft outlines, pastel fills, child-friendly proportions","[""story"",""character"",""writing"",""KS1""]",Adaptly Primary Catalogue,0,,
pdl-0691,Story character card — giant with a beanstalk,English,Story writing,Year 2,KS1,diagram_a,Single character illustration with a name plate placeholder and a thought bubble.,"Soft outlines, pastel fills, child-friendly proportions","[""story"",""character"",""writing"",""KS1""]",Adaptly Primary Catalogue,0,,
pdl-0692,Story character card — wizard with wand,English,Story writing,Year 2,KS1,diagram_a,Single character illustration with a name plate placeholder and a thought bubble.,"Soft outlines, pastel fills, child-friendly proportions","[""story"",""character"",""writing"",""KS1""]",Adaptly Primary Catalogue,0,,
pdl-0693,Story character card — fairy with wings,English,Story writing,Year 2,KS1,diagram_a,Single character illustration with a name plate placeholder and a thought bubble.,"Soft outlines, pastel fills, child-friendly proportions","[""story"",""character"",""writing"",""KS1""]",Adaptly Primary Catalogue,0,,
pdl-0694,Story character card — smiley monster,English,Story writing,Year 2,KS1,diagram_a,Single character illustration with a name plate placeholder and a thought bubble.,"Soft outlines, pastel fills, child-friendly proportions","[""story"",""character"",""writing"",""KS1""]",Adaptly Primary Catalogue,0,,
pdl-0695,Story character card — robot waving,English,Story writing,Year 2,KS1,diagram_a,Single character illustration with a name plate placeholder and a thought bubble.,"Soft outlines, pastel fills, child-friendly proportions","[""story"",""character"",""writing"",""KS1""]",Adaptly Primary Catalogue,0,,
pdl-0696,Story character card — astronaut floating,English,Story writing,Year 2,KS1,diagram_a,Single character illustration with a name plate placeholder and a thought bubble.,"Soft outlines, pastel fills, child-friendly proportions","[""story"",""character"",""writing"",""KS1""]",Adaptly Primary Catalogue,0,,
pdl-0697,Story character card — firefighter with hose,English,Story writing,Year 2,KS1,diagram_a,Single character illustration with a name plate placeholder and a thought bubble.,"Soft outlines, pastel fills, child-friendly proportions","[""story"",""character"",""writing"",""KS1""]",Adaptly Primary Catalogue,0,,
pdl-0698,Story setting card — magical forest,English,Story writing,Year 2,KS1,diagram_a,Illustrated landscape/scene card to spark setting descriptions; sense-prompt boxes (see / hear / smell / touch / taste) printed below.,"Wide aspect, atmospheric palette appropriate to setting","[""story"",""setting"",""description"",""writing"",""five-senses""]",Adaptly Primary Catalogue,0,,
pdl-0699,Story setting card — sandy beach,English,Story writing,Year 2,KS1,diagram_a,Illustrated landscape/scene card to spark setting descriptions; sense-prompt boxes (see / hear / smell / touch / taste) printed below.,"Wide aspect, atmospheric palette appropriate to setting","[""story"",""setting"",""description"",""writing"",""five-senses""]",Adaptly Primary Catalogue,0,,
pdl-0700,Story setting card — school playground,English,Story writing,Year 2,KS1,diagram_a,Illustrated landscape/scene card to spark setting descriptions; sense-prompt boxes (see / hear / smell / touch / taste) printed below.,"Wide aspect, atmospheric palette appropriate to setting","[""story"",""setting"",""description"",""writing"",""five-senses""]",Adaptly Primary Catalogue,0,,
pdl-0701,Story setting card — cosy living room,English,Story writing,Year 2,KS1,diagram_a,Illustrated landscape/scene card to spark setting descriptions; sense-prompt boxes (see / hear / smell / touch / taste) printed below.,"Wide aspect, atmospheric palette appropriate to setting","[""story"",""setting"",""description"",""writing"",""five-senses""]",Adaptly Primary Catalogue,0,,
pdl-0702,Story setting card — busy market,English,Story writing,Year 2,KS1,diagram_a,Illustrated landscape/scene card to spark setting descriptions; sense-prompt boxes (see / hear / smell / touch / taste) printed below.,"Wide aspect, atmospheric palette appropriate to setting","[""story"",""setting"",""description"",""writing"",""five-senses""]",Adaptly Primary Catalogue,0,,
pdl-0703,Story setting card — old castle on a hill,English,Story writing,Year 2,KS1,diagram_a,Illustrated landscape/scene card to spark setting descriptions; sense-prompt boxes (see / hear / smell / touch / taste) printed below.,"Wide aspect, atmospheric palette appropriate to setting","[""story"",""setting"",""description"",""writing"",""five-senses""]",Adaptly Primary Catalogue,0,,
pdl-0704,Story setting card — spooky cave,English,Story writing,Year 2,KS1,diagram_a,Illustrated landscape/scene card to spark setting descriptions; sense-prompt boxes (see / hear / smell / touch / taste) printed below.,"Wide aspect, atmospheric palette appropriate to setting","[""story"",""setting"",""description"",""writing"",""five-senses""]",Adaptly Primary Catalogue,0,,
pdl-0705,Story setting card — underwater coral reef,English,Story writing,Year 2,KS1,diagram_a,Illustrated landscape/scene card to spark setting descriptions; sense-prompt boxes (see / hear / smell / touch / taste) printed below.,"Wide aspect, atmospheric palette appropriate to setting","[""story"",""setting"",""description"",""writing"",""five-senses""]",Adaptly Primary Catalogue,0,,
pdl-0706,Story setting card — snowy mountain,English,Story writing,Year 2,KS1,diagram_a,Illustrated landscape/scene card to spark setting descriptions; sense-prompt boxes (see / hear / smell / touch / taste) printed below.,"Wide aspect, atmospheric palette appropriate to setting","[""story"",""setting"",""description"",""writing"",""five-senses""]",Adaptly Primary Catalogue,0,,
pdl-0707,Story setting card — jungle clearing,English,Story writing,Year 2,KS1,diagram_a,Illustrated landscape/scene card to spark setting descriptions; sense-prompt boxes (see / hear / smell / touch / taste) printed below.,"Wide aspect, atmospheric palette appropriate to setting","[""story"",""setting"",""description"",""writing"",""five-senses""]",Adaptly Primary Catalogue,0,,
pdl-0708,Story setting card — tropical island,English,Story writing,Year 2,KS1,diagram_a,Illustrated landscape/scene card to spark setting descriptions; sense-prompt boxes (see / hear / smell / touch / taste) printed below.,"Wide aspect, atmospheric palette appropriate to setting","[""story"",""setting"",""description"",""writing"",""five-senses""]",Adaptly Primary Catalogue,0,,
pdl-0709,Story setting card — winding river,English,Story writing,Year 2,KS1,diagram_a,Illustrated landscape/scene card to spark setting descriptions; sense-prompt boxes (see / hear / smell / touch / taste) printed below.,"Wide aspect, atmospheric palette appropriate to setting","[""story"",""setting"",""description"",""writing"",""five-senses""]",Adaptly Primary Catalogue,0,,
pdl-0710,Story setting card — city skyline,English,Story writing,Year 2,KS1,diagram_a,Illustrated landscape/scene card to spark setting descriptions; sense-prompt boxes (see / hear / smell / touch / taste) printed below.,"Wide aspect, atmospheric palette appropriate to setting","[""story"",""setting"",""description"",""writing"",""five-senses""]",Adaptly Primary Catalogue,0,,
pdl-0711,Story setting card — farm yard,English,Story writing,Year 2,KS1,diagram_a,Illustrated landscape/scene card to spark setting descriptions; sense-prompt boxes (see / hear / smell / touch / taste) printed below.,"Wide aspect, atmospheric palette appropriate to setting","[""story"",""setting"",""description"",""writing"",""five-senses""]",Adaptly Primary Catalogue,0,,
pdl-0712,Story setting card — spaceship interior,English,Story writing,Year 2,KS1,diagram_a,Illustrated landscape/scene card to spark setting descriptions; sense-prompt boxes (see / hear / smell / touch / taste) printed below.,"Wide aspect, atmospheric palette appropriate to setting","[""story"",""setting"",""description"",""writing"",""five-senses""]",Adaptly Primary Catalogue,0,,
pdl-0713,Story setting card — treetop tree-house,English,Story writing,Year 2,KS1,diagram_a,Illustrated landscape/scene card to spark setting descriptions; sense-prompt boxes (see / hear / smell / touch / taste) printed below.,"Wide aspect, atmospheric palette appropriate to setting","[""story"",""setting"",""description"",""writing"",""five-senses""]",Adaptly Primary Catalogue,0,,
pdl-0714,Action verb card — running,English,Word classes,Year 2,KS1,diagram_a,"Cartoon child performing the action ""running"", word printed underneath.","Single child motif, clear motion lines","[""verb"",""action"",""word-class"",""KS1""]",Adaptly Primary Catalogue,0,,
pdl-0715,Action verb card — climbing,English,Word classes,Year 2,KS1,diagram_a,"Cartoon child performing the action ""climbing"", word printed underneath.","Single child motif, clear motion lines","[""verb"",""action"",""word-class"",""KS1""]",Adaptly Primary Catalogue,0,,
pdl-0716,Action verb card — hiding,English,Word classes,Year 2,KS1,diagram_a,"Cartoon child performing the action ""hiding"", word printed underneath.","Single child motif, clear motion lines","[""verb"",""action"",""word-class"",""KS1""]",Adaptly Primary Catalogue,0,,
pdl-0717,Action verb card — sharing,English,Word classes,Year 2,KS1,diagram_a,"Cartoon child performing the action ""sharing"", word printed underneath.","Single child motif, clear motion lines","[""verb"",""action"",""word-class"",""KS1""]",Adaptly Primary Catalogue,0,,
pdl-0718,Action verb card — helping,English,Word classes,Year 2,KS1,diagram_a,"Cartoon child performing the action ""helping"", word printed underneath.","Single child motif, clear motion lines","[""verb"",""action"",""word-class"",""KS1""]",Adaptly Primary Catalogue,0,,
pdl-0719,Action verb card — finding,English,Word classes,Year 2,KS1,diagram_a,"Cartoon child performing the action ""finding"", word printed underneath.","Single child motif, clear motion lines","[""verb"",""action"",""word-class"",""KS1""]",Adaptly Primary Catalogue,0,,
pdl-0720,Action verb card — building,English,Word classes,Year 2,KS1,diagram_a,"Cartoon child performing the action ""building"", word printed underneath.","Single child motif, clear motion lines","[""verb"",""action"",""word-class"",""KS1""]",Adaptly Primary Catalogue,0,,
pdl-0721,Action verb card — flying,English,Word classes,Year 2,KS1,diagram_a,"Cartoon child performing the action ""flying"", word printed underneath.","Single child motif, clear motion lines","[""verb"",""action"",""word-class"",""KS1""]",Adaptly Primary Catalogue,0,,
pdl-0722,Action verb card — sleeping,English,Word classes,Year 2,KS1,diagram_a,"Cartoon child performing the action ""sleeping"", word printed underneath.","Single child motif, clear motion lines","[""verb"",""action"",""word-class"",""KS1""]",Adaptly Primary Catalogue,0,,
pdl-0723,Action verb card — jumping,English,Word classes,Year 2,KS1,diagram_a,"Cartoon child performing the action ""jumping"", word printed underneath.","Single child motif, clear motion lines","[""verb"",""action"",""word-class"",""KS1""]",Adaptly Primary Catalogue,0,,
pdl-0724,Action verb card — swimming,English,Word classes,Year 2,KS1,diagram_a,"Cartoon child performing the action ""swimming"", word printed underneath.","Single child motif, clear motion lines","[""verb"",""action"",""word-class"",""KS1""]",Adaptly Primary Catalogue,0,,
pdl-0725,Action verb card — drawing,English,Word classes,Year 2,KS1,diagram_a,"Cartoon child performing the action ""drawing"", word printed underneath.","Single child motif, clear motion lines","[""verb"",""action"",""word-class"",""KS1""]",Adaptly Primary Catalogue,0,,
pdl-0726,Action verb card — dancing,English,Word classes,Year 2,KS1,diagram_a,"Cartoon child performing the action ""dancing"", word printed underneath.","Single child motif, clear motion lines","[""verb"",""action"",""word-class"",""KS1""]",Adaptly Primary Catalogue,0,,
pdl-0727,Action verb card — singing,English,Word classes,Year 2,KS1,diagram_a,"Cartoon child performing the action ""singing"", word printed underneath.","Single child motif, clear motion lines","[""verb"",""action"",""word-class"",""KS1""]",Adaptly Primary Catalogue,0,,
pdl-0728,Punctuation — full stop,English,Punctuation,Year 3,LKS2,diagram_a,Punctuation — full stop,"Mascot with sign showing the mark, one-line caption beneath","[""punctuation"",""spag"",""KS2""]",Adaptly Primary Catalogue,0,,
pdl-0729,Punctuation — comma,English,Punctuation,Year 3,LKS2,diagram_a,Punctuation — comma,"Mascot with sign showing the mark, one-line caption beneath","[""punctuation"",""spag"",""KS2""]",Adaptly Primary Catalogue,0,,
pdl-0730,Punctuation — question mark,English,Punctuation,Year 3,LKS2,diagram_a,Punctuation — question mark,"Mascot with sign showing the mark, one-line caption beneath","[""punctuation"",""spag"",""KS2""]",Adaptly Primary Catalogue,0,,
pdl-0731,Punctuation — exclamation mark,English,Punctuation,Year 3,LKS2,diagram_a,Punctuation — exclamation mark,"Mascot with sign showing the mark, one-line caption beneath","[""punctuation"",""spag"",""KS2""]",Adaptly Primary Catalogue,0,,
pdl-0732,Punctuation — apostrophe (omission),English,Punctuation,Year 3,LKS2,diagram_a,Punctuation — apostrophe (omission),"Mascot with sign showing the mark, one-line caption beneath","[""punctuation"",""spag"",""KS2""]",Adaptly Primary Catalogue,0,,
pdl-0733,Punctuation — apostrophe (possession),English,Punctuation,Year 3,LKS2,diagram_a,Punctuation — apostrophe (possession),"Mascot with sign showing the mark, one-line caption beneath","[""punctuation"",""spag"",""KS2""]",Adaptly Primary Catalogue,0,,
pdl-0734,Punctuation — speech marks,English,Punctuation,Year 3,LKS2,diagram_a,Punctuation — speech marks,"Mascot with sign showing the mark, one-line caption beneath","[""punctuation"",""spag"",""KS2""]",Adaptly Primary Catalogue,0,,
pdl-0735,Punctuation — colon,English,Punctuation,Year 3,LKS2,diagram_a,Punctuation — colon,"Mascot with sign showing the mark, one-line caption beneath","[""punctuation"",""spag"",""KS2""]",Adaptly Primary Catalogue,0,,
pdl-0736,Punctuation — semicolon,English,Punctuation,Year 3,LKS2,diagram_a,Punctuation — semicolon,"Mascot with sign showing the mark, one-line caption beneath","[""punctuation"",""spag"",""KS2""]",Adaptly Primary Catalogue,0,,
pdl-0737,Punctuation — hyphen,English,Punctuation,Year 3,LKS2,diagram_a,Punctuation — hyphen,"Mascot with sign showing the mark, one-line caption beneath","[""punctuation"",""spag"",""KS2""]",Adaptly Primary Catalogue,0,,
pdl-0738,Punctuation — dash,English,Punctuation,Year 3,LKS2,diagram_a,Punctuation — dash,"Mascot with sign showing the mark, one-line caption beneath","[""punctuation"",""spag"",""KS2""]",Adaptly Primary Catalogue,0,,
pdl-0739,Punctuation — brackets (parentheses),English,Punctuation,Year 3,LKS2,diagram_a,Punctuation — brackets (parentheses),"Mascot with sign showing the mark, one-line caption beneath","[""punctuation"",""spag"",""KS2""]",Adaptly Primary Catalogue,0,,
pdl-0740,Punctuation — ellipsis,English,Punctuation,Year 3,LKS2,diagram_a,Punctuation — ellipsis,"Mascot with sign showing the mark, one-line caption beneath","[""punctuation"",""spag"",""KS2""]",Adaptly Primary Catalogue,0,,
pdl-0741,Punctuation — bullet point,English,Punctuation,Year 3,LKS2,diagram_a,Punctuation — bullet point,"Mascot with sign showing the mark, one-line caption beneath","[""punctuation"",""spag"",""KS2""]",Adaptly Primary Catalogue,0,,
pdl-0742,Punctuation — capital letter,English,Punctuation,Year 3,LKS2,diagram_a,Punctuation — capital letter,"Mascot with sign showing the mark, one-line caption beneath","[""punctuation"",""spag"",""KS2""]",Adaptly Primary Catalogue,0,,
pdl-0743,Punctuation — fronted-adverbial comma,English,Punctuation,Year 3,LKS2,diagram_a,Punctuation — fronted-adverbial comma,"Mascot with sign showing the mark, one-line caption beneath","[""punctuation"",""spag"",""KS2""]",Adaptly Primary Catalogue,0,,
pdl-0744,Punctuation — single quotation marks,English,Punctuation,Year 3,LKS2,diagram_a,Punctuation — single quotation marks,"Mascot with sign showing the mark, one-line caption beneath","[""punctuation"",""spag"",""KS2""]",Adaptly Primary Catalogue,0,,
pdl-0745,Punctuation — slash,English,Punctuation,Year 3,LKS2,diagram_a,Punctuation — slash,"Mascot with sign showing the mark, one-line caption beneath","[""punctuation"",""spag"",""KS2""]",Adaptly Primary Catalogue,0,,
pdl-0746,Word class colour wheel,English,Word classes,Year 3,LKS2,diagram_a,"Pie-style wheel showing 9 word classes (noun, verb, adjective, adverb, pronoun, preposition, conjunction, determiner, interjection) each in a distinctive colour.","Equal segments, colour-coded labels","[""word-class"",""grammar"",""spag""]",Adaptly Primary Catalogue,0,,
pdl-0747,Anchor card — Nouns,English,Word classes,Year 3,LKS2,diagram_a,Anchor card — Nouns,"Header strip in the word-class colour, examples in bullet list, sentence with target word highlighted","[""word-class"",""grammar"",""anchor-card""]",Adaptly Primary Catalogue,0,,
pdl-0748,Anchor card — Proper nouns,English,Word classes,Year 3,LKS2,diagram_a,Anchor card — Proper nouns,"Header strip in the word-class colour, examples in bullet list, sentence with target word highlighted","[""word-class"",""grammar"",""anchor-card""]",Adaptly Primary Catalogue,0,,
pdl-0749,Anchor card — Pronouns,English,Word classes,Year 3,LKS2,diagram_a,Anchor card — Pronouns,"Header strip in the word-class colour, examples in bullet list, sentence with target word highlighted","[""word-class"",""grammar"",""anchor-card""]",Adaptly Primary Catalogue,0,,
pdl-0750,Anchor card — Verbs,English,Word classes,Year 3,LKS2,diagram_a,Anchor card — Verbs,"Header strip in the word-class colour, examples in bullet list, sentence with target word highlighted","[""word-class"",""grammar"",""anchor-card""]",Adaptly Primary Catalogue,0,,
pdl-0751,Anchor card — Adjectives,English,Word classes,Year 3,LKS2,diagram_a,Anchor card — Adjectives,"Header strip in the word-class colour, examples in bullet list, sentence with target word highlighted","[""word-class"",""grammar"",""anchor-card""]",Adaptly Primary Catalogue,0,,
pdl-0752,Anchor card — Adverbs,English,Word classes,Year 3,LKS2,diagram_a,Anchor card — Adverbs,"Header strip in the word-class colour, examples in bullet list, sentence with target word highlighted","[""word-class"",""grammar"",""anchor-card""]",Adaptly Primary Catalogue,0,,
pdl-0753,Anchor card — Prepositions,English,Word classes,Year 3,LKS2,diagram_a,Anchor card — Prepositions,"Header strip in the word-class colour, examples in bullet list, sentence with target word highlighted","[""word-class"",""grammar"",""anchor-card""]",Adaptly Primary Catalogue,0,,
pdl-0754,Anchor card — Conjunctions,English,Word classes,Year 3,LKS2,diagram_a,Anchor card — Conjunctions,"Header strip in the word-class colour, examples in bullet list, sentence with target word highlighted","[""word-class"",""grammar"",""anchor-card""]",Adaptly Primary Catalogue,0,,
pdl-0755,Anchor card — Determiners,English,Word classes,Year 3,LKS2,diagram_a,Anchor card — Determiners,"Header strip in the word-class colour, examples in bullet list, sentence with target word highlighted","[""word-class"",""grammar"",""anchor-card""]",Adaptly Primary Catalogue,0,,
pdl-0756,Anchor card — Interjections,English,Word classes,Year 3,LKS2,diagram_a,Anchor card — Interjections,"Header strip in the word-class colour, examples in bullet list, sentence with target word highlighted","[""word-class"",""grammar"",""anchor-card""]",Adaptly Primary Catalogue,0,,
pdl-0757,Anchor card — Modal verbs,English,Word classes,Year 3,LKS2,diagram_a,Anchor card — Modal verbs,"Header strip in the word-class colour, examples in bullet list, sentence with target word highlighted","[""word-class"",""grammar"",""anchor-card""]",Adaptly Primary Catalogue,0,,
pdl-0758,Anchor card — Auxiliary verbs,English,Word classes,Year 3,LKS2,diagram_a,Anchor card — Auxiliary verbs,"Header strip in the word-class colour, examples in bullet list, sentence with target word highlighted","[""word-class"",""grammar"",""anchor-card""]",Adaptly Primary Catalogue,0,,
pdl-0759,Anchor card — Articles (a / an / the),English,Word classes,Year 3,LKS2,diagram_a,Anchor card — Articles (a / an / the),"Header strip in the word-class colour, examples in bullet list, sentence with target word highlighted","[""word-class"",""grammar"",""anchor-card""]",Adaptly Primary Catalogue,0,,
pdl-0760,Sentence type — simple,English,Sentence types,Year 4,LKS2,diagram_a,Sentence type — simple,"Subject in blue, verb in red, object in green, fronted adverbial in purple","[""sentence"",""clause"",""spag""]",Adaptly Primary Catalogue,0,,
pdl-0761,Sentence type — compound (with FANBOYS),English,Sentence types,Year 4,LKS2,diagram_a,Sentence type — compound (with FANBOYS),"Subject in blue, verb in red, object in green, fronted adverbial in purple","[""sentence"",""clause"",""spag""]",Adaptly Primary Catalogue,0,,
pdl-0762,Sentence type — complex (subordinate clause first),English,Sentence types,Year 4,LKS2,diagram_a,Sentence type — complex (subordinate clause first),"Subject in blue, verb in red, object in green, fronted adverbial in purple","[""sentence"",""clause"",""spag""]",Adaptly Primary Catalogue,0,,
pdl-0763,Sentence type — complex (main clause first),English,Sentence types,Year 4,LKS2,diagram_a,Sentence type — complex (main clause first),"Subject in blue, verb in red, object in green, fronted adverbial in purple","[""sentence"",""clause"",""spag""]",Adaptly Primary Catalogue,0,,
pdl-0764,Sentence type — exclamatory (How / What),English,Sentence types,Year 4,LKS2,diagram_a,Sentence type — exclamatory (How / What),"Subject in blue, verb in red, object in green, fronted adverbial in purple","[""sentence"",""clause"",""spag""]",Adaptly Primary Catalogue,0,,
pdl-0765,Sentence type — imperative (command),English,Sentence types,Year 4,LKS2,diagram_a,Sentence type — imperative (command),"Subject in blue, verb in red, object in green, fronted adverbial in purple","[""sentence"",""clause"",""spag""]",Adaptly Primary Catalogue,0,,
pdl-0766,Sentence type — interrogative (question),English,Sentence types,Year 4,LKS2,diagram_a,Sentence type — interrogative (question),"Subject in blue, verb in red, object in green, fronted adverbial in purple","[""sentence"",""clause"",""spag""]",Adaptly Primary Catalogue,0,,
pdl-0767,Sentence type — embedded clause example,English,Sentence types,Year 4,LKS2,diagram_a,Sentence type — embedded clause example,"Subject in blue, verb in red, object in green, fronted adverbial in purple","[""sentence"",""clause"",""spag""]",Adaptly Primary Catalogue,0,,
pdl-0768,SVO — The cat (S) chased (V) the mouse (O),English,Sentence structure,Year 4,LKS2,diagram_a,SVO — The cat (S) chased (V) the mouse (O),"Three cells in a row, role label above each","[""sentence-structure"",""SVO"",""grammar""]",Adaptly Primary Catalogue,0,,
pdl-0769,SVO — Sam (S) painted (V) a beautiful picture (O),English,Sentence structure,Year 4,LKS2,diagram_a,SVO — Sam (S) painted (V) a beautiful picture (O),"Three cells in a row, role label above each","[""sentence-structure"",""SVO"",""grammar""]",Adaptly Primary Catalogue,0,,
pdl-0770,SVO — My team (S) won (V) the trophy (O),English,Sentence structure,Year 4,LKS2,diagram_a,SVO — My team (S) won (V) the trophy (O),"Three cells in a row, role label above each","[""sentence-structure"",""SVO"",""grammar""]",Adaptly Primary Catalogue,0,,
pdl-0771,SVO — The chef (S) prepared (V) lunch (O),English,Sentence structure,Year 4,LKS2,diagram_a,SVO — The chef (S) prepared (V) lunch (O),"Three cells in a row, role label above each","[""sentence-structure"",""SVO"",""grammar""]",Adaptly Primary Catalogue,0,,
pdl-0772,SVO — The audience (S) clapped (V) loudly (adverbial),English,Sentence structure,Year 4,LKS2,diagram_a,SVO — The audience (S) clapped (V) loudly (adverbial),"Three cells in a row, role label above each","[""sentence-structure"",""SVO"",""grammar""]",Adaptly Primary Catalogue,0,,
pdl-0773,Tense timeline — simple past / present / future,English,Verb tenses,Year 4,LKS2,diagram_a,Tense timeline — simple past / present / future,"Arrow timeline, three coloured sections, sample sentences in speech bubbles","[""tense"",""verb"",""grammar""]",Adaptly Primary Catalogue,0,,
pdl-0774,Tense timeline — past progressive (was -ing),English,Verb tenses,Year 4,LKS2,diagram_a,Tense timeline — past progressive (was -ing),"Arrow timeline, three coloured sections, sample sentences in speech bubbles","[""tense"",""verb"",""grammar""]",Adaptly Primary Catalogue,0,,
pdl-0775,Tense timeline — present perfect (have/has + past participle),English,Verb tenses,Year 4,LKS2,diagram_a,Tense timeline — present perfect (have/has + past participle),"Arrow timeline, three coloured sections, sample sentences in speech bubbles","[""tense"",""verb"",""grammar""]",Adaptly Primary Catalogue,0,,
pdl-0776,Tense timeline — future continuous (will be -ing),English,Verb tenses,Year 4,LKS2,diagram_a,Tense timeline — future continuous (will be -ing),"Arrow timeline, three coloured sections, sample sentences in speech bubbles","[""tense"",""verb"",""grammar""]",Adaptly Primary Catalogue,0,,
pdl-0777,Tense timeline — past perfect (had + past participle),English,Verb tenses,Year 4,LKS2,diagram_a,Tense timeline — past perfect (had + past participle),"Arrow timeline, three coloured sections, sample sentences in speech bubbles","[""tense"",""verb"",""grammar""]",Adaptly Primary Catalogue,0,,
pdl-0778,Tense timeline — irregular past tense list (ran/went/saw),English,Verb tenses,Year 4,LKS2,diagram_a,Tense timeline — irregular past tense list (ran/went/saw),"Arrow timeline, three coloured sections, sample sentences in speech bubbles","[""tense"",""verb"",""grammar""]",Adaptly Primary Catalogue,0,,
pdl-0779,"Affix wheel — root 'play' (+s, +ed, +ing, re-, +ful)",English,Spelling patterns,Year 3,LKS2,diagram_a,"Affix wheel — root 'play' (+s, +ed, +ing, re-, +ful)","Central yellow circle for root, blue spokes for affixes, words on rim","[""spelling"",""prefix"",""suffix"",""morphology""]",Adaptly Primary Catalogue,0,,
pdl-0780,"Affix wheel — root 'happy' (un-, +ness, +ly, +er)",English,Spelling patterns,Year 3,LKS2,diagram_a,"Affix wheel — root 'happy' (un-, +ness, +ly, +er)","Central yellow circle for root, blue spokes for affixes, words on rim","[""spelling"",""prefix"",""suffix"",""morphology""]",Adaptly Primary Catalogue,0,,
pdl-0781,"Affix wheel — root 'help' (+er, +ful, +less, un-, +ing)",English,Spelling patterns,Year 3,LKS2,diagram_a,"Affix wheel — root 'help' (+er, +ful, +less, un-, +ing)","Central yellow circle for root, blue spokes for affixes, words on rim","[""spelling"",""prefix"",""suffix"",""morphology""]",Adaptly Primary Catalogue,0,,
pdl-0782,"Prefix poster — un-, dis-, mis-, in-, re-, pre-",English,Spelling patterns,Year 3,LKS2,diagram_a,"Prefix poster — un-, dis-, mis-, in-, re-, pre-","Central yellow circle for root, blue spokes for affixes, words on rim","[""spelling"",""prefix"",""suffix"",""morphology""]",Adaptly Primary Catalogue,0,,
pdl-0783,"Suffix poster — -ment, -ness, -tion, -ly, -er, -est",English,Spelling patterns,Year 3,LKS2,diagram_a,"Suffix poster — -ment, -ness, -tion, -ly, -er, -est","Central yellow circle for root, blue spokes for affixes, words on rim","[""spelling"",""prefix"",""suffix"",""morphology""]",Adaptly Primary Catalogue,0,,
pdl-0784,"Affix wheel — root 'kind' (un-, +ness, +ly, +er)",English,Spelling patterns,Year 3,LKS2,diagram_a,"Affix wheel — root 'kind' (un-, +ness, +ly, +er)","Central yellow circle for root, blue spokes for affixes, words on rim","[""spelling"",""prefix"",""suffix"",""morphology""]",Adaptly Primary Catalogue,0,,
pdl-0785,Story mountain — 5 stages,English,Story planning,Year 4,LKS2,diagram_a,Story mountain — 5 stages,"Large boxes with prompts, illustrated icons in each box","[""story"",""planning"",""writing-frame""]",Adaptly Primary Catalogue,0,,
pdl-0786,Beginning–Middle–End frame,English,Story planning,Year 4,LKS2,diagram_a,Beginning–Middle–End frame,"Large boxes with prompts, illustrated icons in each box","[""story"",""planning"",""writing-frame""]",Adaptly Primary Catalogue,0,,
pdl-0787,Setting + 3 events + ending frame,English,Story planning,Year 4,LKS2,diagram_a,Setting + 3 events + ending frame,"Large boxes with prompts, illustrated icons in each box","[""story"",""planning"",""writing-frame""]",Adaptly Primary Catalogue,0,,
pdl-0788,Problem–Resolution flowchart,English,Story planning,Year 4,LKS2,diagram_a,Problem–Resolution flowchart,"Large boxes with prompts, illustrated icons in each box","[""story"",""planning"",""writing-frame""]",Adaptly Primary Catalogue,0,,
pdl-0789,Five Ws planner (Who/What/Where/When/Why),English,Story planning,Year 4,LKS2,diagram_a,Five Ws planner (Who/What/Where/When/Why),"Large boxes with prompts, illustrated icons in each box","[""story"",""planning"",""writing-frame""]",Adaptly Primary Catalogue,0,,
pdl-0790,Character / setting / problem / solution grid,English,Story planning,Year 4,LKS2,diagram_a,Character / setting / problem / solution grid,"Large boxes with prompts, illustrated icons in each box","[""story"",""planning"",""writing-frame""]",Adaptly Primary Catalogue,0,,
pdl-0791,Comic strip — 6 panel template,English,Story planning,Year 4,LKS2,diagram_a,Comic strip — 6 panel template,"Large boxes with prompts, illustrated icons in each box","[""story"",""planning"",""writing-frame""]",Adaptly Primary Catalogue,0,,
pdl-0792,Comic strip — 9 panel template,English,Story planning,Year 4,LKS2,diagram_a,Comic strip — 9 panel template,"Large boxes with prompts, illustrated icons in each box","[""story"",""planning"",""writing-frame""]",Adaptly Primary Catalogue,0,,
pdl-0793,"Word fan — said synonyms (whispered, shouted, mumbled, exclaimed)",English,Vocabulary,Year 4,LKS2,diagram_a,"Word fan — said synonyms (whispered, shouted, mumbled, exclaimed)","Fan layout with words on the slats, colour-graded by intensity","[""vocabulary"",""synonyms"",""writing-aid""]",Adaptly Primary Catalogue,0,,
pdl-0794,"Word fan — happy synonyms (cheerful, delighted, ecstatic)",English,Vocabulary,Year 4,LKS2,diagram_a,"Word fan — happy synonyms (cheerful, delighted, ecstatic)","Fan layout with words on the slats, colour-graded by intensity","[""vocabulary"",""synonyms"",""writing-aid""]",Adaptly Primary Catalogue,0,,
pdl-0795,Word fan — sad synonyms,English,Vocabulary,Year 4,LKS2,diagram_a,Word fan — sad synonyms,"Fan layout with words on the slats, colour-graded by intensity","[""vocabulary"",""synonyms"",""writing-aid""]",Adaptly Primary Catalogue,0,,
pdl-0796,Word fan — angry synonyms,English,Vocabulary,Year 4,LKS2,diagram_a,Word fan — angry synonyms,"Fan layout with words on the slats, colour-graded by intensity","[""vocabulary"",""synonyms"",""writing-aid""]",Adaptly Primary Catalogue,0,,
pdl-0797,Word fan — walked synonyms,English,Vocabulary,Year 4,LKS2,diagram_a,Word fan — walked synonyms,"Fan layout with words on the slats, colour-graded by intensity","[""vocabulary"",""synonyms"",""writing-aid""]",Adaptly Primary Catalogue,0,,
pdl-0798,Word mat — describing weather,English,Vocabulary,Year 4,LKS2,diagram_a,Word mat — describing weather,"Fan layout with words on the slats, colour-graded by intensity","[""vocabulary"",""synonyms"",""writing-aid""]",Adaptly Primary Catalogue,0,,
pdl-0799,Show-don't-tell — He was scared,English,Descriptive writing,Year 5,UKS2,diagram_a,Show-don't-tell — He was scared,"Left column pale grey 'before', right column coloured 'after', arrow between","[""show-dont-tell"",""description"",""writing""]",Adaptly Primary Catalogue,0,,
pdl-0800,Show-don't-tell — She was angry,English,Descriptive writing,Year 5,UKS2,diagram_a,Show-don't-tell — She was angry,"Left column pale grey 'before', right column coloured 'after', arrow between","[""show-dont-tell"",""description"",""writing""]",Adaptly Primary Catalogue,0,,
pdl-0801,Show-don't-tell — They were tired,English,Descriptive writing,Year 5,UKS2,diagram_a,Show-don't-tell — They were tired,"Left column pale grey 'before', right column coloured 'after', arrow between","[""show-dont-tell"",""description"",""writing""]",Adaptly Primary Catalogue,0,,
pdl-0802,Show-don't-tell — He was excited,English,Descriptive writing,Year 5,UKS2,diagram_a,Show-don't-tell — He was excited,"Left column pale grey 'before', right column coloured 'after', arrow between","[""show-dont-tell"",""description"",""writing""]",Adaptly Primary Catalogue,0,,
pdl-0803,Show-don't-tell — She was nervous,English,Descriptive writing,Year 5,UKS2,diagram_a,Show-don't-tell — She was nervous,"Left column pale grey 'before', right column coloured 'after', arrow between","[""show-dont-tell"",""description"",""writing""]",Adaptly Primary Catalogue,0,,
pdl-0804,Show-don't-tell — He was bored,English,Descriptive writing,Year 5,UKS2,diagram_a,Show-don't-tell — He was bored,"Left column pale grey 'before', right column coloured 'after', arrow between","[""show-dont-tell"",""description"",""writing""]",Adaptly Primary Catalogue,0,,
pdl-0805,Device card — Simile (like / as),English,Poetry,Year 5,UKS2,diagram_a,Device card — Simile (like / as),"Coloured header strip, definition in friendly font, example in italics","[""poetry"",""literary-devices""]",Adaptly Primary Catalogue,0,,
pdl-0806,Device card — Metaphor,English,Poetry,Year 5,UKS2,diagram_a,Device card — Metaphor,"Coloured header strip, definition in friendly font, example in italics","[""poetry"",""literary-devices""]",Adaptly Primary Catalogue,0,,
pdl-0807,Device card — Personification,English,Poetry,Year 5,UKS2,diagram_a,Device card — Personification,"Coloured header strip, definition in friendly font, example in italics","[""poetry"",""literary-devices""]",Adaptly Primary Catalogue,0,,
pdl-0808,Device card — Alliteration,English,Poetry,Year 5,UKS2,diagram_a,Device card — Alliteration,"Coloured header strip, definition in friendly font, example in italics","[""poetry"",""literary-devices""]",Adaptly Primary Catalogue,0,,
pdl-0809,Device card — Onomatopoeia,English,Poetry,Year 5,UKS2,diagram_a,Device card — Onomatopoeia,"Coloured header strip, definition in friendly font, example in italics","[""poetry"",""literary-devices""]",Adaptly Primary Catalogue,0,,
pdl-0810,Device card — Rhyme,English,Poetry,Year 5,UKS2,diagram_a,Device card — Rhyme,"Coloured header strip, definition in friendly font, example in italics","[""poetry"",""literary-devices""]",Adaptly Primary Catalogue,0,,
pdl-0811,Device card — Rhythm,English,Poetry,Year 5,UKS2,diagram_a,Device card — Rhythm,"Coloured header strip, definition in friendly font, example in italics","[""poetry"",""literary-devices""]",Adaptly Primary Catalogue,0,,
pdl-0812,Device card — Repetition,English,Poetry,Year 5,UKS2,diagram_a,Device card — Repetition,"Coloured header strip, definition in friendly font, example in italics","[""poetry"",""literary-devices""]",Adaptly Primary Catalogue,0,,
pdl-0813,Device card — Hyperbole,English,Poetry,Year 5,UKS2,diagram_a,Device card — Hyperbole,"Coloured header strip, definition in friendly font, example in italics","[""poetry"",""literary-devices""]",Adaptly Primary Catalogue,0,,
pdl-0814,Device card — Assonance,English,Poetry,Year 5,UKS2,diagram_a,Device card — Assonance,"Coloured header strip, definition in friendly font, example in italics","[""poetry"",""literary-devices""]",Adaptly Primary Catalogue,0,,
pdl-0815,Device card — Imagery,English,Poetry,Year 5,UKS2,diagram_a,Device card — Imagery,"Coloured header strip, definition in friendly font, example in italics","[""poetry"",""literary-devices""]",Adaptly Primary Catalogue,0,,
pdl-0816,Device card — Symbolism,English,Poetry,Year 5,UKS2,diagram_a,Device card — Symbolism,"Coloured header strip, definition in friendly font, example in italics","[""poetry"",""literary-devices""]",Adaptly Primary Catalogue,0,,
pdl-0817,Poetry template — Acrostic,English,Poetry,Year 5,UKS2,diagram_a,Poetry template — Acrostic,"Each line shown as a writing rule, syllable boxes underneath","[""poetry"",""form"",""template""]",Adaptly Primary Catalogue,0,,
pdl-0818,Poetry template — Haiku (5-7-5),English,Poetry,Year 5,UKS2,diagram_a,Poetry template — Haiku (5-7-5),"Each line shown as a writing rule, syllable boxes underneath","[""poetry"",""form"",""template""]",Adaptly Primary Catalogue,0,,
pdl-0819,Poetry template — Cinquain,English,Poetry,Year 5,UKS2,diagram_a,Poetry template — Cinquain,"Each line shown as a writing rule, syllable boxes underneath","[""poetry"",""form"",""template""]",Adaptly Primary Catalogue,0,,
pdl-0820,Poetry template — Limerick (AABBA),English,Poetry,Year 5,UKS2,diagram_a,Poetry template — Limerick (AABBA),"Each line shown as a writing rule, syllable boxes underneath","[""poetry"",""form"",""template""]",Adaptly Primary Catalogue,0,,
pdl-0821,Poetry template — Kenning,English,Poetry,Year 5,UKS2,diagram_a,Poetry template — Kenning,"Each line shown as a writing rule, syllable boxes underneath","[""poetry"",""form"",""template""]",Adaptly Primary Catalogue,0,,
pdl-0822,Poetry template — Calligram (shape),English,Poetry,Year 5,UKS2,diagram_a,Poetry template — Calligram (shape),"Each line shown as a writing rule, syllable boxes underneath","[""poetry"",""form"",""template""]",Adaptly Primary Catalogue,0,,
pdl-0823,Poetry template — Free verse with stanza guide,English,Poetry,Year 5,UKS2,diagram_a,Poetry template — Free verse with stanza guide,"Each line shown as a writing rule, syllable boxes underneath","[""poetry"",""form"",""template""]",Adaptly Primary Catalogue,0,,
pdl-0824,Poetry template — Ballad (4-line stanzas),English,Poetry,Year 5,UKS2,diagram_a,Poetry template — Ballad (4-line stanzas),"Each line shown as a writing rule, syllable boxes underneath","[""poetry"",""form"",""template""]",Adaptly Primary Catalogue,0,,
pdl-0825,Poetry template — List poem,English,Poetry,Year 5,UKS2,diagram_a,Poetry template — List poem,"Each line shown as a writing rule, syllable boxes underneath","[""poetry"",""form"",""template""]",Adaptly Primary Catalogue,0,,
pdl-0826,Poetry template — Riddle,English,Poetry,Year 5,UKS2,diagram_a,Poetry template — Riddle,"Each line shown as a writing rule, syllable boxes underneath","[""poetry"",""form"",""template""]",Adaptly Primary Catalogue,0,,
pdl-0827,VIPERS poster — 6 question types,English,Reading comprehension,Year 4,LKS2,diagram_a,VIPERS poster — 6 question types,"Stepped boxes / arrows, friendly colour palette","[""reading"",""comprehension"",""skills""]",Adaptly Primary Catalogue,0,,
pdl-0828,Inference iceberg — surface vs hidden,English,Reading comprehension,Year 4,LKS2,diagram_a,Inference iceberg — surface vs hidden,"Stepped boxes / arrows, friendly colour palette","[""reading"",""comprehension"",""skills""]",Adaptly Primary Catalogue,0,,
pdl-0829,Prediction frame — clue + guess,English,Reading comprehension,Year 4,LKS2,diagram_a,Prediction frame — clue + guess,"Stepped boxes / arrows, friendly colour palette","[""reading"",""comprehension"",""skills""]",Adaptly Primary Catalogue,0,,
pdl-0830,Retrieval bookmark,English,Reading comprehension,Year 4,LKS2,diagram_a,Retrieval bookmark,"Stepped boxes / arrows, friendly colour palette","[""reading"",""comprehension"",""skills""]",Adaptly Primary Catalogue,0,,
pdl-0831,Summarising — 5W finger frame,English,Reading comprehension,Year 4,LKS2,diagram_a,Summarising — 5W finger frame,"Stepped boxes / arrows, friendly colour palette","[""reading"",""comprehension"",""skills""]",Adaptly Primary Catalogue,0,,
pdl-0832,Author's intent diagram,English,Reading comprehension,Year 4,LKS2,diagram_a,Author's intent diagram,"Stepped boxes / arrows, friendly colour palette","[""reading"",""comprehension"",""skills""]",Adaptly Primary Catalogue,0,,
pdl-0833,Cause and effect chart,English,Reading comprehension,Year 4,LKS2,diagram_a,Cause and effect chart,"Stepped boxes / arrows, friendly colour palette","[""reading"",""comprehension"",""skills""]",Adaptly Primary Catalogue,0,,
pdl-0834,Compare and contrast Venn (book vs film),English,Reading comprehension,Year 4,LKS2,diagram_a,Compare and contrast Venn (book vs film),"Stepped boxes / arrows, friendly colour palette","[""reading"",""comprehension"",""skills""]",Adaptly Primary Catalogue,0,,
pdl-0835,Reading log icon set,English,Reading comprehension,Year 4,LKS2,diagram_a,Reading log icon set,"Stepped boxes / arrows, friendly colour palette","[""reading"",""comprehension"",""skills""]",Adaptly Primary Catalogue,0,,
pdl-0836,Reciprocal reading roles wheel,English,Reading comprehension,Year 4,LKS2,diagram_a,Reciprocal reading roles wheel,"Stepped boxes / arrows, friendly colour palette","[""reading"",""comprehension"",""skills""]",Adaptly Primary Catalogue,0,,
pdl-0837,Text type — Recount structure,English,Non-fiction writing,Year 5,UKS2,diagram_a,Text type — Recount structure,"Coloured header per text type, structure laid out in stacked boxes","[""non-fiction"",""text-types""]",Adaptly Primary Catalogue,0,,
pdl-0838,Text type — Instructions (numbered + ingredients),English,Non-fiction writing,Year 5,UKS2,diagram_a,Text type — Instructions (numbered + ingredients),"Coloured header per text type, structure laid out in stacked boxes","[""non-fiction"",""text-types""]",Adaptly Primary Catalogue,0,,
pdl-0839,Text type — Explanation (cause–effect chain),English,Non-fiction writing,Year 5,UKS2,diagram_a,Text type — Explanation (cause–effect chain),"Coloured header per text type, structure laid out in stacked boxes","[""non-fiction"",""text-types""]",Adaptly Primary Catalogue,0,,
pdl-0840,"Text type — Persuasive (point, evidence, explain)",English,Non-fiction writing,Year 5,UKS2,diagram_a,"Text type — Persuasive (point, evidence, explain)","Coloured header per text type, structure laid out in stacked boxes","[""non-fiction"",""text-types""]",Adaptly Primary Catalogue,0,,
pdl-0841,Text type — Discussion (for / against),English,Non-fiction writing,Year 5,UKS2,diagram_a,Text type — Discussion (for / against),"Coloured header per text type, structure laid out in stacked boxes","[""non-fiction"",""text-types""]",Adaptly Primary Catalogue,0,,
pdl-0842,Text type — Newspaper report (5W headline),English,Non-fiction writing,Year 5,UKS2,diagram_a,Text type — Newspaper report (5W headline),"Coloured header per text type, structure laid out in stacked boxes","[""non-fiction"",""text-types""]",Adaptly Primary Catalogue,0,,
pdl-0843,"Text type — Letter (address, opening, body, sign-off)",English,Non-fiction writing,Year 5,UKS2,diagram_a,"Text type — Letter (address, opening, body, sign-off)","Coloured header per text type, structure laid out in stacked boxes","[""non-fiction"",""text-types""]",Adaptly Primary Catalogue,0,,
pdl-0844,Text type — Diary entry frame,English,Non-fiction writing,Year 5,UKS2,diagram_a,Text type — Diary entry frame,"Coloured header per text type, structure laid out in stacked boxes","[""non-fiction"",""text-types""]",Adaptly Primary Catalogue,0,,
pdl-0845,Text type — Biography timeline,English,Non-fiction writing,Year 5,UKS2,diagram_a,Text type — Biography timeline,"Coloured header per text type, structure laid out in stacked boxes","[""non-fiction"",""text-types""]",Adaptly Primary Catalogue,0,,
pdl-0846,Text type — Information report (intro / sections / conclusion),English,Non-fiction writing,Year 5,UKS2,diagram_a,Text type — Information report (intro / sections / conclusion),"Coloured header per text type, structure laid out in stacked boxes","[""non-fiction"",""text-types""]",Adaptly Primary Catalogue,0,,
pdl-0847,Text type — Book review template,English,Non-fiction writing,Year 5,UKS2,diagram_a,Text type — Book review template,"Coloured header per text type, structure laid out in stacked boxes","[""non-fiction"",""text-types""]",Adaptly Primary Catalogue,0,,
pdl-0848,Text type — Advert layout (logo / slogan / image / detail),English,Non-fiction writing,Year 5,UKS2,diagram_a,Text type — Advert layout (logo / slogan / image / detail),"Coloured header per text type, structure laid out in stacked boxes","[""non-fiction"",""text-types""]",Adaptly Primary Catalogue,0,,
pdl-0849,Spelling — i before e except after c,English,Spelling patterns,Year 4,LKS2,diagram_a,Spelling — i before e except after c,"Headline rule in bold, examples in bullet list, exception box in red","[""spelling"",""rule""]",Adaptly Primary Catalogue,0,,
pdl-0850,Spelling — drop the e before -ing,English,Spelling patterns,Year 4,LKS2,diagram_a,Spelling — drop the e before -ing,"Headline rule in bold, examples in bullet list, exception box in red","[""spelling"",""rule""]",Adaptly Primary Catalogue,0,,
pdl-0851,Spelling — double the consonant before -ed/-ing,English,Spelling patterns,Year 4,LKS2,diagram_a,Spelling — double the consonant before -ed/-ing,"Headline rule in bold, examples in bullet list, exception box in red","[""spelling"",""rule""]",Adaptly Primary Catalogue,0,,
pdl-0852,Spelling — change y to i (happy → happiest),English,Spelling patterns,Year 4,LKS2,diagram_a,Spelling — change y to i (happy → happiest),"Headline rule in bold, examples in bullet list, exception box in red","[""spelling"",""rule""]",Adaptly Primary Catalogue,0,,
pdl-0853,Spelling — plurals -s vs -es / -y → -ies,English,Spelling patterns,Year 4,LKS2,diagram_a,Spelling — plurals -s vs -es / -y → -ies,"Headline rule in bold, examples in bullet list, exception box in red","[""spelling"",""rule""]",Adaptly Primary Catalogue,0,,
pdl-0854,Spelling — homophones (their/there/they're),English,Spelling patterns,Year 4,LKS2,diagram_a,Spelling — homophones (their/there/they're),"Headline rule in bold, examples in bullet list, exception box in red","[""spelling"",""rule""]",Adaptly Primary Catalogue,0,,
pdl-0855,"Spelling — silent letters (kn, wr, mb)",English,Spelling patterns,Year 4,LKS2,diagram_a,"Spelling — silent letters (kn, wr, mb)","Headline rule in bold, examples in bullet list, exception box in red","[""spelling"",""rule""]",Adaptly Primary Catalogue,0,,
pdl-0856,Drama card — at the lost-property office,English,Speaking and listening,Year 4,LKS2,diagram_a,Drama card — at the lost-property office,"Two character icons, speech bubble, setting badge","[""drama"",""role-play"",""speaking""]",Adaptly Primary Catalogue,0,,
pdl-0857,Drama card — explorers in a cave,English,Speaking and listening,Year 4,LKS2,diagram_a,Drama card — explorers in a cave,"Two character icons, speech bubble, setting badge","[""drama"",""role-play"",""speaking""]",Adaptly Primary Catalogue,0,,
pdl-0858,Drama card — restaurant complaint,English,Speaking and listening,Year 4,LKS2,diagram_a,Drama card — restaurant complaint,"Two character icons, speech bubble, setting badge","[""drama"",""role-play"",""speaking""]",Adaptly Primary Catalogue,0,,
pdl-0859,Drama card — TV news interview,English,Speaking and listening,Year 4,LKS2,diagram_a,Drama card — TV news interview,"Two character icons, speech bubble, setting badge","[""drama"",""role-play"",""speaking""]",Adaptly Primary Catalogue,0,,
pdl-0860,Drama card — astronauts on Mars,English,Speaking and listening,Year 4,LKS2,diagram_a,Drama card — astronauts on Mars,"Two character icons, speech bubble, setting badge","[""drama"",""role-play"",""speaking""]",Adaptly Primary Catalogue,0,,
pdl-0861,Drama card — historical witness statement,English,Speaking and listening,Year 4,LKS2,diagram_a,Drama card — historical witness statement,"Two character icons, speech bubble, setting badge","[""drama"",""role-play"",""speaking""]",Adaptly Primary Catalogue,0,,
pdl-0862,Cursive joins — diagonal join 'ch',English,Handwriting,Year 3,LKS2,diagram_a,Cursive joins — diagonal join 'ch',"Cursive font, arrows show diagonal join","[""handwriting"",""joining"",""cursive""]",Adaptly Primary Catalogue,0,,
pdl-0863,Cursive joins — horizontal join 'wo',English,Handwriting,Year 3,LKS2,diagram_a,Cursive joins — horizontal join 'wo',"Cursive font, arrows show diagonal join","[""handwriting"",""joining"",""cursive""]",Adaptly Primary Catalogue,0,,
pdl-0864,Cursive joins — diagonal-to-ascender 'th',English,Handwriting,Year 3,LKS2,diagram_a,Cursive joins — diagonal-to-ascender 'th',"Cursive font, arrows show diagonal join","[""handwriting"",""joining"",""cursive""]",Adaptly Primary Catalogue,0,,
pdl-0865,Cursive joins — horizontal-to-ascender 'ol',English,Handwriting,Year 3,LKS2,diagram_a,Cursive joins — horizontal-to-ascender 'ol',"Cursive font, arrows show diagonal join","[""handwriting"",""joining"",""cursive""]",Adaptly Primary Catalogue,0,,
pdl-0866,"Cursive joins — break-letter (b, p, q, g, j) example",English,Handwriting,Year 3,LKS2,diagram_a,"Cursive joins — break-letter (b, p, q, g, j) example","Cursive font, arrows show diagonal join","[""handwriting"",""joining"",""cursive""]",Adaptly Primary Catalogue,0,,
pdl-0867,Mascot — Bea reading on a beanbag,English,Reading for pleasure,Year 1,KS1,diagram_a,Mascot — Bea reading on a beanbag,"Bea-the-bookworm character, varied costume per pose","[""reading"",""mascot"",""branding""]",Adaptly Primary Catalogue,0,,
pdl-0868,Mascot — Bea pointing at a chapter title,English,Reading for pleasure,Year 1,KS1,diagram_a,Mascot — Bea pointing at a chapter title,"Bea-the-bookworm character, varied costume per pose","[""reading"",""mascot"",""branding""]",Adaptly Primary Catalogue,0,,
pdl-0869,Mascot — Bea recommending a book,English,Reading for pleasure,Year 1,KS1,diagram_a,Mascot — Bea recommending a book,"Bea-the-bookworm character, varied costume per pose","[""reading"",""mascot"",""branding""]",Adaptly Primary Catalogue,0,,
pdl-0870,Mascot — Bea sharing a book with a friend,English,Reading for pleasure,Year 1,KS1,diagram_a,Mascot — Bea sharing a book with a friend,"Bea-the-bookworm character, varied costume per pose","[""reading"",""mascot"",""branding""]",Adaptly Primary Catalogue,0,,
pdl-0871,Mascot — Bea reading under a torch (bedtime),English,Reading for pleasure,Year 1,KS1,diagram_a,Mascot — Bea reading under a torch (bedtime),"Bea-the-bookworm character, varied costume per pose","[""reading"",""mascot"",""branding""]",Adaptly Primary Catalogue,0,,
pdl-0872,Mascot — Bea celebrating finishing a book,English,Reading for pleasure,Year 1,KS1,diagram_a,Mascot — Bea celebrating finishing a book,"Bea-the-bookworm character, varied costume per pose","[""reading"",""mascot"",""branding""]",Adaptly Primary Catalogue,0,,
pdl-0873,Plant card — rose,Biology,Plants,Year 1,KS1,diagram_a,"Single rose drawn with stem, leaves and clearly visible flower head; common name printed underneath.","Botanical-style line drawing with soft fill, white background","[""plants"",""flower"",""KS1"",""rose""]",Adaptly Primary Catalogue,0,,
pdl-0874,Plant card — daisy,Biology,Plants,Year 1,KS1,diagram_a,"Single daisy drawn with stem, leaves and clearly visible flower head; common name printed underneath.","Botanical-style line drawing with soft fill, white background","[""plants"",""flower"",""KS1"",""daisy""]",Adaptly Primary Catalogue,0,,
pdl-0875,Plant card — sunflower,Biology,Plants,Year 1,KS1,diagram_a,"Single sunflower drawn with stem, leaves and clearly visible flower head; common name printed underneath.","Botanical-style line drawing with soft fill, white background","[""plants"",""flower"",""KS1"",""sunflower""]",Adaptly Primary Catalogue,0,,
pdl-0876,Plant card — daffodil,Biology,Plants,Year 1,KS1,diagram_a,"Single daffodil drawn with stem, leaves and clearly visible flower head; common name printed underneath.","Botanical-style line drawing with soft fill, white background","[""plants"",""flower"",""KS1"",""daffodil""]",Adaptly Primary Catalogue,0,,
pdl-0877,Plant card — tulip,Biology,Plants,Year 1,KS1,diagram_a,"Single tulip drawn with stem, leaves and clearly visible flower head; common name printed underneath.","Botanical-style line drawing with soft fill, white background","[""plants"",""flower"",""KS1"",""tulip""]",Adaptly Primary Catalogue,0,,
pdl-0878,Plant card — dandelion,Biology,Plants,Year 1,KS1,diagram_a,"Single dandelion drawn with stem, leaves and clearly visible flower head; common name printed underneath.","Botanical-style line drawing with soft fill, white background","[""plants"",""flower"",""KS1"",""dandelion""]",Adaptly Primary Catalogue,0,,
pdl-0879,Plant card — buttercup,Biology,Plants,Year 1,KS1,diagram_a,"Single buttercup drawn with stem, leaves and clearly visible flower head; common name printed underneath.","Botanical-style line drawing with soft fill, white background","[""plants"",""flower"",""KS1"",""buttercup""]",Adaptly Primary Catalogue,0,,
pdl-0880,Plant card — bluebell,Biology,Plants,Year 1,KS1,diagram_a,"Single bluebell drawn with stem, leaves and clearly visible flower head; common name printed underneath.","Botanical-style line drawing with soft fill, white background","[""plants"",""flower"",""KS1"",""bluebell""]",Adaptly Primary Catalogue,0,,
pdl-0881,Plant card — poppy,Biology,Plants,Year 1,KS1,diagram_a,"Single poppy drawn with stem, leaves and clearly visible flower head; common name printed underneath.","Botanical-style line drawing with soft fill, white background","[""plants"",""flower"",""KS1"",""poppy""]",Adaptly Primary Catalogue,0,,
pdl-0882,Plant card — lavender,Biology,Plants,Year 1,KS1,diagram_a,"Single lavender drawn with stem, leaves and clearly visible flower head; common name printed underneath.","Botanical-style line drawing with soft fill, white background","[""plants"",""flower"",""KS1"",""lavender""]",Adaptly Primary Catalogue,0,,
pdl-0883,Plant card — lily,Biology,Plants,Year 1,KS1,diagram_a,"Single lily drawn with stem, leaves and clearly visible flower head; common name printed underneath.","Botanical-style line drawing with soft fill, white background","[""plants"",""flower"",""KS1"",""lily""]",Adaptly Primary Catalogue,0,,
pdl-0884,Plant card — pansy,Biology,Plants,Year 1,KS1,diagram_a,"Single pansy drawn with stem, leaves and clearly visible flower head; common name printed underneath.","Botanical-style line drawing with soft fill, white background","[""plants"",""flower"",""KS1"",""pansy""]",Adaptly Primary Catalogue,0,,
pdl-0885,Plant card — geranium,Biology,Plants,Year 1,KS1,diagram_a,"Single geranium drawn with stem, leaves and clearly visible flower head; common name printed underneath.","Botanical-style line drawing with soft fill, white background","[""plants"",""flower"",""KS1"",""geranium""]",Adaptly Primary Catalogue,0,,
pdl-0886,Plant card — hyacinth,Biology,Plants,Year 1,KS1,diagram_a,"Single hyacinth drawn with stem, leaves and clearly visible flower head; common name printed underneath.","Botanical-style line drawing with soft fill, white background","[""plants"",""flower"",""KS1"",""hyacinth""]",Adaptly Primary Catalogue,0,,
pdl-0887,Plant card — snapdragon,Biology,Plants,Year 1,KS1,diagram_a,"Single snapdragon drawn with stem, leaves and clearly visible flower head; common name printed underneath.","Botanical-style line drawing with soft fill, white background","[""plants"",""flower"",""KS1"",""snapdragon""]",Adaptly Primary Catalogue,0,,
pdl-0888,Tree card — oak,Biology,Plants,Year 2,KS1,diagram_a,"Whole tree silhouette plus a leaf detail and (where relevant) seed/fruit, all labelled.",Soft-shaded silhouette with leaf inset and label call-outs,"[""plants"",""tree"",""leaf-id"",""KS1"",""oak""]",Adaptly Primary Catalogue,0,,
pdl-0889,Tree card — ash,Biology,Plants,Year 2,KS1,diagram_a,"Whole tree silhouette plus a leaf detail and (where relevant) seed/fruit, all labelled.",Soft-shaded silhouette with leaf inset and label call-outs,"[""plants"",""tree"",""leaf-id"",""KS1"",""ash""]",Adaptly Primary Catalogue,0,,
pdl-0890,Tree card — elm,Biology,Plants,Year 2,KS1,diagram_a,"Whole tree silhouette plus a leaf detail and (where relevant) seed/fruit, all labelled.",Soft-shaded silhouette with leaf inset and label call-outs,"[""plants"",""tree"",""leaf-id"",""KS1"",""elm""]",Adaptly Primary Catalogue,0,,
pdl-0891,Tree card — beech,Biology,Plants,Year 2,KS1,diagram_a,"Whole tree silhouette plus a leaf detail and (where relevant) seed/fruit, all labelled.",Soft-shaded silhouette with leaf inset and label call-outs,"[""plants"",""tree"",""leaf-id"",""KS1"",""beech""]",Adaptly Primary Catalogue,0,,
pdl-0892,Tree card — sycamore,Biology,Plants,Year 2,KS1,diagram_a,"Whole tree silhouette plus a leaf detail and (where relevant) seed/fruit, all labelled.",Soft-shaded silhouette with leaf inset and label call-outs,"[""plants"",""tree"",""leaf-id"",""KS1"",""sycamore""]",Adaptly Primary Catalogue,0,,
pdl-0893,Tree card — willow,Biology,Plants,Year 2,KS1,diagram_a,"Whole tree silhouette plus a leaf detail and (where relevant) seed/fruit, all labelled.",Soft-shaded silhouette with leaf inset and label call-outs,"[""plants"",""tree"",""leaf-id"",""KS1"",""willow""]",Adaptly Primary Catalogue,0,,
pdl-0894,Tree card — silver birch,Biology,Plants,Year 2,KS1,diagram_a,"Whole tree silhouette plus a leaf detail and (where relevant) seed/fruit, all labelled.",Soft-shaded silhouette with leaf inset and label call-outs,"[""plants"",""tree"",""leaf-id"",""KS1"",""silver-birch""]",Adaptly Primary Catalogue,0,,
pdl-0895,Tree card — Scots pine,Biology,Plants,Year 2,KS1,diagram_a,"Whole tree silhouette plus a leaf detail and (where relevant) seed/fruit, all labelled.",Soft-shaded silhouette with leaf inset and label call-outs,"[""plants"",""tree"",""leaf-id"",""KS1"",""Scots-pine""]",Adaptly Primary Catalogue,0,,
pdl-0896,Tree card — spruce,Biology,Plants,Year 2,KS1,diagram_a,"Whole tree silhouette plus a leaf detail and (where relevant) seed/fruit, all labelled.",Soft-shaded silhouette with leaf inset and label call-outs,"[""plants"",""tree"",""leaf-id"",""KS1"",""spruce""]",Adaptly Primary Catalogue,0,,
pdl-0897,Tree card — fir,Biology,Plants,Year 2,KS1,diagram_a,"Whole tree silhouette plus a leaf detail and (where relevant) seed/fruit, all labelled.",Soft-shaded silhouette with leaf inset and label call-outs,"[""plants"",""tree"",""leaf-id"",""KS1"",""fir""]",Adaptly Primary Catalogue,0,,
pdl-0898,Tree card — holly,Biology,Plants,Year 2,KS1,diagram_a,"Whole tree silhouette plus a leaf detail and (where relevant) seed/fruit, all labelled.",Soft-shaded silhouette with leaf inset and label call-outs,"[""plants"",""tree"",""leaf-id"",""KS1"",""holly""]",Adaptly Primary Catalogue,0,,
pdl-0899,Tree card — horse chestnut,Biology,Plants,Year 2,KS1,diagram_a,"Whole tree silhouette plus a leaf detail and (where relevant) seed/fruit, all labelled.",Soft-shaded silhouette with leaf inset and label call-outs,"[""plants"",""tree"",""leaf-id"",""KS1"",""horse-chestnut""]",Adaptly Primary Catalogue,0,,
pdl-0900,Tree card — hazel,Biology,Plants,Year 2,KS1,diagram_a,"Whole tree silhouette plus a leaf detail and (where relevant) seed/fruit, all labelled.",Soft-shaded silhouette with leaf inset and label call-outs,"[""plants"",""tree"",""leaf-id"",""KS1"",""hazel""]",Adaptly Primary Catalogue,0,,
pdl-0901,Tree card — rowan,Biology,Plants,Year 2,KS1,diagram_a,"Whole tree silhouette plus a leaf detail and (where relevant) seed/fruit, all labelled.",Soft-shaded silhouette with leaf inset and label call-outs,"[""plants"",""tree"",""leaf-id"",""KS1"",""rowan""]",Adaptly Primary Catalogue,0,,
pdl-0902,Tree card — yew,Biology,Plants,Year 2,KS1,diagram_a,"Whole tree silhouette plus a leaf detail and (where relevant) seed/fruit, all labelled.",Soft-shaded silhouette with leaf inset and label call-outs,"[""plants"",""tree"",""leaf-id"",""KS1"",""yew""]",Adaptly Primary Catalogue,0,,
pdl-0903,Plant parts — full diagram (petal/stem/leaf/root),Biology,Plants,Year 3,LKS2,diagram_a,Plant parts — full diagram (petal/stem/leaf/root),"Cutaway view, label lines colour-matched to part categories","[""plant-anatomy"",""flowering-plant""]",Adaptly Primary Catalogue,0,,
pdl-0904,Flower parts — labelled cross-section,Biology,Plants,Year 3,LKS2,diagram_a,Flower parts — labelled cross-section,"Cutaway view, label lines colour-matched to part categories","[""plant-anatomy"",""flowering-plant""]",Adaptly Primary Catalogue,0,,
pdl-0905,Pollination diagram — bee on flower,Biology,Plants,Year 3,LKS2,diagram_a,Pollination diagram — bee on flower,"Cutaway view, label lines colour-matched to part categories","[""plant-anatomy"",""flowering-plant""]",Adaptly Primary Catalogue,0,,
pdl-0906,"Seed dispersal — wind, animal, water, explosion (4 panels)",Biology,Plants,Year 3,LKS2,diagram_a,"Seed dispersal — wind, animal, water, explosion (4 panels)","Cutaway view, label lines colour-matched to part categories","[""plant-anatomy"",""flowering-plant""]",Adaptly Primary Catalogue,0,,
pdl-0907,Plant life cycle — seed → seedling → plant → flower → seed,Biology,Plants,Year 3,LKS2,diagram_a,Plant life cycle — seed → seedling → plant → flower → seed,"Cutaway view, label lines colour-matched to part categories","[""plant-anatomy"",""flowering-plant""]",Adaptly Primary Catalogue,0,,
pdl-0908,Photosynthesis word equation poster,Biology,Plants,Year 3,LKS2,diagram_a,Photosynthesis word equation poster,"Cutaway view, label lines colour-matched to part categories","[""plant-anatomy"",""flowering-plant""]",Adaptly Primary Catalogue,0,,
pdl-0909,What plants need — Sun / water / air / soil chart,Biology,Plants,Year 3,LKS2,diagram_a,What plants need — Sun / water / air / soil chart,"Cutaway view, label lines colour-matched to part categories","[""plant-anatomy"",""flowering-plant""]",Adaptly Primary Catalogue,0,,
pdl-0910,Stem cross-section showing xylem and phloem (Y6),Biology,Plants,Year 3,LKS2,diagram_a,Stem cross-section showing xylem and phloem (Y6),"Cutaway view, label lines colour-matched to part categories","[""plant-anatomy"",""flowering-plant""]",Adaptly Primary Catalogue,0,,
pdl-0911,UK garden animal — robin,Biology,Animals,Year 1,KS1,diagram_a,Robin drawn in profile with name underneath.,"Naturalistic colour palette, soft outline","[""animal"",""uk-wildlife"",""KS1"",""robin""]",Adaptly Primary Catalogue,0,,
pdl-0912,UK garden animal — blackbird,Biology,Animals,Year 1,KS1,diagram_a,Blackbird drawn in profile with name underneath.,"Naturalistic colour palette, soft outline","[""animal"",""uk-wildlife"",""KS1"",""blackbird""]",Adaptly Primary Catalogue,0,,
pdl-0913,UK garden animal — house sparrow,Biology,Animals,Year 1,KS1,diagram_a,House sparrow drawn in profile with name underneath.,"Naturalistic colour palette, soft outline","[""animal"",""uk-wildlife"",""KS1"",""house-sparrow""]",Adaptly Primary Catalogue,0,,
pdl-0914,UK garden animal — blue tit,Biology,Animals,Year 1,KS1,diagram_a,Blue tit drawn in profile with name underneath.,"Naturalistic colour palette, soft outline","[""animal"",""uk-wildlife"",""KS1"",""blue-tit""]",Adaptly Primary Catalogue,0,,
pdl-0915,UK garden animal — hedgehog,Biology,Animals,Year 1,KS1,diagram_a,Hedgehog drawn in profile with name underneath.,"Naturalistic colour palette, soft outline","[""animal"",""uk-wildlife"",""KS1"",""hedgehog""]",Adaptly Primary Catalogue,0,,
pdl-0916,UK garden animal — red fox,Biology,Animals,Year 1,KS1,diagram_a,Red fox drawn in profile with name underneath.,"Naturalistic colour palette, soft outline","[""animal"",""uk-wildlife"",""KS1"",""red-fox""]",Adaptly Primary Catalogue,0,,
pdl-0917,UK garden animal — badger,Biology,Animals,Year 1,KS1,diagram_a,Badger drawn in profile with name underneath.,"Naturalistic colour palette, soft outline","[""animal"",""uk-wildlife"",""KS1"",""badger""]",Adaptly Primary Catalogue,0,,
pdl-0918,UK garden animal — grey squirrel,Biology,Animals,Year 1,KS1,diagram_a,Grey squirrel drawn in profile with name underneath.,"Naturalistic colour palette, soft outline","[""animal"",""uk-wildlife"",""KS1"",""grey-squirrel""]",Adaptly Primary Catalogue,0,,
pdl-0919,UK garden animal — wood mouse,Biology,Animals,Year 1,KS1,diagram_a,Wood mouse drawn in profile with name underneath.,"Naturalistic colour palette, soft outline","[""animal"",""uk-wildlife"",""KS1"",""wood-mouse""]",Adaptly Primary Catalogue,0,,
pdl-0920,UK garden animal — rabbit,Biology,Animals,Year 1,KS1,diagram_a,Rabbit drawn in profile with name underneath.,"Naturalistic colour palette, soft outline","[""animal"",""uk-wildlife"",""KS1"",""rabbit""]",Adaptly Primary Catalogue,0,,
pdl-0921,UK garden animal — woodlouse,Biology,Animals,Year 1,KS1,diagram_a,Woodlouse drawn in profile with name underneath.,"Naturalistic colour palette, soft outline","[""animal"",""uk-wildlife"",""KS1"",""woodlouse""]",Adaptly Primary Catalogue,0,,
pdl-0922,UK garden animal — ladybird,Biology,Animals,Year 1,KS1,diagram_a,Ladybird drawn in profile with name underneath.,"Naturalistic colour palette, soft outline","[""animal"",""uk-wildlife"",""KS1"",""ladybird""]",Adaptly Primary Catalogue,0,,
pdl-0923,UK garden animal — peacock butterfly,Biology,Animals,Year 1,KS1,diagram_a,Peacock butterfly drawn in profile with name underneath.,"Naturalistic colour palette, soft outline","[""animal"",""uk-wildlife"",""KS1"",""peacock-butterfly""]",Adaptly Primary Catalogue,0,,
pdl-0924,UK garden animal — honey bee,Biology,Animals,Year 1,KS1,diagram_a,Honey bee drawn in profile with name underneath.,"Naturalistic colour palette, soft outline","[""animal"",""uk-wildlife"",""KS1"",""honey-bee""]",Adaptly Primary Catalogue,0,,
pdl-0925,UK garden animal — garden snail,Biology,Animals,Year 1,KS1,diagram_a,Garden snail drawn in profile with name underneath.,"Naturalistic colour palette, soft outline","[""animal"",""uk-wildlife"",""KS1"",""garden-snail""]",Adaptly Primary Catalogue,0,,
pdl-0926,Pet card — dog,Biology,Animals,Year 1,KS1,diagram_a,Dog drawn with food/equipment hint (e.g. dog with bowl).,"Friendly rounded forms, sticker style","[""pet"",""animal"",""KS1"",""dog""]",Adaptly Primary Catalogue,0,,
pdl-0927,Pet card — cat,Biology,Animals,Year 1,KS1,diagram_a,Cat drawn with food/equipment hint (e.g. dog with bowl).,"Friendly rounded forms, sticker style","[""pet"",""animal"",""KS1"",""cat""]",Adaptly Primary Catalogue,0,,
pdl-0928,Pet card — hamster,Biology,Animals,Year 1,KS1,diagram_a,Hamster drawn with food/equipment hint (e.g. dog with bowl).,"Friendly rounded forms, sticker style","[""pet"",""animal"",""KS1"",""hamster""]",Adaptly Primary Catalogue,0,,
pdl-0929,Pet card — rabbit,Biology,Animals,Year 1,KS1,diagram_a,Rabbit drawn with food/equipment hint (e.g. dog with bowl).,"Friendly rounded forms, sticker style","[""pet"",""animal"",""KS1"",""rabbit""]",Adaptly Primary Catalogue,0,,
pdl-0930,Pet card — guinea pig,Biology,Animals,Year 1,KS1,diagram_a,Guinea pig drawn with food/equipment hint (e.g. dog with bowl).,"Friendly rounded forms, sticker style","[""pet"",""animal"",""KS1"",""guinea-pig""]",Adaptly Primary Catalogue,0,,
pdl-0931,Pet card — goldfish,Biology,Animals,Year 1,KS1,diagram_a,Goldfish drawn with food/equipment hint (e.g. dog with bowl).,"Friendly rounded forms, sticker style","[""pet"",""animal"",""KS1"",""goldfish""]",Adaptly Primary Catalogue,0,,
pdl-0932,Pet card — budgerigar,Biology,Animals,Year 1,KS1,diagram_a,Budgerigar drawn with food/equipment hint (e.g. dog with bowl).,"Friendly rounded forms, sticker style","[""pet"",""animal"",""KS1"",""budgerigar""]",Adaptly Primary Catalogue,0,,
pdl-0933,Pet card — tortoise,Biology,Animals,Year 1,KS1,diagram_a,Tortoise drawn with food/equipment hint (e.g. dog with bowl).,"Friendly rounded forms, sticker style","[""pet"",""animal"",""KS1"",""tortoise""]",Adaptly Primary Catalogue,0,,
pdl-0934,Pet card — gerbil,Biology,Animals,Year 1,KS1,diagram_a,Gerbil drawn with food/equipment hint (e.g. dog with bowl).,"Friendly rounded forms, sticker style","[""pet"",""animal"",""KS1"",""gerbil""]",Adaptly Primary Catalogue,0,,
pdl-0935,Pet card — parrot,Biology,Animals,Year 1,KS1,diagram_a,Parrot drawn with food/equipment hint (e.g. dog with bowl).,"Friendly rounded forms, sticker style","[""pet"",""animal"",""KS1"",""parrot""]",Adaptly Primary Catalogue,0,,
pdl-0936,Farm animal — cow,Biology,Animals,Year 1,KS1,diagram_a,"Cow drawn in profile, farm-yard background hint.",Classic farmyard palette,"[""farm-animal"",""KS1"",""cow""]",Adaptly Primary Catalogue,0,,
pdl-0937,Farm animal — sheep,Biology,Animals,Year 1,KS1,diagram_a,"Sheep drawn in profile, farm-yard background hint.",Classic farmyard palette,"[""farm-animal"",""KS1"",""sheep""]",Adaptly Primary Catalogue,0,,
pdl-0938,Farm animal — goat,Biology,Animals,Year 1,KS1,diagram_a,"Goat drawn in profile, farm-yard background hint.",Classic farmyard palette,"[""farm-animal"",""KS1"",""goat""]",Adaptly Primary Catalogue,0,,
pdl-0939,Farm animal — pig,Biology,Animals,Year 1,KS1,diagram_a,"Pig drawn in profile, farm-yard background hint.",Classic farmyard palette,"[""farm-animal"",""KS1"",""pig""]",Adaptly Primary Catalogue,0,,
pdl-0940,Farm animal — horse,Biology,Animals,Year 1,KS1,diagram_a,"Horse drawn in profile, farm-yard background hint.",Classic farmyard palette,"[""farm-animal"",""KS1"",""horse""]",Adaptly Primary Catalogue,0,,
pdl-0941,Farm animal — chicken,Biology,Animals,Year 1,KS1,diagram_a,"Chicken drawn in profile, farm-yard background hint.",Classic farmyard palette,"[""farm-animal"",""KS1"",""chicken""]",Adaptly Primary Catalogue,0,,
pdl-0942,Farm animal — duck,Biology,Animals,Year 1,KS1,diagram_a,"Duck drawn in profile, farm-yard background hint.",Classic farmyard palette,"[""farm-animal"",""KS1"",""duck""]",Adaptly Primary Catalogue,0,,
pdl-0943,Farm animal — goose,Biology,Animals,Year 1,KS1,diagram_a,"Goose drawn in profile, farm-yard background hint.",Classic farmyard palette,"[""farm-animal"",""KS1"",""goose""]",Adaptly Primary Catalogue,0,,
pdl-0944,Farm animal — donkey,Biology,Animals,Year 1,KS1,diagram_a,"Donkey drawn in profile, farm-yard background hint.",Classic farmyard palette,"[""farm-animal"",""KS1"",""donkey""]",Adaptly Primary Catalogue,0,,
pdl-0945,Farm animal — llama,Biology,Animals,Year 1,KS1,diagram_a,"Llama drawn in profile, farm-yard background hint.",Classic farmyard palette,"[""farm-animal"",""KS1"",""llama""]",Adaptly Primary Catalogue,0,,
pdl-0946,Animal card — lion,Biology,Animals,Year 2,KS1,diagram_a,Lion drawn in characteristic pose with habitat hint behind.,Vivid palette suiting habitat,"[""animal"",""world-wildlife"",""KS1"",""lion""]",Adaptly Primary Catalogue,0,,
pdl-0947,Animal card — tiger,Biology,Animals,Year 2,KS1,diagram_a,Tiger drawn in characteristic pose with habitat hint behind.,Vivid palette suiting habitat,"[""animal"",""world-wildlife"",""KS1"",""tiger""]",Adaptly Primary Catalogue,0,,
pdl-0948,Animal card — elephant,Biology,Animals,Year 2,KS1,diagram_a,Elephant drawn in characteristic pose with habitat hint behind.,Vivid palette suiting habitat,"[""animal"",""world-wildlife"",""KS1"",""elephant""]",Adaptly Primary Catalogue,0,,
pdl-0949,Animal card — giraffe,Biology,Animals,Year 2,KS1,diagram_a,Giraffe drawn in characteristic pose with habitat hint behind.,Vivid palette suiting habitat,"[""animal"",""world-wildlife"",""KS1"",""giraffe""]",Adaptly Primary Catalogue,0,,
pdl-0950,Animal card — zebra,Biology,Animals,Year 2,KS1,diagram_a,Zebra drawn in characteristic pose with habitat hint behind.,Vivid palette suiting habitat,"[""animal"",""world-wildlife"",""KS1"",""zebra""]",Adaptly Primary Catalogue,0,,
pdl-0951,Animal card — monkey,Biology,Animals,Year 2,KS1,diagram_a,Monkey drawn in characteristic pose with habitat hint behind.,Vivid palette suiting habitat,"[""animal"",""world-wildlife"",""KS1"",""monkey""]",Adaptly Primary Catalogue,0,,
pdl-0952,Animal card — panda,Biology,Animals,Year 2,KS1,diagram_a,Panda drawn in characteristic pose with habitat hint behind.,Vivid palette suiting habitat,"[""animal"",""world-wildlife"",""KS1"",""panda""]",Adaptly Primary Catalogue,0,,
pdl-0953,Animal card — kangaroo,Biology,Animals,Year 2,KS1,diagram_a,Kangaroo drawn in characteristic pose with habitat hint behind.,Vivid palette suiting habitat,"[""animal"",""world-wildlife"",""KS1"",""kangaroo""]",Adaptly Primary Catalogue,0,,
pdl-0954,Animal card — koala,Biology,Animals,Year 2,KS1,diagram_a,Koala drawn in characteristic pose with habitat hint behind.,Vivid palette suiting habitat,"[""animal"",""world-wildlife"",""KS1"",""koala""]",Adaptly Primary Catalogue,0,,
pdl-0955,Animal card — penguin,Biology,Animals,Year 2,KS1,diagram_a,Penguin drawn in characteristic pose with habitat hint behind.,Vivid palette suiting habitat,"[""animal"",""world-wildlife"",""KS1"",""penguin""]",Adaptly Primary Catalogue,0,,
pdl-0956,Animal card — polar bear,Biology,Animals,Year 2,KS1,diagram_a,Polar bear drawn in characteristic pose with habitat hint behind.,Vivid palette suiting habitat,"[""animal"",""world-wildlife"",""KS1"",""polar-bear""]",Adaptly Primary Catalogue,0,,
pdl-0957,Animal card — whale,Biology,Animals,Year 2,KS1,diagram_a,Whale drawn in characteristic pose with habitat hint behind.,Vivid palette suiting habitat,"[""animal"",""world-wildlife"",""KS1"",""whale""]",Adaptly Primary Catalogue,0,,
pdl-0958,Animal card — dolphin,Biology,Animals,Year 2,KS1,diagram_a,Dolphin drawn in characteristic pose with habitat hint behind.,Vivid palette suiting habitat,"[""animal"",""world-wildlife"",""KS1"",""dolphin""]",Adaptly Primary Catalogue,0,,
pdl-0959,Animal card — shark,Biology,Animals,Year 2,KS1,diagram_a,Shark drawn in characteristic pose with habitat hint behind.,Vivid palette suiting habitat,"[""animal"",""world-wildlife"",""KS1"",""shark""]",Adaptly Primary Catalogue,0,,
pdl-0960,Animal card — octopus,Biology,Animals,Year 2,KS1,diagram_a,Octopus drawn in characteristic pose with habitat hint behind.,Vivid palette suiting habitat,"[""animal"",""world-wildlife"",""KS1"",""octopus""]",Adaptly Primary Catalogue,0,,
pdl-0961,Vertebrate groups poster — mammals/birds/fish/reptiles/amphibians,Biology,Classification,Year 4,LKS2,diagram_a,Vertebrate groups poster — mammals/birds/fish/reptiles/amphibians,"Tree branches in green, group headers in coloured boxes","[""classification"",""vertebrate"",""invertebrate""]",Adaptly Primary Catalogue,0,,
pdl-0962,Mammal characteristics card,Biology,Classification,Year 4,LKS2,diagram_a,Mammal characteristics card,"Tree branches in green, group headers in coloured boxes","[""classification"",""vertebrate"",""invertebrate""]",Adaptly Primary Catalogue,0,,
pdl-0963,Bird characteristics card,Biology,Classification,Year 4,LKS2,diagram_a,Bird characteristics card,"Tree branches in green, group headers in coloured boxes","[""classification"",""vertebrate"",""invertebrate""]",Adaptly Primary Catalogue,0,,
pdl-0964,Fish characteristics card,Biology,Classification,Year 4,LKS2,diagram_a,Fish characteristics card,"Tree branches in green, group headers in coloured boxes","[""classification"",""vertebrate"",""invertebrate""]",Adaptly Primary Catalogue,0,,
pdl-0965,Reptile characteristics card,Biology,Classification,Year 4,LKS2,diagram_a,Reptile characteristics card,"Tree branches in green, group headers in coloured boxes","[""classification"",""vertebrate"",""invertebrate""]",Adaptly Primary Catalogue,0,,
pdl-0966,Amphibian characteristics card,Biology,Classification,Year 4,LKS2,diagram_a,Amphibian characteristics card,"Tree branches in green, group headers in coloured boxes","[""classification"",""vertebrate"",""invertebrate""]",Adaptly Primary Catalogue,0,,
pdl-0967,Invertebrate groups poster — insects/arachnids/molluscs/crustaceans/worms,Biology,Classification,Year 4,LKS2,diagram_a,Invertebrate groups poster — insects/arachnids/molluscs/crustaceans/worms,"Tree branches in green, group headers in coloured boxes","[""classification"",""vertebrate"",""invertebrate""]",Adaptly Primary Catalogue,0,,
pdl-0968,Insect anatomy — head/thorax/abdomen labelled,Biology,Classification,Year 4,LKS2,diagram_a,Insect anatomy — head/thorax/abdomen labelled,"Tree branches in green, group headers in coloured boxes","[""classification"",""vertebrate"",""invertebrate""]",Adaptly Primary Catalogue,0,,
pdl-0969,"Spider anatomy — 8 legs, body parts labelled",Biology,Classification,Year 4,LKS2,diagram_a,"Spider anatomy — 8 legs, body parts labelled","Tree branches in green, group headers in coloured boxes","[""classification"",""vertebrate"",""invertebrate""]",Adaptly Primary Catalogue,0,,
pdl-0970,Linnaean classification ladder (Kingdom..Species),Biology,Classification,Year 4,LKS2,diagram_a,Linnaean classification ladder (Kingdom..Species),"Tree branches in green, group headers in coloured boxes","[""classification"",""vertebrate"",""invertebrate""]",Adaptly Primary Catalogue,0,,
pdl-0971,Habitat — pond,Biology,Habitats,Year 2,KS1,diagram_a,Habitat — pond,"Atmospheric palette, animals drawn at scale to scene","[""habitat"",""ecology"",""KS1""]",Adaptly Primary Catalogue,0,,
pdl-0972,Habitat — woodland,Biology,Habitats,Year 2,KS1,diagram_a,Habitat — woodland,"Atmospheric palette, animals drawn at scale to scene","[""habitat"",""ecology"",""KS1""]",Adaptly Primary Catalogue,0,,
pdl-0973,Habitat — ocean,Biology,Habitats,Year 2,KS1,diagram_a,Habitat — ocean,"Atmospheric palette, animals drawn at scale to scene","[""habitat"",""ecology"",""KS1""]",Adaptly Primary Catalogue,0,,
pdl-0974,Habitat — desert,Biology,Habitats,Year 2,KS1,diagram_a,Habitat — desert,"Atmospheric palette, animals drawn at scale to scene","[""habitat"",""ecology"",""KS1""]",Adaptly Primary Catalogue,0,,
pdl-0975,Habitat — rainforest,Biology,Habitats,Year 2,KS1,diagram_a,Habitat — rainforest,"Atmospheric palette, animals drawn at scale to scene","[""habitat"",""ecology"",""KS1""]",Adaptly Primary Catalogue,0,,
pdl-0976,Habitat — Arctic / polar,Biology,Habitats,Year 2,KS1,diagram_a,Habitat — Arctic / polar,"Atmospheric palette, animals drawn at scale to scene","[""habitat"",""ecology"",""KS1""]",Adaptly Primary Catalogue,0,,
pdl-0977,Habitat — mountain,Biology,Habitats,Year 2,KS1,diagram_a,Habitat — mountain,"Atmospheric palette, animals drawn at scale to scene","[""habitat"",""ecology"",""KS1""]",Adaptly Primary Catalogue,0,,
pdl-0978,Habitat — garden / hedgerow,Biology,Habitats,Year 2,KS1,diagram_a,Habitat — garden / hedgerow,"Atmospheric palette, animals drawn at scale to scene","[""habitat"",""ecology"",""KS1""]",Adaptly Primary Catalogue,0,,
pdl-0979,Habitat — river,Biology,Habitats,Year 2,KS1,diagram_a,Habitat — river,"Atmospheric palette, animals drawn at scale to scene","[""habitat"",""ecology"",""KS1""]",Adaptly Primary Catalogue,0,,
pdl-0980,Habitat — grassland savannah,Biology,Habitats,Year 2,KS1,diagram_a,Habitat — grassland savannah,"Atmospheric palette, animals drawn at scale to scene","[""habitat"",""ecology"",""KS1""]",Adaptly Primary Catalogue,0,,
pdl-0981,Food chain — grass → rabbit → fox,Biology,Food chains,Year 4,LKS2,diagram_a,Food chain — grass → rabbit → fox,"Green arrows, role labels (producer / primary / secondary / tertiary)","[""food-chain"",""ecology"",""energy-flow""]",Adaptly Primary Catalogue,0,,
pdl-0982,Food chain — phytoplankton → krill → fish → seal,Biology,Food chains,Year 4,LKS2,diagram_a,Food chain — phytoplankton → krill → fish → seal,"Green arrows, role labels (producer / primary / secondary / tertiary)","[""food-chain"",""ecology"",""energy-flow""]",Adaptly Primary Catalogue,0,,
pdl-0983,Food chain — leaf → caterpillar → blue tit → sparrowhawk,Biology,Food chains,Year 4,LKS2,diagram_a,Food chain — leaf → caterpillar → blue tit → sparrowhawk,"Green arrows, role labels (producer / primary / secondary / tertiary)","[""food-chain"",""ecology"",""energy-flow""]",Adaptly Primary Catalogue,0,,
pdl-0984,Food chain — seed → mouse → owl,Biology,Food chains,Year 4,LKS2,diagram_a,Food chain — seed → mouse → owl,"Green arrows, role labels (producer / primary / secondary / tertiary)","[""food-chain"",""ecology"",""energy-flow""]",Adaptly Primary Catalogue,0,,
pdl-0985,Food chain — algae → snail → frog → heron,Biology,Food chains,Year 4,LKS2,diagram_a,Food chain — algae → snail → frog → heron,"Green arrows, role labels (producer / primary / secondary / tertiary)","[""food-chain"",""ecology"",""energy-flow""]",Adaptly Primary Catalogue,0,,
pdl-0986,Food chain — plankton → small fish → big fish → shark,Biology,Food chains,Year 4,LKS2,diagram_a,Food chain — plankton → small fish → big fish → shark,"Green arrows, role labels (producer / primary / secondary / tertiary)","[""food-chain"",""ecology"",""energy-flow""]",Adaptly Primary Catalogue,0,,
pdl-0987,Food chain — tree → giraffe → lion,Biology,Food chains,Year 4,LKS2,diagram_a,Food chain — tree → giraffe → lion,"Green arrows, role labels (producer / primary / secondary / tertiary)","[""food-chain"",""ecology"",""energy-flow""]",Adaptly Primary Catalogue,0,,
pdl-0988,Food chain — grass → zebra → cheetah,Biology,Food chains,Year 4,LKS2,diagram_a,Food chain — grass → zebra → cheetah,"Green arrows, role labels (producer / primary / secondary / tertiary)","[""food-chain"",""ecology"",""energy-flow""]",Adaptly Primary Catalogue,0,,
pdl-0989,Food chain — flower nectar → bee → bird,Biology,Food chains,Year 4,LKS2,diagram_a,Food chain — flower nectar → bee → bird,"Green arrows, role labels (producer / primary / secondary / tertiary)","[""food-chain"",""ecology"",""energy-flow""]",Adaptly Primary Catalogue,0,,
pdl-0990,Food chain — leaves → koala (consumer focus),Biology,Food chains,Year 4,LKS2,diagram_a,Food chain — leaves → koala (consumer focus),"Green arrows, role labels (producer / primary / secondary / tertiary)","[""food-chain"",""ecology"",""energy-flow""]",Adaptly Primary Catalogue,0,,
pdl-0991,Food chain — leaves → caterpillar → bird → cat (urban),Biology,Food chains,Year 4,LKS2,diagram_a,Food chain — leaves → caterpillar → bird → cat (urban),"Green arrows, role labels (producer / primary / secondary / tertiary)","[""food-chain"",""ecology"",""energy-flow""]",Adaptly Primary Catalogue,0,,
pdl-0992,Food web — pond ecosystem (multi-arrow),Biology,Food chains,Year 4,LKS2,diagram_a,Food web — pond ecosystem (multi-arrow),"Green arrows, role labels (producer / primary / secondary / tertiary)","[""food-chain"",""ecology"",""energy-flow""]",Adaptly Primary Catalogue,0,,
pdl-0993,Body parts — full child labelled,Biology,Human body,Year 1,KS1,diagram_a,Body parts — full child labelled,"Cheerful child illustration, label lines colour-coded","[""body-parts"",""KS1""]",Adaptly Primary Catalogue,0,,
pdl-0994,Body parts — face (eyes/ears/nose/mouth/chin/forehead),Biology,Human body,Year 1,KS1,diagram_a,Body parts — face (eyes/ears/nose/mouth/chin/forehead),"Cheerful child illustration, label lines colour-coded","[""body-parts"",""KS1""]",Adaptly Primary Catalogue,0,,
pdl-0995,Body parts — hand (palm/fingers/thumb/wrist/knuckle),Biology,Human body,Year 1,KS1,diagram_a,Body parts — hand (palm/fingers/thumb/wrist/knuckle),"Cheerful child illustration, label lines colour-coded","[""body-parts"",""KS1""]",Adaptly Primary Catalogue,0,,
pdl-0996,Body parts — foot (sole/toes/heel/ankle),Biology,Human body,Year 1,KS1,diagram_a,Body parts — foot (sole/toes/heel/ankle),"Cheerful child illustration, label lines colour-coded","[""body-parts"",""KS1""]",Adaptly Primary Catalogue,0,,
pdl-0997,Skeleton — full body labelled,Biology,Human skeleton,Year 3,LKS2,diagram_a,Skeleton — full body labelled,"White bones on dark navy background, labels in white on coloured pills","[""skeleton"",""bones"",""Y3""]",Adaptly Primary Catalogue,0,,
pdl-0998,"Skull — labelled (cranium, jaw)",Biology,Human skeleton,Year 3,LKS2,diagram_a,"Skull — labelled (cranium, jaw)","White bones on dark navy background, labels in white on coloured pills","[""skeleton"",""bones"",""Y3""]",Adaptly Primary Catalogue,0,,
pdl-0999,"Ribcage — labelled (sternum, ribs)",Biology,Human skeleton,Year 3,LKS2,diagram_a,"Ribcage — labelled (sternum, ribs)","White bones on dark navy background, labels in white on coloured pills","[""skeleton"",""bones"",""Y3""]",Adaptly Primary Catalogue,0,,
pdl-1000,Spine — vertebrae regions,Biology,Human skeleton,Year 3,LKS2,diagram_a,Spine — vertebrae regions,"White bones on dark navy background, labels in white on coloured pills","[""skeleton"",""bones"",""Y3""]",Adaptly Primary Catalogue,0,,
pdl-1001,Arm bones (humerus / radius / ulna),Biology,Human skeleton,Year 3,LKS2,diagram_a,Arm bones (humerus / radius / ulna),"White bones on dark navy background, labels in white on coloured pills","[""skeleton"",""bones"",""Y3""]",Adaptly Primary Catalogue,0,,
pdl-1002,Leg bones (femur / tibia / fibula),Biology,Human skeleton,Year 3,LKS2,diagram_a,Leg bones (femur / tibia / fibula),"White bones on dark navy background, labels in white on coloured pills","[""skeleton"",""bones"",""Y3""]",Adaptly Primary Catalogue,0,,
pdl-1003,Hand bones (carpals / metacarpals / phalanges),Biology,Human skeleton,Year 3,LKS2,diagram_a,Hand bones (carpals / metacarpals / phalanges),"White bones on dark navy background, labels in white on coloured pills","[""skeleton"",""bones"",""Y3""]",Adaptly Primary Catalogue,0,,
pdl-1004,Pelvis — labelled,Biology,Human skeleton,Year 3,LKS2,diagram_a,Pelvis — labelled,"White bones on dark navy background, labels in white on coloured pills","[""skeleton"",""bones"",""Y3""]",Adaptly Primary Catalogue,0,,
pdl-1005,Joints — hinge / ball-and-socket / pivot / gliding (4 panels),Biology,Human skeleton,Year 3,LKS2,diagram_a,Joints — hinge / ball-and-socket / pivot / gliding (4 panels),"White bones on dark navy background, labels in white on coloured pills","[""skeleton"",""bones"",""Y3""]",Adaptly Primary Catalogue,0,,
pdl-1006,Skeleton vs muscle — overlay diagram,Biology,Human skeleton,Year 3,LKS2,diagram_a,Skeleton vs muscle — overlay diagram,"White bones on dark navy background, labels in white on coloured pills","[""skeleton"",""bones"",""Y3""]",Adaptly Primary Catalogue,0,,
pdl-1007,Muscles — full body labelled,Biology,Muscles,Year 3,LKS2,diagram_a,Muscles — full body labelled,"Pink-red muscle fills, callout boxes with arrows","[""muscles"",""Y3"",""movement""]",Adaptly Primary Catalogue,0,,
pdl-1008,Biceps and triceps — antagonistic pair,Biology,Muscles,Year 3,LKS2,diagram_a,Biceps and triceps — antagonistic pair,"Pink-red muscle fills, callout boxes with arrows","[""muscles"",""Y3"",""movement""]",Adaptly Primary Catalogue,0,,
pdl-1009,Quadriceps and hamstrings,Biology,Muscles,Year 3,LKS2,diagram_a,Quadriceps and hamstrings,"Pink-red muscle fills, callout boxes with arrows","[""muscles"",""Y3"",""movement""]",Adaptly Primary Catalogue,0,,
pdl-1010,Calf muscles (gastrocnemius),Biology,Muscles,Year 3,LKS2,diagram_a,Calf muscles (gastrocnemius),"Pink-red muscle fills, callout boxes with arrows","[""muscles"",""Y3"",""movement""]",Adaptly Primary Catalogue,0,,
pdl-1011,Abdominal muscles,Biology,Muscles,Year 3,LKS2,diagram_a,Abdominal muscles,"Pink-red muscle fills, callout boxes with arrows","[""muscles"",""Y3"",""movement""]",Adaptly Primary Catalogue,0,,
pdl-1012,Pectoral muscles,Biology,Muscles,Year 3,LKS2,diagram_a,Pectoral muscles,"Pink-red muscle fills, callout boxes with arrows","[""muscles"",""Y3"",""movement""]",Adaptly Primary Catalogue,0,,
pdl-1013,Digestive system — full,Biology,Digestive system,Year 4,LKS2,diagram_a,Digestive system — full,"Each organ a different colour, labels with leader lines","[""digestion"",""organs"",""Y4""]",Adaptly Primary Catalogue,0,,
pdl-1014,Mouth and teeth function,Biology,Digestive system,Year 4,LKS2,diagram_a,Mouth and teeth function,"Each organ a different colour, labels with leader lines","[""digestion"",""organs"",""Y4""]",Adaptly Primary Catalogue,0,,
pdl-1015,Oesophagus and peristalsis,Biology,Digestive system,Year 4,LKS2,diagram_a,Oesophagus and peristalsis,"Each organ a different colour, labels with leader lines","[""digestion"",""organs"",""Y4""]",Adaptly Primary Catalogue,0,,
pdl-1016,Stomach with churning arrows,Biology,Digestive system,Year 4,LKS2,diagram_a,Stomach with churning arrows,"Each organ a different colour, labels with leader lines","[""digestion"",""organs"",""Y4""]",Adaptly Primary Catalogue,0,,
pdl-1017,Small intestine — villi inset,Biology,Digestive system,Year 4,LKS2,diagram_a,Small intestine — villi inset,"Each organ a different colour, labels with leader lines","[""digestion"",""organs"",""Y4""]",Adaptly Primary Catalogue,0,,
pdl-1018,Large intestine and rectum,Biology,Digestive system,Year 4,LKS2,diagram_a,Large intestine and rectum,"Each organ a different colour, labels with leader lines","[""digestion"",""organs"",""Y4""]",Adaptly Primary Catalogue,0,,
pdl-1019,"Liver, pancreas, gall bladder",Biology,Digestive system,Year 4,LKS2,diagram_a,"Liver, pancreas, gall bladder","Each organ a different colour, labels with leader lines","[""digestion"",""organs"",""Y4""]",Adaptly Primary Catalogue,0,,
pdl-1020,Digestion flowchart — mouth → out,Biology,Digestive system,Year 4,LKS2,diagram_a,Digestion flowchart — mouth → out,"Each organ a different colour, labels with leader lines","[""digestion"",""organs"",""Y4""]",Adaptly Primary Catalogue,0,,
pdl-1021,Teeth types — incisors / canines / molars / premolars,Biology,Teeth,Year 4,LKS2,diagram_a,Teeth types — incisors / canines / molars / premolars,"Pink gums, white teeth, side-view cross-section in inset","[""teeth"",""dental""]",Adaptly Primary Catalogue,0,,
pdl-1022,Tooth cross-section — enamel / dentine / pulp / root / nerve,Biology,Teeth,Year 4,LKS2,diagram_a,Tooth cross-section — enamel / dentine / pulp / root / nerve,"Pink gums, white teeth, side-view cross-section in inset","[""teeth"",""dental""]",Adaptly Primary Catalogue,0,,
pdl-1023,Tooth decay diagram — healthy vs decayed,Biology,Teeth,Year 4,LKS2,diagram_a,Tooth decay diagram — healthy vs decayed,"Pink gums, white teeth, side-view cross-section in inset","[""teeth"",""dental""]",Adaptly Primary Catalogue,0,,
pdl-1024,Care for teeth — brush / floss / dentist (3 panels),Biology,Teeth,Year 4,LKS2,diagram_a,Care for teeth — brush / floss / dentist (3 panels),"Pink gums, white teeth, side-view cross-section in inset","[""teeth"",""dental""]",Adaptly Primary Catalogue,0,,
pdl-1025,Heart — labelled chambers and valves,Biology,Circulatory system,Year 6,UKS2,diagram_a,Heart — labelled chambers and valves,"Anatomical heart with chamber labels, vessel arrows colour-coded","[""circulation"",""heart"",""Y6""]",Adaptly Primary Catalogue,0,,
pdl-1026,Blood circulation overview (lungs/body),Biology,Circulatory system,Year 6,UKS2,diagram_a,Blood circulation overview (lungs/body),"Anatomical heart with chamber labels, vessel arrows colour-coded","[""circulation"",""heart"",""Y6""]",Adaptly Primary Catalogue,0,,
pdl-1027,Blood vessels — artery/vein/capillary cross-section,Biology,Circulatory system,Year 6,UKS2,diagram_a,Blood vessels — artery/vein/capillary cross-section,"Anatomical heart with chamber labels, vessel arrows colour-coded","[""circulation"",""heart"",""Y6""]",Adaptly Primary Catalogue,0,,
pdl-1028,Pulse points on the body,Biology,Circulatory system,Year 6,UKS2,diagram_a,Pulse points on the body,"Anatomical heart with chamber labels, vessel arrows colour-coded","[""circulation"",""heart"",""Y6""]",Adaptly Primary Catalogue,0,,
pdl-1029,Healthy vs unhealthy heart lifestyle,Biology,Circulatory system,Year 6,UKS2,diagram_a,Healthy vs unhealthy heart lifestyle,"Anatomical heart with chamber labels, vessel arrows colour-coded","[""circulation"",""heart"",""Y6""]",Adaptly Primary Catalogue,0,,
pdl-1030,Respiratory system — full labelled,Biology,Respiratory system,Year 6,UKS2,diagram_a,Respiratory system — full labelled,"Pink lung fill, blue/red blood vessel inset","[""respiration"",""lungs""]",Adaptly Primary Catalogue,0,,
pdl-1031,Diaphragm — inhale vs exhale,Biology,Respiratory system,Year 6,UKS2,diagram_a,Diaphragm — inhale vs exhale,"Pink lung fill, blue/red blood vessel inset","[""respiration"",""lungs""]",Adaptly Primary Catalogue,0,,
pdl-1032,Alveoli — gas exchange close-up,Biology,Respiratory system,Year 6,UKS2,diagram_a,Alveoli — gas exchange close-up,"Pink lung fill, blue/red blood vessel inset","[""respiration"",""lungs""]",Adaptly Primary Catalogue,0,,
pdl-1033,Effects of smoking on lungs (paired),Biology,Respiratory system,Year 6,UKS2,diagram_a,Effects of smoking on lungs (paired),"Pink lung fill, blue/red blood vessel inset","[""respiration"",""lungs""]",Adaptly Primary Catalogue,0,,
pdl-1034,Five senses poster,Biology,Senses,Year 1,KS1,diagram_a,Five senses poster,Each sense its own colour and icon,"[""senses"",""KS1""]",Adaptly Primary Catalogue,0,,
pdl-1035,Eye anatomy simple,Biology,Senses,Year 1,KS1,diagram_a,Eye anatomy simple,Each sense its own colour and icon,"[""senses"",""KS1""]",Adaptly Primary Catalogue,0,,
pdl-1036,Ear anatomy simple,Biology,Senses,Year 1,KS1,diagram_a,Ear anatomy simple,Each sense its own colour and icon,"[""senses"",""KS1""]",Adaptly Primary Catalogue,0,,
pdl-1037,Tongue taste zones,Biology,Senses,Year 1,KS1,diagram_a,Tongue taste zones,Each sense its own colour and icon,"[""senses"",""KS1""]",Adaptly Primary Catalogue,0,,
pdl-1038,Skin layers simple,Biology,Senses,Year 1,KS1,diagram_a,Skin layers simple,Each sense its own colour and icon,"[""senses"",""KS1""]",Adaptly Primary Catalogue,0,,
pdl-1039,Nose and smell,Biology,Senses,Year 1,KS1,diagram_a,Nose and smell,Each sense its own colour and icon,"[""senses"",""KS1""]",Adaptly Primary Catalogue,0,,
pdl-1040,Material card — wood,Chemistry,Materials,Year 2,KS1,diagram_a,Everyday object made of wood with a property tag (e.g. flexible / hard / waterproof).,"Photo-style card, property tag in coloured pill","[""materials"",""properties"",""KS1"",""wood""]",Adaptly Primary Catalogue,0,,
pdl-1041,Material card — metal,Chemistry,Materials,Year 2,KS1,diagram_a,Everyday object made of metal with a property tag (e.g. flexible / hard / waterproof).,"Photo-style card, property tag in coloured pill","[""materials"",""properties"",""KS1"",""metal""]",Adaptly Primary Catalogue,0,,
pdl-1042,Material card — plastic,Chemistry,Materials,Year 2,KS1,diagram_a,Everyday object made of plastic with a property tag (e.g. flexible / hard / waterproof).,"Photo-style card, property tag in coloured pill","[""materials"",""properties"",""KS1"",""plastic""]",Adaptly Primary Catalogue,0,,
pdl-1043,Material card — glass,Chemistry,Materials,Year 2,KS1,diagram_a,Everyday object made of glass with a property tag (e.g. flexible / hard / waterproof).,"Photo-style card, property tag in coloured pill","[""materials"",""properties"",""KS1"",""glass""]",Adaptly Primary Catalogue,0,,
pdl-1044,Material card — paper,Chemistry,Materials,Year 2,KS1,diagram_a,Everyday object made of paper with a property tag (e.g. flexible / hard / waterproof).,"Photo-style card, property tag in coloured pill","[""materials"",""properties"",""KS1"",""paper""]",Adaptly Primary Catalogue,0,,
pdl-1045,Material card — fabric,Chemistry,Materials,Year 2,KS1,diagram_a,Everyday object made of fabric with a property tag (e.g. flexible / hard / waterproof).,"Photo-style card, property tag in coloured pill","[""materials"",""properties"",""KS1"",""fabric""]",Adaptly Primary Catalogue,0,,
pdl-1046,Material card — rubber,Chemistry,Materials,Year 2,KS1,diagram_a,Everyday object made of rubber with a property tag (e.g. flexible / hard / waterproof).,"Photo-style card, property tag in coloured pill","[""materials"",""properties"",""KS1"",""rubber""]",Adaptly Primary Catalogue,0,,
pdl-1047,Material card — stone,Chemistry,Materials,Year 2,KS1,diagram_a,Everyday object made of stone with a property tag (e.g. flexible / hard / waterproof).,"Photo-style card, property tag in coloured pill","[""materials"",""properties"",""KS1"",""stone""]",Adaptly Primary Catalogue,0,,
pdl-1048,Material card — ceramic,Chemistry,Materials,Year 2,KS1,diagram_a,Everyday object made of ceramic with a property tag (e.g. flexible / hard / waterproof).,"Photo-style card, property tag in coloured pill","[""materials"",""properties"",""KS1"",""ceramic""]",Adaptly Primary Catalogue,0,,
pdl-1049,Material card — leather,Chemistry,Materials,Year 2,KS1,diagram_a,Everyday object made of leather with a property tag (e.g. flexible / hard / waterproof).,"Photo-style card, property tag in coloured pill","[""materials"",""properties"",""KS1"",""leather""]",Adaptly Primary Catalogue,0,,
pdl-1050,Material card — cardboard,Chemistry,Materials,Year 2,KS1,diagram_a,Everyday object made of cardboard with a property tag (e.g. flexible / hard / waterproof).,"Photo-style card, property tag in coloured pill","[""materials"",""properties"",""KS1"",""cardboard""]",Adaptly Primary Catalogue,0,,
pdl-1051,Material card — wool,Chemistry,Materials,Year 2,KS1,diagram_a,Everyday object made of wool with a property tag (e.g. flexible / hard / waterproof).,"Photo-style card, property tag in coloured pill","[""materials"",""properties"",""KS1"",""wool""]",Adaptly Primary Catalogue,0,,
pdl-1052,Material card — cotton,Chemistry,Materials,Year 2,KS1,diagram_a,Everyday object made of cotton with a property tag (e.g. flexible / hard / waterproof).,"Photo-style card, property tag in coloured pill","[""materials"",""properties"",""KS1"",""cotton""]",Adaptly Primary Catalogue,0,,
pdl-1053,Material card — silk,Chemistry,Materials,Year 2,KS1,diagram_a,Everyday object made of silk with a property tag (e.g. flexible / hard / waterproof).,"Photo-style card, property tag in coloured pill","[""materials"",""properties"",""KS1"",""silk""]",Adaptly Primary Catalogue,0,,
pdl-1054,Material card — aluminium-foil,Chemistry,Materials,Year 2,KS1,diagram_a,Everyday object made of aluminium-foil with a property tag (e.g. flexible / hard / waterproof).,"Photo-style card, property tag in coloured pill","[""materials"",""properties"",""KS1"",""aluminium foil""]",Adaptly Primary Catalogue,0,,
pdl-1055,Material card — clay,Chemistry,Materials,Year 2,KS1,diagram_a,Everyday object made of clay with a property tag (e.g. flexible / hard / waterproof).,"Photo-style card, property tag in coloured pill","[""materials"",""properties"",""KS1"",""clay""]",Adaptly Primary Catalogue,0,,
pdl-1056,Material card — sponge,Chemistry,Materials,Year 2,KS1,diagram_a,Everyday object made of sponge with a property tag (e.g. flexible / hard / waterproof).,"Photo-style card, property tag in coloured pill","[""materials"",""properties"",""KS1"",""sponge""]",Adaptly Primary Catalogue,0,,
pdl-1057,Material card — foam,Chemistry,Materials,Year 2,KS1,diagram_a,Everyday object made of foam with a property tag (e.g. flexible / hard / waterproof).,"Photo-style card, property tag in coloured pill","[""materials"",""properties"",""KS1"",""foam""]",Adaptly Primary Catalogue,0,,
pdl-1058,Material sort — hard vs soft,Chemistry,Materials,Year 2,KS1,diagram_a,Material sort — hard vs soft,2- or 4-column grid with property headers,"[""materials"",""sorting"",""investigation""]",Adaptly Primary Catalogue,0,,
pdl-1059,Material sort — bendy vs rigid,Chemistry,Materials,Year 2,KS1,diagram_a,Material sort — bendy vs rigid,2- or 4-column grid with property headers,"[""materials"",""sorting"",""investigation""]",Adaptly Primary Catalogue,0,,
pdl-1060,Material sort — waterproof vs absorbent,Chemistry,Materials,Year 2,KS1,diagram_a,Material sort — waterproof vs absorbent,2- or 4-column grid with property headers,"[""materials"",""sorting"",""investigation""]",Adaptly Primary Catalogue,0,,
pdl-1061,Material sort — opaque/translucent/transparent,Chemistry,Materials,Year 2,KS1,diagram_a,Material sort — opaque/translucent/transparent,2- or 4-column grid with property headers,"[""materials"",""sorting"",""investigation""]",Adaptly Primary Catalogue,0,,
pdl-1062,Material sort — magnetic vs non-magnetic,Chemistry,Materials,Year 2,KS1,diagram_a,Material sort — magnetic vs non-magnetic,2- or 4-column grid with property headers,"[""materials"",""sorting"",""investigation""]",Adaptly Primary Catalogue,0,,
pdl-1063,Material sort — natural vs man-made,Chemistry,Materials,Year 2,KS1,diagram_a,Material sort — natural vs man-made,2- or 4-column grid with property headers,"[""materials"",""sorting"",""investigation""]",Adaptly Primary Catalogue,0,,
pdl-1064,Solid — particles tightly packed (with brick example),Chemistry,States of matter,Year 4,LKS2,diagram_a,Solid — particles tightly packed (with brick example),"Coloured particles, container outline, motion arrows in liquid/gas","[""states-of-matter"",""particles"",""Y4""]",Adaptly Primary Catalogue,0,,
pdl-1065,Liquid — particles flowing (with juice example),Chemistry,States of matter,Year 4,LKS2,diagram_a,Liquid — particles flowing (with juice example),"Coloured particles, container outline, motion arrows in liquid/gas","[""states-of-matter"",""particles"",""Y4""]",Adaptly Primary Catalogue,0,,
pdl-1066,Gas — particles spread out (with balloon example),Chemistry,States of matter,Year 4,LKS2,diagram_a,Gas — particles spread out (with balloon example),"Coloured particles, container outline, motion arrows in liquid/gas","[""states-of-matter"",""particles"",""Y4""]",Adaptly Primary Catalogue,0,,
pdl-1067,Three states — side-by-side comparison,Chemistry,States of matter,Year 4,LKS2,diagram_a,Three states — side-by-side comparison,"Coloured particles, container outline, motion arrows in liquid/gas","[""states-of-matter"",""particles"",""Y4""]",Adaptly Primary Catalogue,0,,
pdl-1068,Melting — solid → liquid arrows,Chemistry,States of matter,Year 4,LKS2,diagram_a,Melting — solid → liquid arrows,"Coloured particles, container outline, motion arrows in liquid/gas","[""states-of-matter"",""particles"",""Y4""]",Adaptly Primary Catalogue,0,,
pdl-1069,Freezing — liquid → solid arrows,Chemistry,States of matter,Year 4,LKS2,diagram_a,Freezing — liquid → solid arrows,"Coloured particles, container outline, motion arrows in liquid/gas","[""states-of-matter"",""particles"",""Y4""]",Adaptly Primary Catalogue,0,,
pdl-1070,Evaporation — liquid → gas arrows,Chemistry,States of matter,Year 4,LKS2,diagram_a,Evaporation — liquid → gas arrows,"Coloured particles, container outline, motion arrows in liquid/gas","[""states-of-matter"",""particles"",""Y4""]",Adaptly Primary Catalogue,0,,
pdl-1071,Condensation — gas → liquid arrows,Chemistry,States of matter,Year 4,LKS2,diagram_a,Condensation — gas → liquid arrows,"Coloured particles, container outline, motion arrows in liquid/gas","[""states-of-matter"",""particles"",""Y4""]",Adaptly Primary Catalogue,0,,
pdl-1072,Water cycle states overlay,Chemistry,States of matter,Year 4,LKS2,diagram_a,Water cycle states overlay,"Coloured particles, container outline, motion arrows in liquid/gas","[""states-of-matter"",""particles"",""Y4""]",Adaptly Primary Catalogue,0,,
pdl-1073,Heating curve — particle view,Chemistry,States of matter,Year 4,LKS2,diagram_a,Heating curve — particle view,"Coloured particles, container outline, motion arrows in liquid/gas","[""states-of-matter"",""particles"",""Y4""]",Adaptly Primary Catalogue,0,,
pdl-1074,Cooling curve — particle view,Chemistry,States of matter,Year 4,LKS2,diagram_a,Cooling curve — particle view,"Coloured particles, container outline, motion arrows in liquid/gas","[""states-of-matter"",""particles"",""Y4""]",Adaptly Primary Catalogue,0,,
pdl-1075,Reversible vs irreversible change card,Chemistry,States of matter,Year 4,LKS2,diagram_a,Reversible vs irreversible change card,"Coloured particles, container outline, motion arrows in liquid/gas","[""states-of-matter"",""particles"",""Y4""]",Adaptly Primary Catalogue,0,,
pdl-1076,Push force — child pushing trolley,Physics,Forces (primary),Year 3,LKS2,diagram_a,Push force — child pushing trolley,"Red push arrows, blue pull arrows, object in cartoon style","[""forces"",""primary"",""Y3""]",Adaptly Primary Catalogue,0,,
pdl-1077,Pull force — child pulling sled,Physics,Forces (primary),Year 3,LKS2,diagram_a,Pull force — child pulling sled,"Red push arrows, blue pull arrows, object in cartoon style","[""forces"",""primary"",""Y3""]",Adaptly Primary Catalogue,0,,
pdl-1078,Friction — shoe on different surfaces,Physics,Forces (primary),Year 3,LKS2,diagram_a,Friction — shoe on different surfaces,"Red push arrows, blue pull arrows, object in cartoon style","[""forces"",""primary"",""Y3""]",Adaptly Primary Catalogue,0,,
pdl-1079,Air resistance — parachute vs no parachute,Physics,Forces (primary),Year 3,LKS2,diagram_a,Air resistance — parachute vs no parachute,"Red push arrows, blue pull arrows, object in cartoon style","[""forces"",""primary"",""Y3""]",Adaptly Primary Catalogue,0,,
pdl-1080,Water resistance — submarine shape comparison,Physics,Forces (primary),Year 3,LKS2,diagram_a,Water resistance — submarine shape comparison,"Red push arrows, blue pull arrows, object in cartoon style","[""forces"",""primary"",""Y3""]",Adaptly Primary Catalogue,0,,
pdl-1081,Gravity — apple falling,Physics,Forces (primary),Year 3,LKS2,diagram_a,Gravity — apple falling,"Red push arrows, blue pull arrows, object in cartoon style","[""forces"",""primary"",""Y3""]",Adaptly Primary Catalogue,0,,
pdl-1082,Floating vs sinking — objects in water,Physics,Forces (primary),Year 3,LKS2,diagram_a,Floating vs sinking — objects in water,"Red push arrows, blue pull arrows, object in cartoon style","[""forces"",""primary"",""Y3""]",Adaptly Primary Catalogue,0,,
pdl-1083,Bar magnet — poles labelled,Physics,Magnets,Year 3,LKS2,diagram_a,Bar magnet — poles labelled,"Red north pole, blue south pole, dashed field lines","[""magnets"",""Y3""]",Adaptly Primary Catalogue,0,,
pdl-1084,Horseshoe magnet,Physics,Magnets,Year 3,LKS2,diagram_a,Horseshoe magnet,"Red north pole, blue south pole, dashed field lines","[""magnets"",""Y3""]",Adaptly Primary Catalogue,0,,
pdl-1085,Ring magnet,Physics,Magnets,Year 3,LKS2,diagram_a,Ring magnet,"Red north pole, blue south pole, dashed field lines","[""magnets"",""Y3""]",Adaptly Primary Catalogue,0,,
pdl-1086,Disc / button magnet,Physics,Magnets,Year 3,LKS2,diagram_a,Disc / button magnet,"Red north pole, blue south pole, dashed field lines","[""magnets"",""Y3""]",Adaptly Primary Catalogue,0,,
pdl-1087,Two magnets attracting (N–S),Physics,Magnets,Year 3,LKS2,diagram_a,Two magnets attracting (N–S),"Red north pole, blue south pole, dashed field lines","[""magnets"",""Y3""]",Adaptly Primary Catalogue,0,,
pdl-1088,Two magnets repelling (N–N),Physics,Magnets,Year 3,LKS2,diagram_a,Two magnets repelling (N–N),"Red north pole, blue south pole, dashed field lines","[""magnets"",""Y3""]",Adaptly Primary Catalogue,0,,
pdl-1089,Magnetic field lines around a bar magnet,Physics,Magnets,Year 3,LKS2,diagram_a,Magnetic field lines around a bar magnet,"Red north pole, blue south pole, dashed field lines","[""magnets"",""Y3""]",Adaptly Primary Catalogue,0,,
pdl-1090,Compass alignment in a magnetic field,Physics,Magnets,Year 3,LKS2,diagram_a,Compass alignment in a magnetic field,"Red north pole, blue south pole, dashed field lines","[""magnets"",""Y3""]",Adaptly Primary Catalogue,0,,
pdl-1091,Magnetic vs non-magnetic sorting tray,Physics,Magnets,Year 3,LKS2,diagram_a,Magnetic vs non-magnetic sorting tray,"Red north pole, blue south pole, dashed field lines","[""magnets"",""Y3""]",Adaptly Primary Catalogue,0,,
pdl-1092,"Light sources poster — Sun, lamp, fire, torch, candle",Physics,Light (primary),Year 3,LKS2,diagram_a,"Light sources poster — Sun, lamp, fire, torch, candle","Yellow rays from sources, shadows shown on ground/walls","[""light"",""shadows"",""Y3"",""Y6""]",Adaptly Primary Catalogue,0,,
pdl-1093,How shadows form — object blocking light,Physics,Light (primary),Year 3,LKS2,diagram_a,How shadows form — object blocking light,"Yellow rays from sources, shadows shown on ground/walls","[""light"",""shadows"",""Y3"",""Y6""]",Adaptly Primary Catalogue,0,,
pdl-1094,Shadow length over the day,Physics,Light (primary),Year 3,LKS2,diagram_a,Shadow length over the day,"Yellow rays from sources, shadows shown on ground/walls","[""light"",""shadows"",""Y3"",""Y6""]",Adaptly Primary Catalogue,0,,
pdl-1095,"Reflective surfaces — mirror, water, polished metal",Physics,Light (primary),Year 3,LKS2,diagram_a,"Reflective surfaces — mirror, water, polished metal","Yellow rays from sources, shadows shown on ground/walls","[""light"",""shadows"",""Y3"",""Y6""]",Adaptly Primary Catalogue,0,,
pdl-1096,Reflection in a flat mirror — incoming/outgoing rays,Physics,Light (primary),Year 3,LKS2,diagram_a,Reflection in a flat mirror — incoming/outgoing rays,"Yellow rays from sources, shadows shown on ground/walls","[""light"",""shadows"",""Y3"",""Y6""]",Adaptly Primary Catalogue,0,,
pdl-1097,How we see — light bouncing off object into eye,Physics,Light (primary),Year 3,LKS2,diagram_a,How we see — light bouncing off object into eye,"Yellow rays from sources, shadows shown on ground/walls","[""light"",""shadows"",""Y3"",""Y6""]",Adaptly Primary Catalogue,0,,
pdl-1098,Refraction — pencil in glass of water (KS2),Physics,Light (primary),Year 3,LKS2,diagram_a,Refraction — pencil in glass of water (KS2),"Yellow rays from sources, shadows shown on ground/walls","[""light"",""shadows"",""Y3"",""Y6""]",Adaptly Primary Catalogue,0,,
pdl-1099,Periscope — two-mirror diagram (Y6),Physics,Light (primary),Year 3,LKS2,diagram_a,Periscope — two-mirror diagram (Y6),"Yellow rays from sources, shadows shown on ground/walls","[""light"",""shadows"",""Y3"",""Y6""]",Adaptly Primary Catalogue,0,,
pdl-1100,"Sound sources poster — instrument, voice, animal, alarm",Physics,Sound (primary),Year 4,LKS2,diagram_a,"Sound sources poster — instrument, voice, animal, alarm","Blue waves radiating from source, child ear in section","[""sound"",""vibration"",""Y4""]",Adaptly Primary Catalogue,0,,
pdl-1101,Sound is a vibration — drum + arrows,Physics,Sound (primary),Year 4,LKS2,diagram_a,Sound is a vibration — drum + arrows,"Blue waves radiating from source, child ear in section","[""sound"",""vibration"",""Y4""]",Adaptly Primary Catalogue,0,,
pdl-1102,How we hear — outer/middle/inner ear path,Physics,Sound (primary),Year 4,LKS2,diagram_a,How we hear — outer/middle/inner ear path,"Blue waves radiating from source, child ear in section","[""sound"",""vibration"",""Y4""]",Adaptly Primary Catalogue,0,,
pdl-1103,Pitch — high vs low waves,Physics,Sound (primary),Year 4,LKS2,diagram_a,Pitch — high vs low waves,"Blue waves radiating from source, child ear in section","[""sound"",""vibration"",""Y4""]",Adaptly Primary Catalogue,0,,
pdl-1104,Volume — quiet vs loud waves,Physics,Sound (primary),Year 4,LKS2,diagram_a,Volume — quiet vs loud waves,"Blue waves radiating from source, child ear in section","[""sound"",""vibration"",""Y4""]",Adaptly Primary Catalogue,0,,
pdl-1105,Sound through different media (solid/liquid/gas),Physics,Sound (primary),Year 4,LKS2,diagram_a,Sound through different media (solid/liquid/gas),"Blue waves radiating from source, child ear in section","[""sound"",""vibration"",""Y4""]",Adaptly Primary Catalogue,0,,
pdl-1106,Echo — sound reflecting off cliff,Physics,Sound (primary),Year 4,LKS2,diagram_a,Echo — sound reflecting off cliff,"Blue waves radiating from source, child ear in section","[""sound"",""vibration"",""Y4""]",Adaptly Primary Catalogue,0,,
pdl-1107,Hearing protection — concert / fireworks,Physics,Sound (primary),Year 4,LKS2,diagram_a,Hearing protection — concert / fireworks,"Blue waves radiating from source, child ear in section","[""sound"",""vibration"",""Y4""]",Adaptly Primary Catalogue,0,,
pdl-1108,Sun-Earth-Moon system — labelled,Physics,Earth and space (primary),Year 5,UKS2,diagram_a,Sun-Earth-Moon system — labelled,"Realistic colours, orbits as dashed ellipses","[""earth-space"",""astronomy"",""Y5""]",Adaptly Primary Catalogue,0,,
pdl-1109,Why we have day and night — Earth rotation,Physics,Earth and space (primary),Year 5,UKS2,diagram_a,Why we have day and night — Earth rotation,"Realistic colours, orbits as dashed ellipses","[""earth-space"",""astronomy"",""Y5""]",Adaptly Primary Catalogue,0,,
pdl-1110,Why we have seasons — axial tilt,Physics,Earth and space (primary),Year 5,UKS2,diagram_a,Why we have seasons — axial tilt,"Realistic colours, orbits as dashed ellipses","[""earth-space"",""astronomy"",""Y5""]",Adaptly Primary Catalogue,0,,
pdl-1111,Phases of the Moon — 8 phases circular layout,Physics,Earth and space (primary),Year 5,UKS2,diagram_a,Phases of the Moon — 8 phases circular layout,"Realistic colours, orbits as dashed ellipses","[""earth-space"",""astronomy"",""Y5""]",Adaptly Primary Catalogue,0,,
pdl-1112,Solar eclipse diagram,Physics,Earth and space (primary),Year 5,UKS2,diagram_a,Solar eclipse diagram,"Realistic colours, orbits as dashed ellipses","[""earth-space"",""astronomy"",""Y5""]",Adaptly Primary Catalogue,0,,
pdl-1113,Lunar eclipse diagram,Physics,Earth and space (primary),Year 5,UKS2,diagram_a,Lunar eclipse diagram,"Realistic colours, orbits as dashed ellipses","[""earth-space"",""astronomy"",""Y5""]",Adaptly Primary Catalogue,0,,
pdl-1114,Solar system — 8 planets in order with relative size,Physics,Earth and space (primary),Year 5,UKS2,diagram_a,Solar system — 8 planets in order with relative size,"Realistic colours, orbits as dashed ellipses","[""earth-space"",""astronomy"",""Y5""]",Adaptly Primary Catalogue,0,,
pdl-1115,Mercury through Neptune name cards (compact),Physics,Earth and space (primary),Year 5,UKS2,diagram_a,Mercury through Neptune name cards (compact),"Realistic colours, orbits as dashed ellipses","[""earth-space"",""astronomy"",""Y5""]",Adaptly Primary Catalogue,0,,
pdl-1116,Geocentric vs heliocentric model — comparison,Physics,Earth and space (primary),Year 5,UKS2,diagram_a,Geocentric vs heliocentric model — comparison,"Realistic colours, orbits as dashed ellipses","[""earth-space"",""astronomy"",""Y5""]",Adaptly Primary Catalogue,0,,
pdl-1117,Earth's structure — crust/mantle/outer/inner core,Physics,Earth and space (primary),Year 5,UKS2,diagram_a,Earth's structure — crust/mantle/outer/inner core,"Realistic colours, orbits as dashed ellipses","[""earth-space"",""astronomy"",""Y5""]",Adaptly Primary Catalogue,0,,
pdl-1118,Moon's surface features,Physics,Earth and space (primary),Year 5,UKS2,diagram_a,Moon's surface features,"Realistic colours, orbits as dashed ellipses","[""earth-space"",""astronomy"",""Y5""]",Adaptly Primary Catalogue,0,,
pdl-1119,Space exploration timeline (1957 → today),Physics,Earth and space (primary),Year 5,UKS2,diagram_a,Space exploration timeline (1957 → today),"Realistic colours, orbits as dashed ellipses","[""earth-space"",""astronomy"",""Y5""]",Adaptly Primary Catalogue,0,,
pdl-1120,Cell (battery) symbol card,Physics,Electricity (primary),Year 4,LKS2,diagram_a,Cell (battery) symbol card,"Coloured wires, real-component sketch on left, symbol on right","[""electricity"",""circuits"",""Y4"",""Y6""]",Adaptly Primary Catalogue,0,,
pdl-1121,Bulb symbol card,Physics,Electricity (primary),Year 4,LKS2,diagram_a,Bulb symbol card,"Coloured wires, real-component sketch on left, symbol on right","[""electricity"",""circuits"",""Y4"",""Y6""]",Adaptly Primary Catalogue,0,,
pdl-1122,Switch (open) symbol card,Physics,Electricity (primary),Year 4,LKS2,diagram_a,Switch (open) symbol card,"Coloured wires, real-component sketch on left, symbol on right","[""electricity"",""circuits"",""Y4"",""Y6""]",Adaptly Primary Catalogue,0,,
pdl-1123,Switch (closed) symbol card,Physics,Electricity (primary),Year 4,LKS2,diagram_a,Switch (closed) symbol card,"Coloured wires, real-component sketch on left, symbol on right","[""electricity"",""circuits"",""Y4"",""Y6""]",Adaptly Primary Catalogue,0,,
pdl-1124,Wire — straight,Physics,Electricity (primary),Year 4,LKS2,diagram_a,Wire — straight,"Coloured wires, real-component sketch on left, symbol on right","[""electricity"",""circuits"",""Y4"",""Y6""]",Adaptly Primary Catalogue,0,,
pdl-1125,Wire — bend,Physics,Electricity (primary),Year 4,LKS2,diagram_a,Wire — bend,"Coloured wires, real-component sketch on left, symbol on right","[""electricity"",""circuits"",""Y4"",""Y6""]",Adaptly Primary Catalogue,0,,
pdl-1126,Buzzer symbol card,Physics,Electricity (primary),Year 4,LKS2,diagram_a,Buzzer symbol card,"Coloured wires, real-component sketch on left, symbol on right","[""electricity"",""circuits"",""Y4"",""Y6""]",Adaptly Primary Catalogue,0,,
pdl-1127,Motor symbol card,Physics,Electricity (primary),Year 4,LKS2,diagram_a,Motor symbol card,"Coloured wires, real-component sketch on left, symbol on right","[""electricity"",""circuits"",""Y4"",""Y6""]",Adaptly Primary Catalogue,0,,
pdl-1128,Simple circuit — battery + bulb + switch,Physics,Electricity (primary),Year 4,LKS2,diagram_a,Simple circuit — battery + bulb + switch,"Coloured wires, real-component sketch on left, symbol on right","[""electricity"",""circuits"",""Y4"",""Y6""]",Adaptly Primary Catalogue,0,,
pdl-1129,Series circuit — two bulbs,Physics,Electricity (primary),Year 4,LKS2,diagram_a,Series circuit — two bulbs,"Coloured wires, real-component sketch on left, symbol on right","[""electricity"",""circuits"",""Y4"",""Y6""]",Adaptly Primary Catalogue,0,,
pdl-1130,Parallel circuit — two bulbs,Physics,Electricity (primary),Year 4,LKS2,diagram_a,Parallel circuit — two bulbs,"Coloured wires, real-component sketch on left, symbol on right","[""electricity"",""circuits"",""Y4"",""Y6""]",Adaptly Primary Catalogue,0,,
pdl-1131,Open vs closed circuit comparison,Physics,Electricity (primary),Year 4,LKS2,diagram_a,Open vs closed circuit comparison,"Coloured wires, real-component sketch on left, symbol on right","[""electricity"",""circuits"",""Y4"",""Y6""]",Adaptly Primary Catalogue,0,,
pdl-1132,What makes a bulb brighter? (more cells),Physics,Electricity (primary),Year 4,LKS2,diagram_a,What makes a bulb brighter? (more cells),"Coloured wires, real-component sketch on left, symbol on right","[""electricity"",""circuits"",""Y4"",""Y6""]",Adaptly Primary Catalogue,0,,
pdl-1133,Conductors vs insulators sorting tray,Physics,Electricity (primary),Year 4,LKS2,diagram_a,Conductors vs insulators sorting tray,"Coloured wires, real-component sketch on left, symbol on right","[""electricity"",""circuits"",""Y4"",""Y6""]",Adaptly Primary Catalogue,0,,
pdl-1134,Mains electricity safety poster,Physics,Electricity (primary),Year 4,LKS2,diagram_a,Mains electricity safety poster,"Coloured wires, real-component sketch on left, symbol on right","[""electricity"",""circuits"",""Y4"",""Y6""]",Adaptly Primary Catalogue,0,,
pdl-1135,Battery safety poster,Physics,Electricity (primary),Year 4,LKS2,diagram_a,Battery safety poster,"Coloured wires, real-component sketch on left, symbol on right","[""electricity"",""circuits"",""Y4"",""Y6""]",Adaptly Primary Catalogue,0,,
pdl-1136,Static electricity — balloon + hair,Physics,Electricity (primary),Year 4,LKS2,diagram_a,Static electricity — balloon + hair,"Coloured wires, real-component sketch on left, symbol on right","[""electricity"",""circuits"",""Y4"",""Y6""]",Adaptly Primary Catalogue,0,,
pdl-1137,Electrical appliances at home — labelled,Physics,Electricity (primary),Year 4,LKS2,diagram_a,Electrical appliances at home — labelled,"Coloured wires, real-component sketch on left, symbol on right","[""electricity"",""circuits"",""Y4"",""Y6""]",Adaptly Primary Catalogue,0,,
pdl-1138,Adaptation — polar bear features,Biology,Evolution,Year 6,UKS2,diagram_a,Adaptation — polar bear features,"Time arrows, before/after panels","[""evolution"",""adaptation"",""Y6""]",Adaptly Primary Catalogue,0,,
pdl-1139,Adaptation — camel features,Biology,Evolution,Year 6,UKS2,diagram_a,Adaptation — camel features,"Time arrows, before/after panels","[""evolution"",""adaptation"",""Y6""]",Adaptly Primary Catalogue,0,,
pdl-1140,Adaptation — cactus features,Biology,Evolution,Year 6,UKS2,diagram_a,Adaptation — cactus features,"Time arrows, before/after panels","[""evolution"",""adaptation"",""Y6""]",Adaptly Primary Catalogue,0,,
pdl-1141,Adaptation — fish gills/streamlined body,Biology,Evolution,Year 6,UKS2,diagram_a,Adaptation — fish gills/streamlined body,"Time arrows, before/after panels","[""evolution"",""adaptation"",""Y6""]",Adaptly Primary Catalogue,0,,
pdl-1142,Variation in a species — finch beaks (Galápagos simplified),Biology,Evolution,Year 6,UKS2,diagram_a,Variation in a species — finch beaks (Galápagos simplified),"Time arrows, before/after panels","[""evolution"",""adaptation"",""Y6""]",Adaptly Primary Catalogue,0,,
pdl-1143,Inherited vs environmental features,Biology,Evolution,Year 6,UKS2,diagram_a,Inherited vs environmental features,"Time arrows, before/after panels","[""evolution"",""adaptation"",""Y6""]",Adaptly Primary Catalogue,0,,
pdl-1144,Fossil record timeline (simplified),Biology,Evolution,Year 6,UKS2,diagram_a,Fossil record timeline (simplified),"Time arrows, before/after panels","[""evolution"",""adaptation"",""Y6""]",Adaptly Primary Catalogue,0,,
pdl-1145,Family tree of an animal across generations,Biology,Evolution,Year 6,UKS2,diagram_a,Family tree of an animal across generations,"Time arrows, before/after panels","[""evolution"",""adaptation"",""Y6""]",Adaptly Primary Catalogue,0,,
pdl-1146,Bacteria card — rod / coccus / spiral,Biology,Classification,Year 6,UKS2,diagram_a,Bacteria card — rod / coccus / spiral,Cute friendly germ characters with name tags,"[""microbes"",""bacteria"",""fungi"",""virus""]",Adaptly Primary Catalogue,0,,
pdl-1147,Virus card — simple capsid + spikes,Biology,Classification,Year 6,UKS2,diagram_a,Virus card — simple capsid + spikes,Cute friendly germ characters with name tags,"[""microbes"",""bacteria"",""fungi"",""virus""]",Adaptly Primary Catalogue,0,,
pdl-1148,Fungi card — mould vs mushroom,Biology,Classification,Year 6,UKS2,diagram_a,Fungi card — mould vs mushroom,Cute friendly germ characters with name tags,"[""microbes"",""bacteria"",""fungi"",""virus""]",Adaptly Primary Catalogue,0,,
pdl-1149,Yeast — bread rising diagram,Biology,Classification,Year 6,UKS2,diagram_a,Yeast — bread rising diagram,Cute friendly germ characters with name tags,"[""microbes"",""bacteria"",""fungi"",""virus""]",Adaptly Primary Catalogue,0,,
pdl-1150,Hand washing — germ removal sequence,Biology,Classification,Year 6,UKS2,diagram_a,Hand washing — germ removal sequence,Cute friendly germ characters with name tags,"[""microbes"",""bacteria"",""fungi"",""virus""]",Adaptly Primary Catalogue,0,,
pdl-1151,Weather — sunny,Geography,Weather (primary),Year 1,KS1,diagram_a,Weather — sunny,"Bold weather icon, label in friendly font","[""weather"",""KS1""]",Adaptly Primary Catalogue,0,,
pdl-1152,Weather — partly cloudy,Geography,Weather (primary),Year 1,KS1,diagram_a,Weather — partly cloudy,"Bold weather icon, label in friendly font","[""weather"",""KS1""]",Adaptly Primary Catalogue,0,,
pdl-1153,Weather — overcast,Geography,Weather (primary),Year 1,KS1,diagram_a,Weather — overcast,"Bold weather icon, label in friendly font","[""weather"",""KS1""]",Adaptly Primary Catalogue,0,,
pdl-1154,Weather — light rain,Geography,Weather (primary),Year 1,KS1,diagram_a,Weather — light rain,"Bold weather icon, label in friendly font","[""weather"",""KS1""]",Adaptly Primary Catalogue,0,,
pdl-1155,Weather — heavy rain,Geography,Weather (primary),Year 1,KS1,diagram_a,Weather — heavy rain,"Bold weather icon, label in friendly font","[""weather"",""KS1""]",Adaptly Primary Catalogue,0,,
pdl-1156,Weather — thunderstorm,Geography,Weather (primary),Year 1,KS1,diagram_a,Weather — thunderstorm,"Bold weather icon, label in friendly font","[""weather"",""KS1""]",Adaptly Primary Catalogue,0,,
pdl-1157,Weather — snow,Geography,Weather (primary),Year 1,KS1,diagram_a,Weather — snow,"Bold weather icon, label in friendly font","[""weather"",""KS1""]",Adaptly Primary Catalogue,0,,
pdl-1158,Weather — sleet,Geography,Weather (primary),Year 1,KS1,diagram_a,Weather — sleet,"Bold weather icon, label in friendly font","[""weather"",""KS1""]",Adaptly Primary Catalogue,0,,
pdl-1159,Weather — windy,Geography,Weather (primary),Year 1,KS1,diagram_a,Weather — windy,"Bold weather icon, label in friendly font","[""weather"",""KS1""]",Adaptly Primary Catalogue,0,,
pdl-1160,Weather — foggy,Geography,Weather (primary),Year 1,KS1,diagram_a,Weather — foggy,"Bold weather icon, label in friendly font","[""weather"",""KS1""]",Adaptly Primary Catalogue,0,,
pdl-1161,Weather — frosty,Geography,Weather (primary),Year 1,KS1,diagram_a,Weather — frosty,"Bold weather icon, label in friendly font","[""weather"",""KS1""]",Adaptly Primary Catalogue,0,,
pdl-1162,Weather — rainbow,Geography,Weather (primary),Year 1,KS1,diagram_a,Weather — rainbow,"Bold weather icon, label in friendly font","[""weather"",""KS1""]",Adaptly Primary Catalogue,0,,
pdl-1163,Season — spring (blossom),Geography,Seasons,Year 1,KS1,diagram_a,Season — spring (blossom),"Same composition, different palette/leaves per season","[""seasons"",""KS1""]",Adaptly Primary Catalogue,0,,
pdl-1164,Season — summer (full leaves),Geography,Seasons,Year 1,KS1,diagram_a,Season — summer (full leaves),"Same composition, different palette/leaves per season","[""seasons"",""KS1""]",Adaptly Primary Catalogue,0,,
pdl-1165,Season — autumn (orange leaves falling),Geography,Seasons,Year 1,KS1,diagram_a,Season — autumn (orange leaves falling),"Same composition, different palette/leaves per season","[""seasons"",""KS1""]",Adaptly Primary Catalogue,0,,
pdl-1166,"Season — winter (bare branches, snow)",Geography,Seasons,Year 1,KS1,diagram_a,"Season — winter (bare branches, snow)","Same composition, different palette/leaves per season","[""seasons"",""KS1""]",Adaptly Primary Catalogue,0,,
pdl-1167,Seasons wheel — four-quadrant,Geography,Seasons,Year 1,KS1,diagram_a,Seasons wheel — four-quadrant,"Same composition, different palette/leaves per season","[""seasons"",""KS1""]",Adaptly Primary Catalogue,0,,
pdl-1168,Seasonal clothing chart,Geography,Seasons,Year 1,KS1,diagram_a,Seasonal clothing chart,"Same composition, different palette/leaves per season","[""seasons"",""KS1""]",Adaptly Primary Catalogue,0,,
pdl-1169,Scientific method — 5 step cycle,Science,Working scientifically,Year 4,LKS2,diagram_a,Scientific method — 5 step cycle,"Stepped cards, magnifying-glass mascot","[""scientific-method"",""fair-test"",""investigation""]",Adaptly Primary Catalogue,0,,
pdl-1170,Fair test — change one / measure one / keep same,Science,Working scientifically,Year 4,LKS2,diagram_a,Fair test — change one / measure one / keep same,"Stepped cards, magnifying-glass mascot","[""scientific-method"",""fair-test"",""investigation""]",Adaptly Primary Catalogue,0,,
pdl-1171,Variables card — independent / dependent / control,Science,Working scientifically,Year 4,LKS2,diagram_a,Variables card — independent / dependent / control,"Stepped cards, magnifying-glass mascot","[""scientific-method"",""fair-test"",""investigation""]",Adaptly Primary Catalogue,0,,
pdl-1172,Predict – test – record – conclude planner,Science,Working scientifically,Year 4,LKS2,diagram_a,Predict – test – record – conclude planner,"Stepped cards, magnifying-glass mascot","[""scientific-method"",""fair-test"",""investigation""]",Adaptly Primary Catalogue,0,,
pdl-1173,Equipment poster — beaker / measuring cylinder / thermometer / stopwatch,Science,Working scientifically,Year 4,LKS2,diagram_a,Equipment poster — beaker / measuring cylinder / thermometer / stopwatch,"Stepped cards, magnifying-glass mascot","[""scientific-method"",""fair-test"",""investigation""]",Adaptly Primary Catalogue,0,,
pdl-1174,Lab safety poster (primary),Science,Working scientifically,Year 4,LKS2,diagram_a,Lab safety poster (primary),"Stepped cards, magnifying-glass mascot","[""scientific-method"",""fair-test"",""investigation""]",Adaptly Primary Catalogue,0,,
pdl-1175,Bar chart / line graph chooser flowchart,Science,Working scientifically,Year 4,LKS2,diagram_a,Bar chart / line graph chooser flowchart,"Stepped cards, magnifying-glass mascot","[""scientific-method"",""fair-test"",""investigation""]",Adaptly Primary Catalogue,0,,
pdl-1176,Conclusion sentence stems poster,Science,Working scientifically,Year 4,LKS2,diagram_a,Conclusion sentence stems poster,"Stepped cards, magnifying-glass mascot","[""scientific-method"",""fair-test"",""investigation""]",Adaptly Primary Catalogue,0,,
pdl-1177,Eatwell plate — proportional segments,Biology,Healthy living,Year 2,KS1,diagram_a,Eatwell plate — proportional segments,"Bright, encouraging palette, mascot waving","[""healthy-living"",""KS1"",""KS2""]",Adaptly Primary Catalogue,0,,
pdl-1178,Healthy plate vs treat plate,Biology,Healthy living,Year 2,KS1,diagram_a,Healthy plate vs treat plate,"Bright, encouraging palette, mascot waving","[""healthy-living"",""KS1"",""KS2""]",Adaptly Primary Catalogue,0,,
pdl-1179,Hydration ladder — what to drink,Biology,Healthy living,Year 2,KS1,diagram_a,Hydration ladder — what to drink,"Bright, encouraging palette, mascot waving","[""healthy-living"",""KS1"",""KS2""]",Adaptly Primary Catalogue,0,,
pdl-1180,Exercise heart rate — before/after,Biology,Healthy living,Year 2,KS1,diagram_a,Exercise heart rate — before/after,"Bright, encouraging palette, mascot waving","[""healthy-living"",""KS1"",""KS2""]",Adaptly Primary Catalogue,0,,
pdl-1181,Sleep needs by age — body chart,Biology,Healthy living,Year 2,KS1,diagram_a,Sleep needs by age — body chart,"Bright, encouraging palette, mascot waving","[""healthy-living"",""KS1"",""KS2""]",Adaptly Primary Catalogue,0,,
pdl-1182,Hygiene routine — wash hands / brush teeth / shower,Biology,Healthy living,Year 2,KS1,diagram_a,Hygiene routine — wash hands / brush teeth / shower,"Bright, encouraging palette, mascot waving","[""healthy-living"",""KS1"",""KS2""]",Adaptly Primary Catalogue,0,,
pdl-1183,OS map symbol — church with tower,Geography,Maps and symbols,Year 4,LKS2,diagram_a,"Ordnance-Survey-style icon for ""church with tower"" with name tag.","OS purple/blue/green palette, simplified silhouette","[""map"",""OS-symbol"",""KS2""]",Adaptly Primary Catalogue,0,,
pdl-1184,OS map symbol — church with spire,Geography,Maps and symbols,Year 4,LKS2,diagram_a,"Ordnance-Survey-style icon for ""church with spire"" with name tag.","OS purple/blue/green palette, simplified silhouette","[""map"",""OS-symbol"",""KS2""]",Adaptly Primary Catalogue,0,,
pdl-1185,OS map symbol — school,Geography,Maps and symbols,Year 4,LKS2,diagram_a,"Ordnance-Survey-style icon for ""school"" with name tag.","OS purple/blue/green palette, simplified silhouette","[""map"",""OS-symbol"",""KS2""]",Adaptly Primary Catalogue,0,,
pdl-1186,OS map symbol — post office,Geography,Maps and symbols,Year 4,LKS2,diagram_a,"Ordnance-Survey-style icon for ""post office"" with name tag.","OS purple/blue/green palette, simplified silhouette","[""map"",""OS-symbol"",""KS2""]",Adaptly Primary Catalogue,0,,
pdl-1187,OS map symbol — public house,Geography,Maps and symbols,Year 4,LKS2,diagram_a,"Ordnance-Survey-style icon for ""public house"" with name tag.","OS purple/blue/green palette, simplified silhouette","[""map"",""OS-symbol"",""KS2""]",Adaptly Primary Catalogue,0,,
pdl-1188,OS map symbol — lighthouse,Geography,Maps and symbols,Year 4,LKS2,diagram_a,"Ordnance-Survey-style icon for ""lighthouse"" with name tag.","OS purple/blue/green palette, simplified silhouette","[""map"",""OS-symbol"",""KS2""]",Adaptly Primary Catalogue,0,,
pdl-1189,OS map symbol — campsite,Geography,Maps and symbols,Year 4,LKS2,diagram_a,"Ordnance-Survey-style icon for ""campsite"" with name tag.","OS purple/blue/green palette, simplified silhouette","[""map"",""OS-symbol"",""KS2""]",Adaptly Primary Catalogue,0,,
pdl-1190,OS map symbol — picnic site,Geography,Maps and symbols,Year 4,LKS2,diagram_a,"Ordnance-Survey-style icon for ""picnic site"" with name tag.","OS purple/blue/green palette, simplified silhouette","[""map"",""OS-symbol"",""KS2""]",Adaptly Primary Catalogue,0,,
pdl-1191,OS map symbol — youth hostel,Geography,Maps and symbols,Year 4,LKS2,diagram_a,"Ordnance-Survey-style icon for ""youth hostel"" with name tag.","OS purple/blue/green palette, simplified silhouette","[""map"",""OS-symbol"",""KS2""]",Adaptly Primary Catalogue,0,,
pdl-1192,OS map symbol — viewpoint,Geography,Maps and symbols,Year 4,LKS2,diagram_a,"Ordnance-Survey-style icon for ""viewpoint"" with name tag.","OS purple/blue/green palette, simplified silhouette","[""map"",""OS-symbol"",""KS2""]",Adaptly Primary Catalogue,0,,
pdl-1193,OS map symbol — parking,Geography,Maps and symbols,Year 4,LKS2,diagram_a,"Ordnance-Survey-style icon for ""parking"" with name tag.","OS purple/blue/green palette, simplified silhouette","[""map"",""OS-symbol"",""KS2""]",Adaptly Primary Catalogue,0,,
pdl-1194,OS map symbol — information centre,Geography,Maps and symbols,Year 4,LKS2,diagram_a,"Ordnance-Survey-style icon for ""information centre"" with name tag.","OS purple/blue/green palette, simplified silhouette","[""map"",""OS-symbol"",""KS2""]",Adaptly Primary Catalogue,0,,
pdl-1195,OS map symbol — railway station,Geography,Maps and symbols,Year 4,LKS2,diagram_a,"Ordnance-Survey-style icon for ""railway station"" with name tag.","OS purple/blue/green palette, simplified silhouette","[""map"",""OS-symbol"",""KS2""]",Adaptly Primary Catalogue,0,,
pdl-1196,OS map symbol — bus station,Geography,Maps and symbols,Year 4,LKS2,diagram_a,"Ordnance-Survey-style icon for ""bus station"" with name tag.","OS purple/blue/green palette, simplified silhouette","[""map"",""OS-symbol"",""KS2""]",Adaptly Primary Catalogue,0,,
pdl-1197,OS map symbol — windmill,Geography,Maps and symbols,Year 4,LKS2,diagram_a,"Ordnance-Survey-style icon for ""windmill"" with name tag.","OS purple/blue/green palette, simplified silhouette","[""map"",""OS-symbol"",""KS2""]",Adaptly Primary Catalogue,0,,
pdl-1198,OS map symbol — footpath,Geography,Maps and symbols,Year 4,LKS2,diagram_a,"Ordnance-Survey-style icon for ""footpath"" with name tag.","OS purple/blue/green palette, simplified silhouette","[""map"",""OS-symbol"",""KS2""]",Adaptly Primary Catalogue,0,,
pdl-1199,OS map symbol — cycle path,Geography,Maps and symbols,Year 4,LKS2,diagram_a,"Ordnance-Survey-style icon for ""cycle path"" with name tag.","OS purple/blue/green palette, simplified silhouette","[""map"",""OS-symbol"",""KS2""]",Adaptly Primary Catalogue,0,,
pdl-1200,OS map symbol — bridleway,Geography,Maps and symbols,Year 4,LKS2,diagram_a,"Ordnance-Survey-style icon for ""bridleway"" with name tag.","OS purple/blue/green palette, simplified silhouette","[""map"",""OS-symbol"",""KS2""]",Adaptly Primary Catalogue,0,,
pdl-1201,OS map symbol — motorway,Geography,Maps and symbols,Year 4,LKS2,diagram_a,"Ordnance-Survey-style icon for ""motorway"" with name tag.","OS purple/blue/green palette, simplified silhouette","[""map"",""OS-symbol"",""KS2""]",Adaptly Primary Catalogue,0,,
pdl-1202,OS map symbol — A-road,Geography,Maps and symbols,Year 4,LKS2,diagram_a,"Ordnance-Survey-style icon for ""A-road"" with name tag.","OS purple/blue/green palette, simplified silhouette","[""map"",""OS-symbol"",""KS2""]",Adaptly Primary Catalogue,0,,
pdl-1203,OS map symbol — river,Geography,Maps and symbols,Year 4,LKS2,diagram_a,"Ordnance-Survey-style icon for ""river"" with name tag.","OS purple/blue/green palette, simplified silhouette","[""map"",""OS-symbol"",""KS2""]",Adaptly Primary Catalogue,0,,
pdl-1204,OS map symbol — canal,Geography,Maps and symbols,Year 4,LKS2,diagram_a,"Ordnance-Survey-style icon for ""canal"" with name tag.","OS purple/blue/green palette, simplified silhouette","[""map"",""OS-symbol"",""KS2""]",Adaptly Primary Catalogue,0,,
pdl-1205,OS map symbol — lake,Geography,Maps and symbols,Year 4,LKS2,diagram_a,"Ordnance-Survey-style icon for ""lake"" with name tag.","OS purple/blue/green palette, simplified silhouette","[""map"",""OS-symbol"",""KS2""]",Adaptly Primary Catalogue,0,,
pdl-1206,OS map symbol — wood (deciduous),Geography,Maps and symbols,Year 4,LKS2,diagram_a,"Ordnance-Survey-style icon for ""wood (deciduous)"" with name tag.","OS purple/blue/green palette, simplified silhouette","[""map"",""OS-symbol"",""KS2""]",Adaptly Primary Catalogue,0,,
pdl-1207,OS map symbol — wood (coniferous),Geography,Maps and symbols,Year 4,LKS2,diagram_a,"Ordnance-Survey-style icon for ""wood (coniferous)"" with name tag.","OS purple/blue/green palette, simplified silhouette","[""map"",""OS-symbol"",""KS2""]",Adaptly Primary Catalogue,0,,
pdl-1208,Compass rose — 4 point,Geography,Compass and direction,Year 3,LKS2,diagram_a,Compass rose — 4 point,"Star compass, gold outline, points colour-coded","[""compass"",""direction""]",Adaptly Primary Catalogue,0,,
pdl-1209,Compass rose — 8 point,Geography,Compass and direction,Year 3,LKS2,diagram_a,Compass rose — 8 point,"Star compass, gold outline, points colour-coded","[""compass"",""direction""]",Adaptly Primary Catalogue,0,,
pdl-1210,Compass rose — 16 point,Geography,Compass and direction,Year 3,LKS2,diagram_a,Compass rose — 16 point,"Star compass, gold outline, points colour-coded","[""compass"",""direction""]",Adaptly Primary Catalogue,0,,
pdl-1211,Compass directions on a grid,Geography,Compass and direction,Year 3,LKS2,diagram_a,Compass directions on a grid,"Star compass, gold outline, points colour-coded","[""compass"",""direction""]",Adaptly Primary Catalogue,0,,
pdl-1212,Bearings dial 0–360°,Geography,Compass and direction,Year 3,LKS2,diagram_a,Bearings dial 0–360°,"Star compass, gold outline, points colour-coded","[""compass"",""direction""]",Adaptly Primary Catalogue,0,,
pdl-1213,Treasure map with compass legend,Geography,Compass and direction,Year 3,LKS2,diagram_a,Treasure map with compass legend,"Star compass, gold outline, points colour-coded","[""compass"",""direction""]",Adaptly Primary Catalogue,0,,
pdl-1214,UK map — countries colour-coded,Geography,UK geography,Year 3,LKS2,diagram_a,UK map — countries colour-coded,"Pastel fills per country, capital starred","[""UK"",""country"",""map""]",Adaptly Primary Catalogue,0,,
pdl-1215,UK map — capitals starred,Geography,UK geography,Year 3,LKS2,diagram_a,UK map — capitals starred,"Pastel fills per country, capital starred","[""UK"",""country"",""map""]",Adaptly Primary Catalogue,0,,
pdl-1216,England map — counties (simplified),Geography,UK geography,Year 3,LKS2,diagram_a,England map — counties (simplified),"Pastel fills per country, capital starred","[""UK"",""country"",""map""]",Adaptly Primary Catalogue,0,,
pdl-1217,Scotland map with Highlands/Lowlands,Geography,UK geography,Year 3,LKS2,diagram_a,Scotland map with Highlands/Lowlands,"Pastel fills per country, capital starred","[""UK"",""country"",""map""]",Adaptly Primary Catalogue,0,,
pdl-1218,Wales map with regions,Geography,UK geography,Year 3,LKS2,diagram_a,Wales map with regions,"Pastel fills per country, capital starred","[""UK"",""country"",""map""]",Adaptly Primary Catalogue,0,,
pdl-1219,Northern Ireland map,Geography,UK geography,Year 3,LKS2,diagram_a,Northern Ireland map,"Pastel fills per country, capital starred","[""UK"",""country"",""map""]",Adaptly Primary Catalogue,0,,
pdl-1220,UK seas — North Sea / English Channel / Irish Sea / Atlantic,Geography,UK geography,Year 3,LKS2,diagram_a,UK seas — North Sea / English Channel / Irish Sea / Atlantic,"Pastel fills per country, capital starred","[""UK"",""country"",""map""]",Adaptly Primary Catalogue,0,,
pdl-1221,Highest mountains — Ben Nevis / Snowdon / Scafell Pike / Slieve Donard,Geography,UK geography,Year 3,LKS2,diagram_a,Highest mountains — Ben Nevis / Snowdon / Scafell Pike / Slieve Donard,"Pastel fills per country, capital starred","[""UK"",""country"",""map""]",Adaptly Primary Catalogue,0,,
pdl-1222,Longest rivers — Severn / Thames / Trent / Wye,Geography,UK geography,Year 3,LKS2,diagram_a,Longest rivers — Severn / Thames / Trent / Wye,"Pastel fills per country, capital starred","[""UK"",""country"",""map""]",Adaptly Primary Catalogue,0,,
pdl-1223,British Isles vs UK vs Great Britain (Venn),Geography,UK geography,Year 3,LKS2,diagram_a,British Isles vs UK vs Great Britain (Venn),"Pastel fills per country, capital starred","[""UK"",""country"",""map""]",Adaptly Primary Catalogue,0,,
pdl-1224,"London labelled (Thames, landmarks)",Geography,UK geography,Year 3,LKS2,diagram_a,"London labelled (Thames, landmarks)","Pastel fills per country, capital starred","[""UK"",""country"",""map""]",Adaptly Primary Catalogue,0,,
pdl-1225,Edinburgh labelled,Geography,UK geography,Year 3,LKS2,diagram_a,Edinburgh labelled,"Pastel fills per country, capital starred","[""UK"",""country"",""map""]",Adaptly Primary Catalogue,0,,
pdl-1226,Cardiff labelled,Geography,UK geography,Year 3,LKS2,diagram_a,Cardiff labelled,"Pastel fills per country, capital starred","[""UK"",""country"",""map""]",Adaptly Primary Catalogue,0,,
pdl-1227,Belfast labelled,Geography,UK geography,Year 3,LKS2,diagram_a,Belfast labelled,"Pastel fills per country, capital starred","[""UK"",""country"",""map""]",Adaptly Primary Catalogue,0,,
pdl-1228,World map — 7 continents named,Geography,Continents and oceans,Year 2,KS1,diagram_a,World map — 7 continents named,"Each continent a different pastel fill, oceans labelled in blue italics","[""continent"",""ocean"",""world-map"",""KS1""]",Adaptly Primary Catalogue,0,,
pdl-1229,World map — 5 oceans named,Geography,Continents and oceans,Year 2,KS1,diagram_a,World map — 5 oceans named,"Each continent a different pastel fill, oceans labelled in blue italics","[""continent"",""ocean"",""world-map"",""KS1""]",Adaptly Primary Catalogue,0,,
pdl-1230,Globe view — Atlantic side,Geography,Continents and oceans,Year 2,KS1,diagram_a,Globe view — Atlantic side,"Each continent a different pastel fill, oceans labelled in blue italics","[""continent"",""ocean"",""world-map"",""KS1""]",Adaptly Primary Catalogue,0,,
pdl-1231,Globe view — Pacific side,Geography,Continents and oceans,Year 2,KS1,diagram_a,Globe view — Pacific side,"Each continent a different pastel fill, oceans labelled in blue italics","[""continent"",""ocean"",""world-map"",""KS1""]",Adaptly Primary Catalogue,0,,
pdl-1232,Equator and tropics labelled,Geography,Continents and oceans,Year 2,KS1,diagram_a,Equator and tropics labelled,"Each continent a different pastel fill, oceans labelled in blue italics","[""continent"",""ocean"",""world-map"",""KS1""]",Adaptly Primary Catalogue,0,,
pdl-1233,North/South Pole labelled,Geography,Continents and oceans,Year 2,KS1,diagram_a,North/South Pole labelled,"Each continent a different pastel fill, oceans labelled in blue italics","[""continent"",""ocean"",""world-map"",""KS1""]",Adaptly Primary Catalogue,0,,
pdl-1234,Africa — outline with Sahara/Nile,Geography,Continents and oceans,Year 2,KS1,diagram_a,Africa — outline with Sahara/Nile,"Each continent a different pastel fill, oceans labelled in blue italics","[""continent"",""ocean"",""world-map"",""KS1""]",Adaptly Primary Catalogue,0,,
pdl-1235,Asia — outline with Himalayas,Geography,Continents and oceans,Year 2,KS1,diagram_a,Asia — outline with Himalayas,"Each continent a different pastel fill, oceans labelled in blue italics","[""continent"",""ocean"",""world-map"",""KS1""]",Adaptly Primary Catalogue,0,,
pdl-1236,Europe — outline with Alps,Geography,Continents and oceans,Year 2,KS1,diagram_a,Europe — outline with Alps,"Each continent a different pastel fill, oceans labelled in blue italics","[""continent"",""ocean"",""world-map"",""KS1""]",Adaptly Primary Catalogue,0,,
pdl-1237,North America — outline with Rockies,Geography,Continents and oceans,Year 2,KS1,diagram_a,North America — outline with Rockies,"Each continent a different pastel fill, oceans labelled in blue italics","[""continent"",""ocean"",""world-map"",""KS1""]",Adaptly Primary Catalogue,0,,
pdl-1238,South America — outline with Amazon/Andes,Geography,Continents and oceans,Year 2,KS1,diagram_a,South America — outline with Amazon/Andes,"Each continent a different pastel fill, oceans labelled in blue italics","[""continent"",""ocean"",""world-map"",""KS1""]",Adaptly Primary Catalogue,0,,
pdl-1239,Australia/Oceania — outline with Great Barrier Reef,Geography,Continents and oceans,Year 2,KS1,diagram_a,Australia/Oceania — outline with Great Barrier Reef,"Each continent a different pastel fill, oceans labelled in blue italics","[""continent"",""ocean"",""world-map"",""KS1""]",Adaptly Primary Catalogue,0,,
pdl-1240,River features — source / tributary / meander / confluence / mouth,Geography,Rivers,Year 4,LKS2,diagram_a,River features — source / tributary / meander / confluence / mouth,Cross-section + plan view where useful,"[""rivers"",""water-features""]",Adaptly Primary Catalogue,0,,
pdl-1241,River cross-section — V-shaped valley,Geography,Rivers,Year 4,LKS2,diagram_a,River cross-section — V-shaped valley,Cross-section + plan view where useful,"[""rivers"",""water-features""]",Adaptly Primary Catalogue,0,,
pdl-1242,Waterfall formation — 4 stages,Geography,Rivers,Year 4,LKS2,diagram_a,Waterfall formation — 4 stages,Cross-section + plan view where useful,"[""rivers"",""water-features""]",Adaptly Primary Catalogue,0,,
pdl-1243,Meander formation,Geography,Rivers,Year 4,LKS2,diagram_a,Meander formation,Cross-section + plan view where useful,"[""rivers"",""water-features""]",Adaptly Primary Catalogue,0,,
pdl-1244,Oxbow lake formation,Geography,Rivers,Year 4,LKS2,diagram_a,Oxbow lake formation,Cross-section + plan view where useful,"[""rivers"",""water-features""]",Adaptly Primary Catalogue,0,,
pdl-1245,River drainage basin,Geography,Rivers,Year 4,LKS2,diagram_a,River drainage basin,Cross-section + plan view where useful,"[""rivers"",""water-features""]",Adaptly Primary Catalogue,0,,
pdl-1246,Famous rivers — Nile labelled,Geography,Rivers,Year 4,LKS2,diagram_a,Famous rivers — Nile labelled,Cross-section + plan view where useful,"[""rivers"",""water-features""]",Adaptly Primary Catalogue,0,,
pdl-1247,Famous rivers — Amazon labelled,Geography,Rivers,Year 4,LKS2,diagram_a,Famous rivers — Amazon labelled,Cross-section + plan view where useful,"[""rivers"",""water-features""]",Adaptly Primary Catalogue,0,,
pdl-1248,Famous rivers — Thames labelled,Geography,Rivers,Year 4,LKS2,diagram_a,Famous rivers — Thames labelled,Cross-section + plan view where useful,"[""rivers"",""water-features""]",Adaptly Primary Catalogue,0,,
pdl-1249,Water cycle — evaporation/condensation/precipitation/collection,Geography,Rivers,Year 4,LKS2,diagram_a,Water cycle — evaporation/condensation/precipitation/collection,Cross-section + plan view where useful,"[""rivers"",""water-features""]",Adaptly Primary Catalogue,0,,
pdl-1250,Flooding — causes and effects,Geography,Rivers,Year 4,LKS2,diagram_a,Flooding — causes and effects,Cross-section + plan view where useful,"[""rivers"",""water-features""]",Adaptly Primary Catalogue,0,,
pdl-1251,Reservoir / dam diagram,Geography,Rivers,Year 4,LKS2,diagram_a,Reservoir / dam diagram,Cross-section + plan view where useful,"[""rivers"",""water-features""]",Adaptly Primary Catalogue,0,,
pdl-1252,Coastal landforms — cliff / wave-cut platform,Geography,Coasts,Year 5,UKS2,diagram_a,Coastal landforms — cliff / wave-cut platform,"Cross-section, label call-outs","[""coast"",""erosion""]",Adaptly Primary Catalogue,0,,
pdl-1253,Coastal landforms — arch / stack / stump,Geography,Coasts,Year 5,UKS2,diagram_a,Coastal landforms — arch / stack / stump,"Cross-section, label call-outs","[""coast"",""erosion""]",Adaptly Primary Catalogue,0,,
pdl-1254,Coastal erosion processes — hydraulic action / abrasion,Geography,Coasts,Year 5,UKS2,diagram_a,Coastal erosion processes — hydraulic action / abrasion,"Cross-section, label call-outs","[""coast"",""erosion""]",Adaptly Primary Catalogue,0,,
pdl-1255,Beach formation — deposition,Geography,Coasts,Year 5,UKS2,diagram_a,Beach formation — deposition,"Cross-section, label call-outs","[""coast"",""erosion""]",Adaptly Primary Catalogue,0,,
pdl-1256,Spit and tombolo,Geography,Coasts,Year 5,UKS2,diagram_a,Spit and tombolo,"Cross-section, label call-outs","[""coast"",""erosion""]",Adaptly Primary Catalogue,0,,
pdl-1257,Sea defences — groynes / sea wall / rip-rap,Geography,Coasts,Year 5,UKS2,diagram_a,Sea defences — groynes / sea wall / rip-rap,"Cross-section, label call-outs","[""coast"",""erosion""]",Adaptly Primary Catalogue,0,,
pdl-1258,Mountain features — peak / ridge / valley / scree,Geography,Mountains,Year 5,UKS2,diagram_a,Mountain features — peak / ridge / valley / scree,"Cross-section view, colour gradient for altitude","[""mountains"",""tectonics""]",Adaptly Primary Catalogue,0,,
pdl-1259,Volcano cross-section — magma chamber / vent / crater,Geography,Mountains,Year 5,UKS2,diagram_a,Volcano cross-section — magma chamber / vent / crater,"Cross-section view, colour gradient for altitude","[""mountains"",""tectonics""]",Adaptly Primary Catalogue,0,,
pdl-1260,Types of volcano — shield / composite / cinder cone,Geography,Mountains,Year 5,UKS2,diagram_a,Types of volcano — shield / composite / cinder cone,"Cross-section view, colour gradient for altitude","[""mountains"",""tectonics""]",Adaptly Primary Catalogue,0,,
pdl-1261,Earthquake — focus and epicentre,Geography,Mountains,Year 5,UKS2,diagram_a,Earthquake — focus and epicentre,"Cross-section view, colour gradient for altitude","[""mountains"",""tectonics""]",Adaptly Primary Catalogue,0,,
pdl-1262,Plate boundaries — convergent / divergent / transform,Geography,Mountains,Year 5,UKS2,diagram_a,Plate boundaries — convergent / divergent / transform,"Cross-section view, colour gradient for altitude","[""mountains"",""tectonics""]",Adaptly Primary Catalogue,0,,
pdl-1263,Ring of Fire map,Geography,Mountains,Year 5,UKS2,diagram_a,Ring of Fire map,"Cross-section view, colour gradient for altitude","[""mountains"",""tectonics""]",Adaptly Primary Catalogue,0,,
pdl-1264,Famous mountains — Mount Everest,Geography,Mountains,Year 5,UKS2,diagram_a,Famous mountains — Mount Everest,"Cross-section view, colour gradient for altitude","[""mountains"",""tectonics""]",Adaptly Primary Catalogue,0,,
pdl-1265,Famous mountains — Mount Kilimanjaro,Geography,Mountains,Year 5,UKS2,diagram_a,Famous mountains — Mount Kilimanjaro,"Cross-section view, colour gradient for altitude","[""mountains"",""tectonics""]",Adaptly Primary Catalogue,0,,
pdl-1266,Mountain weather changes with altitude,Geography,Mountains,Year 5,UKS2,diagram_a,Mountain weather changes with altitude,"Cross-section view, colour gradient for altitude","[""mountains"",""tectonics""]",Adaptly Primary Catalogue,0,,
pdl-1267,Mountain climate zones (vertical bands),Geography,Mountains,Year 5,UKS2,diagram_a,Mountain climate zones (vertical bands),"Cross-section view, colour gradient for altitude","[""mountains"",""tectonics""]",Adaptly Primary Catalogue,0,,
pdl-1268,Climate zones map — tropical/arid/temperate/polar,Geography,Climate zones,Year 5,UKS2,diagram_a,Climate zones map — tropical/arid/temperate/polar,"Banded world-map background, biome inset photo style","[""climate"",""biome""]",Adaptly Primary Catalogue,0,,
pdl-1269,Biome — tropical rainforest,Geography,Climate zones,Year 5,UKS2,diagram_a,Biome — tropical rainforest,"Banded world-map background, biome inset photo style","[""climate"",""biome""]",Adaptly Primary Catalogue,0,,
pdl-1270,Biome — savannah,Geography,Climate zones,Year 5,UKS2,diagram_a,Biome — savannah,"Banded world-map background, biome inset photo style","[""climate"",""biome""]",Adaptly Primary Catalogue,0,,
pdl-1271,Biome — desert,Geography,Climate zones,Year 5,UKS2,diagram_a,Biome — desert,"Banded world-map background, biome inset photo style","[""climate"",""biome""]",Adaptly Primary Catalogue,0,,
pdl-1272,Biome — mediterranean,Geography,Climate zones,Year 5,UKS2,diagram_a,Biome — mediterranean,"Banded world-map background, biome inset photo style","[""climate"",""biome""]",Adaptly Primary Catalogue,0,,
pdl-1273,Biome — temperate forest,Geography,Climate zones,Year 5,UKS2,diagram_a,Biome — temperate forest,"Banded world-map background, biome inset photo style","[""climate"",""biome""]",Adaptly Primary Catalogue,0,,
pdl-1274,Biome — tundra,Geography,Climate zones,Year 5,UKS2,diagram_a,Biome — tundra,"Banded world-map background, biome inset photo style","[""climate"",""biome""]",Adaptly Primary Catalogue,0,,
pdl-1275,Biome — taiga (boreal forest),Geography,Climate zones,Year 5,UKS2,diagram_a,Biome — taiga (boreal forest),"Banded world-map background, biome inset photo style","[""climate"",""biome""]",Adaptly Primary Catalogue,0,,
pdl-1276,Climate graph — example UK city,Geography,Climate zones,Year 5,UKS2,diagram_a,Climate graph — example UK city,"Banded world-map background, biome inset photo style","[""climate"",""biome""]",Adaptly Primary Catalogue,0,,
pdl-1277,Climate graph — example tropical city,Geography,Climate zones,Year 5,UKS2,diagram_a,Climate graph — example tropical city,"Banded world-map background, biome inset photo style","[""climate"",""biome""]",Adaptly Primary Catalogue,0,,
pdl-1278,Settlement types — hamlet / village / town / city,Geography,Settlements,Year 4,LKS2,diagram_a,Settlement types — hamlet / village / town / city,"Aerial view, pastel fills, key in legend","[""settlements"",""land-use""]",Adaptly Primary Catalogue,0,,
pdl-1279,Land use — residential / commercial / industrial / green,Geography,Settlements,Year 4,LKS2,diagram_a,Land use — residential / commercial / industrial / green,"Aerial view, pastel fills, key in legend","[""settlements"",""land-use""]",Adaptly Primary Catalogue,0,,
pdl-1280,Aerial view of a typical UK village,Geography,Settlements,Year 4,LKS2,diagram_a,Aerial view of a typical UK village,"Aerial view, pastel fills, key in legend","[""settlements"",""land-use""]",Adaptly Primary Catalogue,0,,
pdl-1281,Aerial view of a typical UK city,Geography,Settlements,Year 4,LKS2,diagram_a,Aerial view of a typical UK city,"Aerial view, pastel fills, key in legend","[""settlements"",""land-use""]",Adaptly Primary Catalogue,0,,
pdl-1282,Map of a fictional town with labelled zones,Geography,Settlements,Year 4,LKS2,diagram_a,Map of a fictional town with labelled zones,"Aerial view, pastel fills, key in legend","[""settlements"",""land-use""]",Adaptly Primary Catalogue,0,,
pdl-1283,Hierarchy pyramid — settlements,Geography,Settlements,Year 4,LKS2,diagram_a,Hierarchy pyramid — settlements,"Aerial view, pastel fills, key in legend","[""settlements"",""land-use""]",Adaptly Primary Catalogue,0,,
pdl-1284,Site & situation factors poster,Geography,Settlements,Year 4,LKS2,diagram_a,Site & situation factors poster,"Aerial view, pastel fills, key in legend","[""settlements"",""land-use""]",Adaptly Primary Catalogue,0,,
pdl-1285,Migration push/pull factor diagram,Geography,Settlements,Year 4,LKS2,diagram_a,Migration push/pull factor diagram,"Aerial view, pastel fills, key in legend","[""settlements"",""land-use""]",Adaptly Primary Catalogue,0,,
pdl-1286,Weather instrument — thermometer,Geography,Weather (primary),Year 4,LKS2,diagram_a,Weather instrument — thermometer,"Each instrument labelled, scale visible","[""weather"",""instruments""]",Adaptly Primary Catalogue,0,,
pdl-1287,Weather instrument — rain gauge,Geography,Weather (primary),Year 4,LKS2,diagram_a,Weather instrument — rain gauge,"Each instrument labelled, scale visible","[""weather"",""instruments""]",Adaptly Primary Catalogue,0,,
pdl-1288,Weather instrument — anemometer,Geography,Weather (primary),Year 4,LKS2,diagram_a,Weather instrument — anemometer,"Each instrument labelled, scale visible","[""weather"",""instruments""]",Adaptly Primary Catalogue,0,,
pdl-1289,Weather instrument — wind vane,Geography,Weather (primary),Year 4,LKS2,diagram_a,Weather instrument — wind vane,"Each instrument labelled, scale visible","[""weather"",""instruments""]",Adaptly Primary Catalogue,0,,
pdl-1290,Weather instrument — barometer,Geography,Weather (primary),Year 4,LKS2,diagram_a,Weather instrument — barometer,"Each instrument labelled, scale visible","[""weather"",""instruments""]",Adaptly Primary Catalogue,0,,
pdl-1291,Weather forecast symbols sheet,Geography,Weather (primary),Year 4,LKS2,diagram_a,Weather forecast symbols sheet,"Each instrument labelled, scale visible","[""weather"",""instruments""]",Adaptly Primary Catalogue,0,,
pdl-1292,Synoptic chart with isobars (simplified),Geography,Weather (primary),Year 4,LKS2,diagram_a,Synoptic chart with isobars (simplified),"Each instrument labelled, scale visible","[""weather"",""instruments""]",Adaptly Primary Catalogue,0,,
pdl-1293,Beaufort wind scale 0–12,Geography,Weather (primary),Year 4,LKS2,diagram_a,Beaufort wind scale 0–12,"Each instrument labelled, scale visible","[""weather"",""instruments""]",Adaptly Primary Catalogue,0,,
pdl-1294,4-figure grid reference — explained,Geography,Map skills,Year 5,UKS2,diagram_a,4-figure grid reference — explained,Sample map fragment + skill explanation,"[""map-skills"",""grid-references""]",Adaptly Primary Catalogue,0,,
pdl-1295,6-figure grid reference — explained,Geography,Map skills,Year 5,UKS2,diagram_a,6-figure grid reference — explained,Sample map fragment + skill explanation,"[""map-skills"",""grid-references""]",Adaptly Primary Catalogue,0,,
pdl-1296,Map scale 1:25 000 vs 1:50 000,Geography,Map skills,Year 5,UKS2,diagram_a,Map scale 1:25 000 vs 1:50 000,Sample map fragment + skill explanation,"[""map-skills"",""grid-references""]",Adaptly Primary Catalogue,0,,
pdl-1297,Map key / legend example,Geography,Map skills,Year 5,UKS2,diagram_a,Map key / legend example,Sample map fragment + skill explanation,"[""map-skills"",""grid-references""]",Adaptly Primary Catalogue,0,,
pdl-1298,Contour lines explained,Geography,Map skills,Year 5,UKS2,diagram_a,Contour lines explained,Sample map fragment + skill explanation,"[""map-skills"",""grid-references""]",Adaptly Primary Catalogue,0,,
pdl-1299,Spot heights and triangulation pillars,Geography,Map skills,Year 5,UKS2,diagram_a,Spot heights and triangulation pillars,Sample map fragment + skill explanation,"[""map-skills"",""grid-references""]",Adaptly Primary Catalogue,0,,
pdl-1300,Plan view vs side view,Geography,Map skills,Year 5,UKS2,diagram_a,Plan view vs side view,Sample map fragment + skill explanation,"[""map-skills"",""grid-references""]",Adaptly Primary Catalogue,0,,
pdl-1301,Title / north arrow / scale / key — map essentials,Geography,Map skills,Year 5,UKS2,diagram_a,Title / north arrow / scale / key — map essentials,Sample map fragment + skill explanation,"[""map-skills"",""grid-references""]",Adaptly Primary Catalogue,0,,
pdl-1302,Lines of latitude and longitude,Geography,Globe and world,Year 5,UKS2,diagram_a,Lines of latitude and longitude,Latitude/longitude lines drawn through,"[""globe"",""projection""]",Adaptly Primary Catalogue,0,,
pdl-1303,Hemispheres — Northern/Southern/Eastern/Western,Geography,Globe and world,Year 5,UKS2,diagram_a,Hemispheres — Northern/Southern/Eastern/Western,Latitude/longitude lines drawn through,"[""globe"",""projection""]",Adaptly Primary Catalogue,0,,
pdl-1304,Time zones — strip world map,Geography,Globe and world,Year 5,UKS2,diagram_a,Time zones — strip world map,Latitude/longitude lines drawn through,"[""globe"",""projection""]",Adaptly Primary Catalogue,0,,
pdl-1305,Mercator projection vs Robinson,Geography,Globe and world,Year 5,UKS2,diagram_a,Mercator projection vs Robinson,Latitude/longitude lines drawn through,"[""globe"",""projection""]",Adaptly Primary Catalogue,0,,
pdl-1306,Equator/Tropics/Arctic & Antarctic Circles labelled,Geography,Globe and world,Year 5,UKS2,diagram_a,Equator/Tropics/Arctic & Antarctic Circles labelled,Latitude/longitude lines drawn through,"[""globe"",""projection""]",Adaptly Primary Catalogue,0,,
pdl-1307,Traffic count tally sheet,Geography,Fieldwork,Year 6,UKS2,diagram_a,Traffic count tally sheet,"Clipboard motif, table with example data","[""fieldwork"",""data""]",Adaptly Primary Catalogue,0,,
pdl-1308,Pedestrian survey clipboard,Geography,Fieldwork,Year 6,UKS2,diagram_a,Pedestrian survey clipboard,"Clipboard motif, table with example data","[""fieldwork"",""data""]",Adaptly Primary Catalogue,0,,
pdl-1309,Environmental quality survey,Geography,Fieldwork,Year 6,UKS2,diagram_a,Environmental quality survey,"Clipboard motif, table with example data","[""fieldwork"",""data""]",Adaptly Primary Catalogue,0,,
pdl-1310,Land use transect map,Geography,Fieldwork,Year 6,UKS2,diagram_a,Land use transect map,"Clipboard motif, table with example data","[""fieldwork"",""data""]",Adaptly Primary Catalogue,0,,
pdl-1311,Sketch field map example,Geography,Fieldwork,Year 6,UKS2,diagram_a,Sketch field map example,"Clipboard motif, table with example data","[""fieldwork"",""data""]",Adaptly Primary Catalogue,0,,
pdl-1312,Photo annotation example,Geography,Fieldwork,Year 6,UKS2,diagram_a,Photo annotation example,"Clipboard motif, table with example data","[""fieldwork"",""data""]",Adaptly Primary Catalogue,0,,
pdl-1313,Carbon cycle — primary level,Geography,Sustainability,Year 6,UKS2,diagram_a,Carbon cycle — primary level,"Green palette, hand-drawn feel, clear icons","[""sustainability"",""environment""]",Adaptly Primary Catalogue,0,,
pdl-1314,Greenhouse effect — sun rays diagram,Geography,Sustainability,Year 6,UKS2,diagram_a,Greenhouse effect — sun rays diagram,"Green palette, hand-drawn feel, clear icons","[""sustainability"",""environment""]",Adaptly Primary Catalogue,0,,
pdl-1315,Recycling triangle and bins,Geography,Sustainability,Year 6,UKS2,diagram_a,Recycling triangle and bins,"Green palette, hand-drawn feel, clear icons","[""sustainability"",""environment""]",Adaptly Primary Catalogue,0,,
pdl-1316,Renewable vs non-renewable energy chart,Geography,Sustainability,Year 6,UKS2,diagram_a,Renewable vs non-renewable energy chart,"Green palette, hand-drawn feel, clear icons","[""sustainability"",""environment""]",Adaptly Primary Catalogue,0,,
pdl-1317,Plastic in the ocean — issue/solution,Geography,Sustainability,Year 6,UKS2,diagram_a,Plastic in the ocean — issue/solution,"Green palette, hand-drawn feel, clear icons","[""sustainability"",""environment""]",Adaptly Primary Catalogue,0,,
pdl-1318,Deforestation cause + effect chain,Geography,Sustainability,Year 6,UKS2,diagram_a,Deforestation cause + effect chain,"Green palette, hand-drawn feel, clear icons","[""sustainability"",""environment""]",Adaptly Primary Catalogue,0,,
pdl-1319,Reduce / reuse / recycle / refuse / rot,Geography,Sustainability,Year 6,UKS2,diagram_a,Reduce / reuse / recycle / refuse / rot,"Green palette, hand-drawn feel, clear icons","[""sustainability"",""environment""]",Adaptly Primary Catalogue,0,,
pdl-1320,Litter pick survey sheet,Geography,Sustainability,Year 6,UKS2,diagram_a,Litter pick survey sheet,"Green palette, hand-drawn feel, clear icons","[""sustainability"",""environment""]",Adaptly Primary Catalogue,0,,
pdl-1321,Stone Age — hunter-gatherer scene,History,Stone Age to Iron Age,Year 3,LKS2,diagram_a,Stone Age — hunter-gatherer scene,"Earthy palette, ochre / charcoal / clay tones","[""stone-age"",""bronze-age"",""iron-age"",""Y3""]",Adaptly Primary Catalogue,0,,
pdl-1322,Stone Age — cave painting (Lascaux style),History,Stone Age to Iron Age,Year 3,LKS2,diagram_a,Stone Age — cave painting (Lascaux style),"Earthy palette, ochre / charcoal / clay tones","[""stone-age"",""bronze-age"",""iron-age"",""Y3""]",Adaptly Primary Catalogue,0,,
pdl-1323,Stone Age — flint knapping,History,Stone Age to Iron Age,Year 3,LKS2,diagram_a,Stone Age — flint knapping,"Earthy palette, ochre / charcoal / clay tones","[""stone-age"",""bronze-age"",""iron-age"",""Y3""]",Adaptly Primary Catalogue,0,,
pdl-1324,Stone Age — Skara Brae village,History,Stone Age to Iron Age,Year 3,LKS2,diagram_a,Stone Age — Skara Brae village,"Earthy palette, ochre / charcoal / clay tones","[""stone-age"",""bronze-age"",""iron-age"",""Y3""]",Adaptly Primary Catalogue,0,,
pdl-1325,Stonehenge — labelled trilithon,History,Stone Age to Iron Age,Year 3,LKS2,diagram_a,Stonehenge — labelled trilithon,"Earthy palette, ochre / charcoal / clay tones","[""stone-age"",""bronze-age"",""iron-age"",""Y3""]",Adaptly Primary Catalogue,0,,
pdl-1326,Bronze Age — bronze sword and shield,History,Stone Age to Iron Age,Year 3,LKS2,diagram_a,Bronze Age — bronze sword and shield,"Earthy palette, ochre / charcoal / clay tones","[""stone-age"",""bronze-age"",""iron-age"",""Y3""]",Adaptly Primary Catalogue,0,,
pdl-1327,Bronze Age — round house cross-section,History,Stone Age to Iron Age,Year 3,LKS2,diagram_a,Bronze Age — round house cross-section,"Earthy palette, ochre / charcoal / clay tones","[""stone-age"",""bronze-age"",""iron-age"",""Y3""]",Adaptly Primary Catalogue,0,,
pdl-1328,Iron Age — hill fort,History,Stone Age to Iron Age,Year 3,LKS2,diagram_a,Iron Age — hill fort,"Earthy palette, ochre / charcoal / clay tones","[""stone-age"",""bronze-age"",""iron-age"",""Y3""]",Adaptly Primary Catalogue,0,,
pdl-1329,Iron Age — Celtic warrior,History,Stone Age to Iron Age,Year 3,LKS2,diagram_a,Iron Age — Celtic warrior,"Earthy palette, ochre / charcoal / clay tones","[""stone-age"",""bronze-age"",""iron-age"",""Y3""]",Adaptly Primary Catalogue,0,,
pdl-1330,Stone/Bronze/Iron Age timeline,History,Stone Age to Iron Age,Year 3,LKS2,diagram_a,Stone/Bronze/Iron Age timeline,"Earthy palette, ochre / charcoal / clay tones","[""stone-age"",""bronze-age"",""iron-age"",""Y3""]",Adaptly Primary Catalogue,0,,
pdl-1331,Tool comparison — flint vs bronze vs iron,History,Stone Age to Iron Age,Year 3,LKS2,diagram_a,Tool comparison — flint vs bronze vs iron,"Earthy palette, ochre / charcoal / clay tones","[""stone-age"",""bronze-age"",""iron-age"",""Y3""]",Adaptly Primary Catalogue,0,,
pdl-1332,Discovery — Otzi the Iceman simplified,History,Stone Age to Iron Age,Year 3,LKS2,diagram_a,Discovery — Otzi the Iceman simplified,"Earthy palette, ochre / charcoal / clay tones","[""stone-age"",""bronze-age"",""iron-age"",""Y3""]",Adaptly Primary Catalogue,0,,
pdl-1333,Pyramid cross-section — Great Pyramid of Giza,History,Ancient Egypt,Year 4,LKS2,diagram_a,Pyramid cross-section — Great Pyramid of Giza,"Sandstone palette with gold highlights, hieroglyph border","[""ancient-egypt"",""Y4""]",Adaptly Primary Catalogue,0,,
pdl-1334,Sphinx labelled,History,Ancient Egypt,Year 4,LKS2,diagram_a,Sphinx labelled,"Sandstone palette with gold highlights, hieroglyph border","[""ancient-egypt"",""Y4""]",Adaptly Primary Catalogue,0,,
pdl-1335,Pharaoh in regalia,History,Ancient Egypt,Year 4,LKS2,diagram_a,Pharaoh in regalia,"Sandstone palette with gold highlights, hieroglyph border","[""ancient-egypt"",""Y4""]",Adaptly Primary Catalogue,0,,
pdl-1336,Mummification process — 5 steps,History,Ancient Egypt,Year 4,LKS2,diagram_a,Mummification process — 5 steps,"Sandstone palette with gold highlights, hieroglyph border","[""ancient-egypt"",""Y4""]",Adaptly Primary Catalogue,0,,
pdl-1337,Canopic jars — four sons of Horus,History,Ancient Egypt,Year 4,LKS2,diagram_a,Canopic jars — four sons of Horus,"Sandstone palette with gold highlights, hieroglyph border","[""ancient-egypt"",""Y4""]",Adaptly Primary Catalogue,0,,
pdl-1338,Egyptian gods card — Ra,History,Ancient Egypt,Year 4,LKS2,diagram_a,Egyptian gods card — Ra,"Sandstone palette with gold highlights, hieroglyph border","[""ancient-egypt"",""Y4""]",Adaptly Primary Catalogue,0,,
pdl-1339,Egyptian gods card — Anubis,History,Ancient Egypt,Year 4,LKS2,diagram_a,Egyptian gods card — Anubis,"Sandstone palette with gold highlights, hieroglyph border","[""ancient-egypt"",""Y4""]",Adaptly Primary Catalogue,0,,
pdl-1340,Egyptian gods card — Osiris,History,Ancient Egypt,Year 4,LKS2,diagram_a,Egyptian gods card — Osiris,"Sandstone palette with gold highlights, hieroglyph border","[""ancient-egypt"",""Y4""]",Adaptly Primary Catalogue,0,,
pdl-1341,Egyptian gods card — Isis,History,Ancient Egypt,Year 4,LKS2,diagram_a,Egyptian gods card — Isis,"Sandstone palette with gold highlights, hieroglyph border","[""ancient-egypt"",""Y4""]",Adaptly Primary Catalogue,0,,
pdl-1342,Egyptian gods card — Horus,History,Ancient Egypt,Year 4,LKS2,diagram_a,Egyptian gods card — Horus,"Sandstone palette with gold highlights, hieroglyph border","[""ancient-egypt"",""Y4""]",Adaptly Primary Catalogue,0,,
pdl-1343,Egyptian gods card — Bastet,History,Ancient Egypt,Year 4,LKS2,diagram_a,Egyptian gods card — Bastet,"Sandstone palette with gold highlights, hieroglyph border","[""ancient-egypt"",""Y4""]",Adaptly Primary Catalogue,0,,
pdl-1344,Hieroglyph alphabet poster,History,Ancient Egypt,Year 4,LKS2,diagram_a,Hieroglyph alphabet poster,"Sandstone palette with gold highlights, hieroglyph border","[""ancient-egypt"",""Y4""]",Adaptly Primary Catalogue,0,,
pdl-1345,Cartouche template,History,Ancient Egypt,Year 4,LKS2,diagram_a,Cartouche template,"Sandstone palette with gold highlights, hieroglyph border","[""ancient-egypt"",""Y4""]",Adaptly Primary Catalogue,0,,
pdl-1346,Nile river map with cities (Memphis/Thebes/Alexandria),History,Ancient Egypt,Year 4,LKS2,diagram_a,Nile river map with cities (Memphis/Thebes/Alexandria),"Sandstone palette with gold highlights, hieroglyph border","[""ancient-egypt"",""Y4""]",Adaptly Primary Catalogue,0,,
pdl-1347,Pharaoh's headdress — nemes labelled,History,Ancient Egypt,Year 4,LKS2,diagram_a,Pharaoh's headdress — nemes labelled,"Sandstone palette with gold highlights, hieroglyph border","[""ancient-egypt"",""Y4""]",Adaptly Primary Catalogue,0,,
pdl-1348,Tutankhamun's mask — labelled,History,Ancient Egypt,Year 4,LKS2,diagram_a,Tutankhamun's mask — labelled,"Sandstone palette with gold highlights, hieroglyph border","[""ancient-egypt"",""Y4""]",Adaptly Primary Catalogue,0,,
pdl-1349,Acropolis — labelled buildings,History,Ancient Greece,Year 5,UKS2,diagram_a,Acropolis — labelled buildings,"Marble whites and Aegean blues, terracotta accents","[""ancient-greece"",""Y5""]",Adaptly Primary Catalogue,0,,
pdl-1350,Parthenon — column orders (Doric/Ionic/Corinthian),History,Ancient Greece,Year 5,UKS2,diagram_a,Parthenon — column orders (Doric/Ionic/Corinthian),"Marble whites and Aegean blues, terracotta accents","[""ancient-greece"",""Y5""]",Adaptly Primary Catalogue,0,,
pdl-1351,Greek vase — black-figure style,History,Ancient Greece,Year 5,UKS2,diagram_a,Greek vase — black-figure style,"Marble whites and Aegean blues, terracotta accents","[""ancient-greece"",""Y5""]",Adaptly Primary Catalogue,0,,
pdl-1352,Greek soldier — hoplite labelled,History,Ancient Greece,Year 5,UKS2,diagram_a,Greek soldier — hoplite labelled,"Marble whites and Aegean blues, terracotta accents","[""ancient-greece"",""Y5""]",Adaptly Primary Catalogue,0,,
pdl-1353,Olympic Games events — original 5,History,Ancient Greece,Year 5,UKS2,diagram_a,Olympic Games events — original 5,"Marble whites and Aegean blues, terracotta accents","[""ancient-greece"",""Y5""]",Adaptly Primary Catalogue,0,,
pdl-1354,Olympic torch and flame,History,Ancient Greece,Year 5,UKS2,diagram_a,Olympic torch and flame,"Marble whites and Aegean blues, terracotta accents","[""ancient-greece"",""Y5""]",Adaptly Primary Catalogue,0,,
pdl-1355,Trojan horse,History,Ancient Greece,Year 5,UKS2,diagram_a,Trojan horse,"Marble whites and Aegean blues, terracotta accents","[""ancient-greece"",""Y5""]",Adaptly Primary Catalogue,0,,
pdl-1356,Greek god card — Zeus,History,Ancient Greece,Year 5,UKS2,diagram_a,Greek god card — Zeus,"Marble whites and Aegean blues, terracotta accents","[""ancient-greece"",""Y5""]",Adaptly Primary Catalogue,0,,
pdl-1357,Greek god card — Athena,History,Ancient Greece,Year 5,UKS2,diagram_a,Greek god card — Athena,"Marble whites and Aegean blues, terracotta accents","[""ancient-greece"",""Y5""]",Adaptly Primary Catalogue,0,,
pdl-1358,Greek god card — Poseidon,History,Ancient Greece,Year 5,UKS2,diagram_a,Greek god card — Poseidon,"Marble whites and Aegean blues, terracotta accents","[""ancient-greece"",""Y5""]",Adaptly Primary Catalogue,0,,
pdl-1359,Greek god card — Hermes,History,Ancient Greece,Year 5,UKS2,diagram_a,Greek god card — Hermes,"Marble whites and Aegean blues, terracotta accents","[""ancient-greece"",""Y5""]",Adaptly Primary Catalogue,0,,
pdl-1360,Greek city-states map — Athens/Sparta/Corinth/Thebes,History,Ancient Greece,Year 5,UKS2,diagram_a,Greek city-states map — Athens/Sparta/Corinth/Thebes,"Marble whites and Aegean blues, terracotta accents","[""ancient-greece"",""Y5""]",Adaptly Primary Catalogue,0,,
pdl-1361,Roman soldier — legionary labelled,History,Romans,Year 4,LKS2,diagram_a,Roman soldier — legionary labelled,Roman red / gold / marble palette,"[""romans"",""Y4""]",Adaptly Primary Catalogue,0,,
pdl-1362,Roman shield (scutum) and gladius,History,Romans,Year 4,LKS2,diagram_a,Roman shield (scutum) and gladius,Roman red / gold / marble palette,"[""romans"",""Y4""]",Adaptly Primary Catalogue,0,,
pdl-1363,Roman testudo formation,History,Romans,Year 4,LKS2,diagram_a,Roman testudo formation,Roman red / gold / marble palette,"[""romans"",""Y4""]",Adaptly Primary Catalogue,0,,
pdl-1364,Roman road cross-section,History,Romans,Year 4,LKS2,diagram_a,Roman road cross-section,Roman red / gold / marble palette,"[""romans"",""Y4""]",Adaptly Primary Catalogue,0,,
pdl-1365,Hadrian's Wall — labelled,History,Romans,Year 4,LKS2,diagram_a,Hadrian's Wall — labelled,Roman red / gold / marble palette,"[""romans"",""Y4""]",Adaptly Primary Catalogue,0,,
pdl-1366,Colosseum — labelled,History,Romans,Year 4,LKS2,diagram_a,Colosseum — labelled,Roman red / gold / marble palette,"[""romans"",""Y4""]",Adaptly Primary Catalogue,0,,
pdl-1367,Roman bath house — labelled rooms,History,Romans,Year 4,LKS2,diagram_a,Roman bath house — labelled rooms,Roman red / gold / marble palette,"[""romans"",""Y4""]",Adaptly Primary Catalogue,0,,
pdl-1368,Roman villa — labelled rooms,History,Romans,Year 4,LKS2,diagram_a,Roman villa — labelled rooms,Roman red / gold / marble palette,"[""romans"",""Y4""]",Adaptly Primary Catalogue,0,,
pdl-1369,Roman map of Britain — major roads/towns,History,Romans,Year 4,LKS2,diagram_a,Roman map of Britain — major roads/towns,Roman red / gold / marble palette,"[""romans"",""Y4""]",Adaptly Primary Catalogue,0,,
pdl-1370,Boudicca's revolt route,History,Romans,Year 4,LKS2,diagram_a,Boudicca's revolt route,Roman red / gold / marble palette,"[""romans"",""Y4""]",Adaptly Primary Catalogue,0,,
pdl-1371,Roman numerals chart (link with Maths),History,Romans,Year 4,LKS2,diagram_a,Roman numerals chart (link with Maths),Roman red / gold / marble palette,"[""romans"",""Y4""]",Adaptly Primary Catalogue,0,,
pdl-1372,Roman gods chart (Jupiter/Mars/Venus),History,Romans,Year 4,LKS2,diagram_a,Roman gods chart (Jupiter/Mars/Venus),Roman red / gold / marble palette,"[""romans"",""Y4""]",Adaptly Primary Catalogue,0,,
pdl-1373,Roman aqueduct cross-section,History,Romans,Year 4,LKS2,diagram_a,Roman aqueduct cross-section,Roman red / gold / marble palette,"[""romans"",""Y4""]",Adaptly Primary Catalogue,0,,
pdl-1374,Roman family — paterfamilias / matrona / children / slaves,History,Romans,Year 4,LKS2,diagram_a,Roman family — paterfamilias / matrona / children / slaves,Roman red / gold / marble palette,"[""romans"",""Y4""]",Adaptly Primary Catalogue,0,,
pdl-1375,Anglo-Saxon kingdoms map (Heptarchy),History,Anglo-Saxons and Vikings,Year 5,UKS2,diagram_a,Anglo-Saxon kingdoms map (Heptarchy),"Earthy greens and silvers, runes in border","[""anglo-saxons"",""vikings"",""Y5""]",Adaptly Primary Catalogue,0,,
pdl-1376,Anglo-Saxon village layout,History,Anglo-Saxons and Vikings,Year 5,UKS2,diagram_a,Anglo-Saxon village layout,"Earthy greens and silvers, runes in border","[""anglo-saxons"",""vikings"",""Y5""]",Adaptly Primary Catalogue,0,,
pdl-1377,Sutton Hoo helmet — labelled,History,Anglo-Saxons and Vikings,Year 5,UKS2,diagram_a,Sutton Hoo helmet — labelled,"Earthy greens and silvers, runes in border","[""anglo-saxons"",""vikings"",""Y5""]",Adaptly Primary Catalogue,0,,
pdl-1378,Viking longship — labelled,History,Anglo-Saxons and Vikings,Year 5,UKS2,diagram_a,Viking longship — labelled,"Earthy greens and silvers, runes in border","[""anglo-saxons"",""vikings"",""Y5""]",Adaptly Primary Catalogue,0,,
pdl-1379,Viking longhouse — labelled,History,Anglo-Saxons and Vikings,Year 5,UKS2,diagram_a,Viking longhouse — labelled,"Earthy greens and silvers, runes in border","[""anglo-saxons"",""vikings"",""Y5""]",Adaptly Primary Catalogue,0,,
pdl-1380,Viking warrior with axe and shield,History,Anglo-Saxons and Vikings,Year 5,UKS2,diagram_a,Viking warrior with axe and shield,"Earthy greens and silvers, runes in border","[""anglo-saxons"",""vikings"",""Y5""]",Adaptly Primary Catalogue,0,,
pdl-1381,Viking trade routes map (Iceland → Constantinople),History,Anglo-Saxons and Vikings,Year 5,UKS2,diagram_a,Viking trade routes map (Iceland → Constantinople),"Earthy greens and silvers, runes in border","[""anglo-saxons"",""vikings"",""Y5""]",Adaptly Primary Catalogue,0,,
pdl-1382,Runes alphabet poster,History,Anglo-Saxons and Vikings,Year 5,UKS2,diagram_a,Runes alphabet poster,"Earthy greens and silvers, runes in border","[""anglo-saxons"",""vikings"",""Y5""]",Adaptly Primary Catalogue,0,,
pdl-1383,Lindisfarne raid scene,History,Anglo-Saxons and Vikings,Year 5,UKS2,diagram_a,Lindisfarne raid scene,"Earthy greens and silvers, runes in border","[""anglo-saxons"",""vikings"",""Y5""]",Adaptly Primary Catalogue,0,,
pdl-1384,Saxon vs Viking comparison chart,History,Anglo-Saxons and Vikings,Year 5,UKS2,diagram_a,Saxon vs Viking comparison chart,"Earthy greens and silvers, runes in border","[""anglo-saxons"",""vikings"",""Y5""]",Adaptly Primary Catalogue,0,,
pdl-1385,King Alfred the Great portrait,History,Anglo-Saxons and Vikings,Year 5,UKS2,diagram_a,King Alfred the Great portrait,"Earthy greens and silvers, runes in border","[""anglo-saxons"",""vikings"",""Y5""]",Adaptly Primary Catalogue,0,,
pdl-1386,Battle of Hastings simplified plan,History,Anglo-Saxons and Vikings,Year 5,UKS2,diagram_a,Battle of Hastings simplified plan,"Earthy greens and silvers, runes in border","[""anglo-saxons"",""vikings"",""Y5""]",Adaptly Primary Catalogue,0,,
pdl-1387,Tudor monarchs family tree,History,Tudors and Stuarts,Year 5,UKS2,diagram_a,Tudor monarchs family tree,"Rich Tudor reds and Stuart blacks, gilded edge","[""tudors"",""stuarts""]",Adaptly Primary Catalogue,0,,
pdl-1388,Tudor house — half-timbered,History,Tudors and Stuarts,Year 5,UKS2,diagram_a,Tudor house — half-timbered,"Rich Tudor reds and Stuart blacks, gilded edge","[""tudors"",""stuarts""]",Adaptly Primary Catalogue,0,,
pdl-1389,Henry VIII portrait silhouette with six wives,History,Tudors and Stuarts,Year 5,UKS2,diagram_a,Henry VIII portrait silhouette with six wives,"Rich Tudor reds and Stuart blacks, gilded edge","[""tudors"",""stuarts""]",Adaptly Primary Catalogue,0,,
pdl-1390,Mary Rose ship — labelled,History,Tudors and Stuarts,Year 5,UKS2,diagram_a,Mary Rose ship — labelled,"Rich Tudor reds and Stuart blacks, gilded edge","[""tudors"",""stuarts""]",Adaptly Primary Catalogue,0,,
pdl-1391,Elizabeth I portrait silhouette,History,Tudors and Stuarts,Year 5,UKS2,diagram_a,Elizabeth I portrait silhouette,"Rich Tudor reds and Stuart blacks, gilded edge","[""tudors"",""stuarts""]",Adaptly Primary Catalogue,0,,
pdl-1392,Spanish Armada route map,History,Tudors and Stuarts,Year 5,UKS2,diagram_a,Spanish Armada route map,"Rich Tudor reds and Stuart blacks, gilded edge","[""tudors"",""stuarts""]",Adaptly Primary Catalogue,0,,
pdl-1393,Tudor clothing — rich vs poor,History,Tudors and Stuarts,Year 5,UKS2,diagram_a,Tudor clothing — rich vs poor,"Rich Tudor reds and Stuart blacks, gilded edge","[""tudors"",""stuarts""]",Adaptly Primary Catalogue,0,,
pdl-1394,Tudor punishments chart (PSHE-aware),History,Tudors and Stuarts,Year 5,UKS2,diagram_a,Tudor punishments chart (PSHE-aware),"Rich Tudor reds and Stuart blacks, gilded edge","[""tudors"",""stuarts""]",Adaptly Primary Catalogue,0,,
pdl-1395,Globe Theatre — labelled,History,Tudors and Stuarts,Year 5,UKS2,diagram_a,Globe Theatre — labelled,"Rich Tudor reds and Stuart blacks, gilded edge","[""tudors"",""stuarts""]",Adaptly Primary Catalogue,0,,
pdl-1396,James I portrait silhouette,History,Tudors and Stuarts,Year 5,UKS2,diagram_a,James I portrait silhouette,"Rich Tudor reds and Stuart blacks, gilded edge","[""tudors"",""stuarts""]",Adaptly Primary Catalogue,0,,
pdl-1397,Gunpowder Plot — Houses of Parliament cellar,History,Tudors and Stuarts,Year 5,UKS2,diagram_a,Gunpowder Plot — Houses of Parliament cellar,"Rich Tudor reds and Stuart blacks, gilded edge","[""tudors"",""stuarts""]",Adaptly Primary Catalogue,0,,
pdl-1398,Great Fire of London — 1666 spread map,History,Tudors and Stuarts,Year 5,UKS2,diagram_a,Great Fire of London — 1666 spread map,"Rich Tudor reds and Stuart blacks, gilded edge","[""tudors"",""stuarts""]",Adaptly Primary Catalogue,0,,
pdl-1399,Plague doctor outfit (1665) labelled,History,Tudors and Stuarts,Year 5,UKS2,diagram_a,Plague doctor outfit (1665) labelled,"Rich Tudor reds and Stuart blacks, gilded edge","[""tudors"",""stuarts""]",Adaptly Primary Catalogue,0,,
pdl-1400,Samuel Pepys diary extract template,History,Tudors and Stuarts,Year 5,UKS2,diagram_a,Samuel Pepys diary extract template,"Rich Tudor reds and Stuart blacks, gilded edge","[""tudors"",""stuarts""]",Adaptly Primary Catalogue,0,,
pdl-1401,Victorian street scene,History,Victorians,Year 5,UKS2,diagram_a,Victorian street scene,Sepia palette with brass highlights,"[""victorians"",""industrial-revolution""]",Adaptly Primary Catalogue,0,,
pdl-1402,Victorian school classroom — labelled,History,Victorians,Year 5,UKS2,diagram_a,Victorian school classroom — labelled,Sepia palette with brass highlights,"[""victorians"",""industrial-revolution""]",Adaptly Primary Catalogue,0,,
pdl-1403,Victorian classroom — slate and dunce's cap,History,Victorians,Year 5,UKS2,diagram_a,Victorian classroom — slate and dunce's cap,Sepia palette with brass highlights,"[""victorians"",""industrial-revolution""]",Adaptly Primary Catalogue,0,,
pdl-1404,Workhouse plan,History,Victorians,Year 5,UKS2,diagram_a,Workhouse plan,Sepia palette with brass highlights,"[""victorians"",""industrial-revolution""]",Adaptly Primary Catalogue,0,,
pdl-1405,Victorian factory — children working,History,Victorians,Year 5,UKS2,diagram_a,Victorian factory — children working,Sepia palette with brass highlights,"[""victorians"",""industrial-revolution""]",Adaptly Primary Catalogue,0,,
pdl-1406,Steam train — Stephenson's Rocket labelled,History,Victorians,Year 5,UKS2,diagram_a,Steam train — Stephenson's Rocket labelled,Sepia palette with brass highlights,"[""victorians"",""industrial-revolution""]",Adaptly Primary Catalogue,0,,
pdl-1407,Telephone — Bell's invention,History,Victorians,Year 5,UKS2,diagram_a,Telephone — Bell's invention,Sepia palette with brass highlights,"[""victorians"",""industrial-revolution""]",Adaptly Primary Catalogue,0,,
pdl-1408,Lightbulb — Edison/Swan,History,Victorians,Year 5,UKS2,diagram_a,Lightbulb — Edison/Swan,Sepia palette with brass highlights,"[""victorians"",""industrial-revolution""]",Adaptly Primary Catalogue,0,,
pdl-1409,Penny Black stamp,History,Victorians,Year 5,UKS2,diagram_a,Penny Black stamp,Sepia palette with brass highlights,"[""victorians"",""industrial-revolution""]",Adaptly Primary Catalogue,0,,
pdl-1410,Queen Victoria silhouette portrait,History,Victorians,Year 5,UKS2,diagram_a,Queen Victoria silhouette portrait,Sepia palette with brass highlights,"[""victorians"",""industrial-revolution""]",Adaptly Primary Catalogue,0,,
pdl-1411,British Empire 1900 map (simplified),History,Victorians,Year 5,UKS2,diagram_a,British Empire 1900 map (simplified),Sepia palette with brass highlights,"[""victorians"",""industrial-revolution""]",Adaptly Primary Catalogue,0,,
pdl-1412,Victorian invention timeline,History,Victorians,Year 5,UKS2,diagram_a,Victorian invention timeline,Sepia palette with brass highlights,"[""victorians"",""industrial-revolution""]",Adaptly Primary Catalogue,0,,
pdl-1413,WW1 trench cross-section — labelled,History,20th-century Britain,Year 6,UKS2,diagram_a,WW1 trench cross-section — labelled,"Muted palette, archival feel","[""ww1"",""ww2"",""20th-century""]",Adaptly Primary Catalogue,0,,
pdl-1414,WW1 soldier — uniform labelled,History,20th-century Britain,Year 6,UKS2,diagram_a,WW1 soldier — uniform labelled,"Muted palette, archival feel","[""ww1"",""ww2"",""20th-century""]",Adaptly Primary Catalogue,0,,
pdl-1415,WW1 propaganda poster (your country needs you — silhouette only),History,20th-century Britain,Year 6,UKS2,diagram_a,WW1 propaganda poster (your country needs you — silhouette only),"Muted palette, archival feel","[""ww1"",""ww2"",""20th-century""]",Adaptly Primary Catalogue,0,,
pdl-1416,WW1 timeline 1914–1918,History,20th-century Britain,Year 6,UKS2,diagram_a,WW1 timeline 1914–1918,"Muted palette, archival feel","[""ww1"",""ww2"",""20th-century""]",Adaptly Primary Catalogue,0,,
pdl-1417,Western Front map,History,20th-century Britain,Year 6,UKS2,diagram_a,Western Front map,"Muted palette, archival feel","[""ww1"",""ww2"",""20th-century""]",Adaptly Primary Catalogue,0,,
pdl-1418,WW2 Anderson shelter — labelled,History,20th-century Britain,Year 6,UKS2,diagram_a,WW2 Anderson shelter — labelled,"Muted palette, archival feel","[""ww1"",""ww2"",""20th-century""]",Adaptly Primary Catalogue,0,,
pdl-1419,WW2 Spitfire vs Hurricane silhouettes,History,20th-century Britain,Year 6,UKS2,diagram_a,WW2 Spitfire vs Hurricane silhouettes,"Muted palette, archival feel","[""ww1"",""ww2"",""20th-century""]",Adaptly Primary Catalogue,0,,
pdl-1420,Blitz scene — London skyline (no graphic content),History,20th-century Britain,Year 6,UKS2,diagram_a,Blitz scene — London skyline (no graphic content),"Muted palette, archival feel","[""ww1"",""ww2"",""20th-century""]",Adaptly Primary Catalogue,0,,
pdl-1421,Evacuee with suitcase and label,History,20th-century Britain,Year 6,UKS2,diagram_a,Evacuee with suitcase and label,"Muted palette, archival feel","[""ww1"",""ww2"",""20th-century""]",Adaptly Primary Catalogue,0,,
pdl-1422,Ration book contents poster,History,20th-century Britain,Year 6,UKS2,diagram_a,Ration book contents poster,"Muted palette, archival feel","[""ww1"",""ww2"",""20th-century""]",Adaptly Primary Catalogue,0,,
pdl-1423,Dig for Victory poster style,History,20th-century Britain,Year 6,UKS2,diagram_a,Dig for Victory poster style,"Muted palette, archival feel","[""ww1"",""ww2"",""20th-century""]",Adaptly Primary Catalogue,0,,
pdl-1424,VE Day street party,History,20th-century Britain,Year 6,UKS2,diagram_a,VE Day street party,"Muted palette, archival feel","[""ww1"",""ww2"",""20th-century""]",Adaptly Primary Catalogue,0,,
pdl-1425,WW2 timeline 1939–1945,History,20th-century Britain,Year 6,UKS2,diagram_a,WW2 timeline 1939–1945,"Muted palette, archival feel","[""ww1"",""ww2"",""20th-century""]",Adaptly Primary Catalogue,0,,
pdl-1426,Home front — gas mask and helmet labelled,History,20th-century Britain,Year 6,UKS2,diagram_a,Home front — gas mask and helmet labelled,"Muted palette, archival feel","[""ww1"",""ww2"",""20th-century""]",Adaptly Primary Catalogue,0,,
pdl-1427,D-Day landings map (simplified),History,20th-century Britain,Year 6,UKS2,diagram_a,D-Day landings map (simplified),"Muted palette, archival feel","[""ww1"",""ww2"",""20th-century""]",Adaptly Primary Catalogue,0,,
pdl-1428,Winston Churchill silhouette portrait,History,20th-century Britain,Year 6,UKS2,diagram_a,Winston Churchill silhouette portrait,"Muted palette, archival feel","[""ww1"",""ww2"",""20th-century""]",Adaptly Primary Catalogue,0,,
pdl-1429,Monarch — William the Conqueror,History,Monarchs of Britain,Year 5,UKS2,diagram_a,Monarch — William the Conqueror,"Royal purple / gold border, silhouette portraits","[""monarchs"",""kings-queens""]",Adaptly Primary Catalogue,0,,
pdl-1430,Monarch — Henry II,History,Monarchs of Britain,Year 5,UKS2,diagram_a,Monarch — Henry II,"Royal purple / gold border, silhouette portraits","[""monarchs"",""kings-queens""]",Adaptly Primary Catalogue,0,,
pdl-1431,Monarch — Richard the Lionheart,History,Monarchs of Britain,Year 5,UKS2,diagram_a,Monarch — Richard the Lionheart,"Royal purple / gold border, silhouette portraits","[""monarchs"",""kings-queens""]",Adaptly Primary Catalogue,0,,
pdl-1432,Monarch — King John,History,Monarchs of Britain,Year 5,UKS2,diagram_a,Monarch — King John,"Royal purple / gold border, silhouette portraits","[""monarchs"",""kings-queens""]",Adaptly Primary Catalogue,0,,
pdl-1433,Monarch — Edward III,History,Monarchs of Britain,Year 5,UKS2,diagram_a,Monarch — Edward III,"Royal purple / gold border, silhouette portraits","[""monarchs"",""kings-queens""]",Adaptly Primary Catalogue,0,,
pdl-1434,Monarch — Henry VII,History,Monarchs of Britain,Year 5,UKS2,diagram_a,Monarch — Henry VII,"Royal purple / gold border, silhouette portraits","[""monarchs"",""kings-queens""]",Adaptly Primary Catalogue,0,,
pdl-1435,Monarch — Henry VIII,History,Monarchs of Britain,Year 5,UKS2,diagram_a,Monarch — Henry VIII,"Royal purple / gold border, silhouette portraits","[""monarchs"",""kings-queens""]",Adaptly Primary Catalogue,0,,
pdl-1436,Monarch — Elizabeth I,History,Monarchs of Britain,Year 5,UKS2,diagram_a,Monarch — Elizabeth I,"Royal purple / gold border, silhouette portraits","[""monarchs"",""kings-queens""]",Adaptly Primary Catalogue,0,,
pdl-1437,Monarch — Charles I,History,Monarchs of Britain,Year 5,UKS2,diagram_a,Monarch — Charles I,"Royal purple / gold border, silhouette portraits","[""monarchs"",""kings-queens""]",Adaptly Primary Catalogue,0,,
pdl-1438,Monarch — Victoria,History,Monarchs of Britain,Year 5,UKS2,diagram_a,Monarch — Victoria,"Royal purple / gold border, silhouette portraits","[""monarchs"",""kings-queens""]",Adaptly Primary Catalogue,0,,
pdl-1439,Monarch — George VI,History,Monarchs of Britain,Year 5,UKS2,diagram_a,Monarch — George VI,"Royal purple / gold border, silhouette portraits","[""monarchs"",""kings-queens""]",Adaptly Primary Catalogue,0,,
pdl-1440,Monarch — Elizabeth II,History,Monarchs of Britain,Year 5,UKS2,diagram_a,Monarch — Elizabeth II,"Royal purple / gold border, silhouette portraits","[""monarchs"",""kings-queens""]",Adaptly Primary Catalogue,0,,
pdl-1441,Mary Seacole — Crimean War nurse,History,Diverse history,Year 6,UKS2,diagram_a,Mary Seacole — Crimean War nurse,Silhouette portrait + key contribution caption,"[""diverse-history"",""black-history"",""women-history""]",Adaptly Primary Catalogue,0,,
pdl-1442,Walter Tull — soldier and footballer,History,Diverse history,Year 6,UKS2,diagram_a,Walter Tull — soldier and footballer,Silhouette portrait + key contribution caption,"[""diverse-history"",""black-history"",""women-history""]",Adaptly Primary Catalogue,0,,
pdl-1443,Olaudah Equiano — abolitionist,History,Diverse history,Year 6,UKS2,diagram_a,Olaudah Equiano — abolitionist,Silhouette portrait + key contribution caption,"[""diverse-history"",""black-history"",""women-history""]",Adaptly Primary Catalogue,0,,
pdl-1444,Emmeline Pankhurst — suffragette,History,Diverse history,Year 6,UKS2,diagram_a,Emmeline Pankhurst — suffragette,Silhouette portrait + key contribution caption,"[""diverse-history"",""black-history"",""women-history""]",Adaptly Primary Catalogue,0,,
pdl-1445,Edith Cavell — WW1 nurse,History,Diverse history,Year 6,UKS2,diagram_a,Edith Cavell — WW1 nurse,Silhouette portrait + key contribution caption,"[""diverse-history"",""black-history"",""women-history""]",Adaptly Primary Catalogue,0,,
pdl-1446,Florence Nightingale — Crimean War nurse,History,Diverse history,Year 6,UKS2,diagram_a,Florence Nightingale — Crimean War nurse,Silhouette portrait + key contribution caption,"[""diverse-history"",""black-history"",""women-history""]",Adaptly Primary Catalogue,0,,
pdl-1447,Ada Lovelace — first computer programmer,History,Diverse history,Year 6,UKS2,diagram_a,Ada Lovelace — first computer programmer,Silhouette portrait + key contribution caption,"[""diverse-history"",""black-history"",""women-history""]",Adaptly Primary Catalogue,0,,
pdl-1448,Mary Anning — palaeontologist,History,Diverse history,Year 6,UKS2,diagram_a,Mary Anning — palaeontologist,Silhouette portrait + key contribution caption,"[""diverse-history"",""black-history"",""women-history""]",Adaptly Primary Catalogue,0,,
pdl-1449,Primary vs secondary source poster,History,Working as a historian,Year 5,UKS2,diagram_a,Primary vs secondary source poster,"Magnifying glass mascot, clear question prompts","[""sources"",""skills""]",Adaptly Primary Catalogue,0,,
pdl-1450,Source evaluation 5W (who/what/when/where/why),History,Working as a historian,Year 5,UKS2,diagram_a,Source evaluation 5W (who/what/when/where/why),"Magnifying glass mascot, clear question prompts","[""sources"",""skills""]",Adaptly Primary Catalogue,0,,
pdl-1451,Chronology timeline — BC/AD spinner,History,Working as a historian,Year 5,UKS2,diagram_a,Chronology timeline — BC/AD spinner,"Magnifying glass mascot, clear question prompts","[""sources"",""skills""]",Adaptly Primary Catalogue,0,,
pdl-1452,Cause and consequence diamond-9,History,Working as a historian,Year 5,UKS2,diagram_a,Cause and consequence diamond-9,"Magnifying glass mascot, clear question prompts","[""sources"",""skills""]",Adaptly Primary Catalogue,0,,
pdl-1453,Continuity vs change comparison,History,Working as a historian,Year 5,UKS2,diagram_a,Continuity vs change comparison,"Magnifying glass mascot, clear question prompts","[""sources"",""skills""]",Adaptly Primary Catalogue,0,,
pdl-1454,Bias check questions card,History,Working as a historian,Year 5,UKS2,diagram_a,Bias check questions card,"Magnifying glass mascot, clear question prompts","[""sources"",""skills""]",Adaptly Primary Catalogue,0,,
pdl-1455,Local history timeline blank,History,Local history,Year 4,LKS2,diagram_a,Local history timeline blank,Map / clipboard motif,"[""local-history"",""template""]",Adaptly Primary Catalogue,0,,
pdl-1456,Census record extract (template),History,Local history,Year 4,LKS2,diagram_a,Census record extract (template),Map / clipboard motif,"[""local-history"",""template""]",Adaptly Primary Catalogue,0,,
pdl-1457,Old photograph annotation frame,History,Local history,Year 4,LKS2,diagram_a,Old photograph annotation frame,Map / clipboard motif,"[""local-history"",""template""]",Adaptly Primary Catalogue,0,,
pdl-1458,Then-and-now compare frame,History,Local history,Year 4,LKS2,diagram_a,Then-and-now compare frame,Map / clipboard motif,"[""local-history"",""template""]",Adaptly Primary Catalogue,0,,
pdl-1459,Family tree blank (4 generations),History,Local history,Year 4,LKS2,diagram_a,Family tree blank (4 generations),Map / clipboard motif,"[""local-history"",""template""]",Adaptly Primary Catalogue,0,,
pdl-1460,Local landmark annotation map,History,Local history,Year 4,LKS2,diagram_a,Local landmark annotation map,Map / clipboard motif,"[""local-history"",""template""]",Adaptly Primary Catalogue,0,,
pdl-1461,Algorithm — make a jam sandwich (numbered),Computing,Algorithms,Year 3,LKS2,diagram_a,Algorithm — make a jam sandwich (numbered),"Standard flowchart shapes (oval/rect/diamond), arrows in blue","[""algorithm"",""flowchart"",""computational-thinking""]",Adaptly Primary Catalogue,0,,
pdl-1462,Algorithm — brush your teeth (numbered),Computing,Algorithms,Year 3,LKS2,diagram_a,Algorithm — brush your teeth (numbered),"Standard flowchart shapes (oval/rect/diamond), arrows in blue","[""algorithm"",""flowchart"",""computational-thinking""]",Adaptly Primary Catalogue,0,,
pdl-1463,Flowchart — cross the road safely,Computing,Algorithms,Year 3,LKS2,diagram_a,Flowchart — cross the road safely,"Standard flowchart shapes (oval/rect/diamond), arrows in blue","[""algorithm"",""flowchart"",""computational-thinking""]",Adaptly Primary Catalogue,0,,
pdl-1464,Flowchart — getting ready for school,Computing,Algorithms,Year 3,LKS2,diagram_a,Flowchart — getting ready for school,"Standard flowchart shapes (oval/rect/diamond), arrows in blue","[""algorithm"",""flowchart"",""computational-thinking""]",Adaptly Primary Catalogue,0,,
pdl-1465,Flowchart — IF raining THEN umbrella ELSE coat,Computing,Algorithms,Year 3,LKS2,diagram_a,Flowchart — IF raining THEN umbrella ELSE coat,"Standard flowchart shapes (oval/rect/diamond), arrows in blue","[""algorithm"",""flowchart"",""computational-thinking""]",Adaptly Primary Catalogue,0,,
pdl-1466,Flowchart — REPEAT 4 times (square turtle),Computing,Algorithms,Year 3,LKS2,diagram_a,Flowchart — REPEAT 4 times (square turtle),"Standard flowchart shapes (oval/rect/diamond), arrows in blue","[""algorithm"",""flowchart"",""computational-thinking""]",Adaptly Primary Catalogue,0,,
pdl-1467,"Bee-Bot route — square (4 forwards, 4 right turns)",Computing,Algorithms,Year 3,LKS2,diagram_a,"Bee-Bot route — square (4 forwards, 4 right turns)","Standard flowchart shapes (oval/rect/diamond), arrows in blue","[""algorithm"",""flowchart"",""computational-thinking""]",Adaptly Primary Catalogue,0,,
pdl-1468,Bee-Bot route — triangle,Computing,Algorithms,Year 3,LKS2,diagram_a,Bee-Bot route — triangle,"Standard flowchart shapes (oval/rect/diamond), arrows in blue","[""algorithm"",""flowchart"",""computational-thinking""]",Adaptly Primary Catalogue,0,,
pdl-1469,Bee-Bot route — letter L,Computing,Algorithms,Year 3,LKS2,diagram_a,Bee-Bot route — letter L,"Standard flowchart shapes (oval/rect/diamond), arrows in blue","[""algorithm"",""flowchart"",""computational-thinking""]",Adaptly Primary Catalogue,0,,
pdl-1470,Bee-Bot route — figure of 8,Computing,Algorithms,Year 3,LKS2,diagram_a,Bee-Bot route — figure of 8,"Standard flowchart shapes (oval/rect/diamond), arrows in blue","[""algorithm"",""flowchart"",""computational-thinking""]",Adaptly Primary Catalogue,0,,
pdl-1471,Decomposition diagram — break a task into sub-tasks,Computing,Algorithms,Year 3,LKS2,diagram_a,Decomposition diagram — break a task into sub-tasks,"Standard flowchart shapes (oval/rect/diamond), arrows in blue","[""algorithm"",""flowchart"",""computational-thinking""]",Adaptly Primary Catalogue,0,,
pdl-1472,Pattern spotting — find the repeating element,Computing,Algorithms,Year 3,LKS2,diagram_a,Pattern spotting — find the repeating element,"Standard flowchart shapes (oval/rect/diamond), arrows in blue","[""algorithm"",""flowchart"",""computational-thinking""]",Adaptly Primary Catalogue,0,,
pdl-1473,Spot the bug — wrong instruction in a sequence,Computing,Debugging,Year 3,LKS2,diagram_a,Spot the bug — wrong instruction in a sequence,Magnifying glass and friendly bug mascot,"[""debugging"",""computational-thinking""]",Adaptly Primary Catalogue,0,,
pdl-1474,Spot the bug — missing instruction,Computing,Debugging,Year 3,LKS2,diagram_a,Spot the bug — missing instruction,Magnifying glass and friendly bug mascot,"[""debugging"",""computational-thinking""]",Adaptly Primary Catalogue,0,,
pdl-1475,Spot the bug — wrong order,Computing,Debugging,Year 3,LKS2,diagram_a,Spot the bug — wrong order,Magnifying glass and friendly bug mascot,"[""debugging"",""computational-thinking""]",Adaptly Primary Catalogue,0,,
pdl-1476,Debug your algorithm — 3-step strategy,Computing,Debugging,Year 3,LKS2,diagram_a,Debug your algorithm — 3-step strategy,Magnifying glass and friendly bug mascot,"[""debugging"",""computational-thinking""]",Adaptly Primary Catalogue,0,,
pdl-1477,Trace table template,Computing,Debugging,Year 3,LKS2,diagram_a,Trace table template,Magnifying glass and friendly bug mascot,"[""debugging"",""computational-thinking""]",Adaptly Primary Catalogue,0,,
pdl-1478,Test/debug/refine cycle diagram,Computing,Debugging,Year 3,LKS2,diagram_a,Test/debug/refine cycle diagram,Magnifying glass and friendly bug mascot,"[""debugging"",""computational-thinking""]",Adaptly Primary Catalogue,0,,
pdl-1479,E-safety — SMART rules poster,Computing,E-safety,Year 3,LKS2,diagram_a,E-safety — SMART rules poster,"Friendly child characters with thought bubbles, traffic-light cue","[""e-safety"",""online-safety"",""PSHE-link""]",Adaptly Primary Catalogue,0,,
pdl-1480,E-safety — safe vs unsafe website example,Computing,E-safety,Year 3,LKS2,diagram_a,E-safety — safe vs unsafe website example,"Friendly child characters with thought bubbles, traffic-light cue","[""e-safety"",""online-safety"",""PSHE-link""]",Adaptly Primary Catalogue,0,,
pdl-1481,E-safety — strong vs weak password,Computing,E-safety,Year 3,LKS2,diagram_a,E-safety — strong vs weak password,"Friendly child characters with thought bubbles, traffic-light cue","[""e-safety"",""online-safety"",""PSHE-link""]",Adaptly Primary Catalogue,0,,
pdl-1482,E-safety — stranger online (tell a trusted adult),Computing,E-safety,Year 3,LKS2,diagram_a,E-safety — stranger online (tell a trusted adult),"Friendly child characters with thought bubbles, traffic-light cue","[""e-safety"",""online-safety"",""PSHE-link""]",Adaptly Primary Catalogue,0,,
pdl-1483,E-safety — never share personal info checklist,Computing,E-safety,Year 3,LKS2,diagram_a,E-safety — never share personal info checklist,"Friendly child characters with thought bubbles, traffic-light cue","[""e-safety"",""online-safety"",""PSHE-link""]",Adaptly Primary Catalogue,0,,
pdl-1484,E-safety — what to do if you see something upsetting,Computing,E-safety,Year 3,LKS2,diagram_a,E-safety — what to do if you see something upsetting,"Friendly child characters with thought bubbles, traffic-light cue","[""e-safety"",""online-safety"",""PSHE-link""]",Adaptly Primary Catalogue,0,,
pdl-1485,E-safety — cyberbullying scenarios card,Computing,E-safety,Year 3,LKS2,diagram_a,E-safety — cyberbullying scenarios card,"Friendly child characters with thought bubbles, traffic-light cue","[""e-safety"",""online-safety"",""PSHE-link""]",Adaptly Primary Catalogue,0,,
pdl-1486,E-safety — kindness online ladder,Computing,E-safety,Year 3,LKS2,diagram_a,E-safety — kindness online ladder,"Friendly child characters with thought bubbles, traffic-light cue","[""e-safety"",""online-safety"",""PSHE-link""]",Adaptly Primary Catalogue,0,,
pdl-1487,E-safety — screen time balance wheel,Computing,E-safety,Year 3,LKS2,diagram_a,E-safety — screen time balance wheel,"Friendly child characters with thought bubbles, traffic-light cue","[""e-safety"",""online-safety"",""PSHE-link""]",Adaptly Primary Catalogue,0,,
pdl-1488,E-safety — fake news clue checklist,Computing,E-safety,Year 3,LKS2,diagram_a,E-safety — fake news clue checklist,"Friendly child characters with thought bubbles, traffic-light cue","[""e-safety"",""online-safety"",""PSHE-link""]",Adaptly Primary Catalogue,0,,
pdl-1489,E-safety — gaming age ratings (PEGI) chart,Computing,E-safety,Year 3,LKS2,diagram_a,E-safety — gaming age ratings (PEGI) chart,"Friendly child characters with thought bubbles, traffic-light cue","[""e-safety"",""online-safety"",""PSHE-link""]",Adaptly Primary Catalogue,0,,
pdl-1490,E-safety — Childline / report icon explainer,Computing,E-safety,Year 3,LKS2,diagram_a,E-safety — Childline / report icon explainer,"Friendly child characters with thought bubbles, traffic-light cue","[""e-safety"",""online-safety"",""PSHE-link""]",Adaptly Primary Catalogue,0,,
pdl-1491,Hardware — monitor,Computing,Hardware and software,Year 4,LKS2,diagram_a,Hardware — monitor,"Isometric photo-style icon, function caption underneath","[""hardware"",""computer-parts""]",Adaptly Primary Catalogue,0,,
pdl-1492,Hardware — keyboard,Computing,Hardware and software,Year 4,LKS2,diagram_a,Hardware — keyboard,"Isometric photo-style icon, function caption underneath","[""hardware"",""computer-parts""]",Adaptly Primary Catalogue,0,,
pdl-1493,Hardware — mouse,Computing,Hardware and software,Year 4,LKS2,diagram_a,Hardware — mouse,"Isometric photo-style icon, function caption underneath","[""hardware"",""computer-parts""]",Adaptly Primary Catalogue,0,,
pdl-1494,Hardware — CPU,Computing,Hardware and software,Year 4,LKS2,diagram_a,Hardware — CPU,"Isometric photo-style icon, function caption underneath","[""hardware"",""computer-parts""]",Adaptly Primary Catalogue,0,,
pdl-1495,Hardware — RAM,Computing,Hardware and software,Year 4,LKS2,diagram_a,Hardware — RAM,"Isometric photo-style icon, function caption underneath","[""hardware"",""computer-parts""]",Adaptly Primary Catalogue,0,,
pdl-1496,Hardware — hard drive,Computing,Hardware and software,Year 4,LKS2,diagram_a,Hardware — hard drive,"Isometric photo-style icon, function caption underneath","[""hardware"",""computer-parts""]",Adaptly Primary Catalogue,0,,
pdl-1497,Hardware — printer,Computing,Hardware and software,Year 4,LKS2,diagram_a,Hardware — printer,"Isometric photo-style icon, function caption underneath","[""hardware"",""computer-parts""]",Adaptly Primary Catalogue,0,,
pdl-1498,Hardware — speakers,Computing,Hardware and software,Year 4,LKS2,diagram_a,Hardware — speakers,"Isometric photo-style icon, function caption underneath","[""hardware"",""computer-parts""]",Adaptly Primary Catalogue,0,,
pdl-1499,Hardware — webcam,Computing,Hardware and software,Year 4,LKS2,diagram_a,Hardware — webcam,"Isometric photo-style icon, function caption underneath","[""hardware"",""computer-parts""]",Adaptly Primary Catalogue,0,,
pdl-1500,Hardware — router,Computing,Hardware and software,Year 4,LKS2,diagram_a,Hardware — router,"Isometric photo-style icon, function caption underneath","[""hardware"",""computer-parts""]",Adaptly Primary Catalogue,0,,
pdl-1501,Hardware — USB stick,Computing,Hardware and software,Year 4,LKS2,diagram_a,Hardware — USB stick,"Isometric photo-style icon, function caption underneath","[""hardware"",""computer-parts""]",Adaptly Primary Catalogue,0,,
pdl-1502,Hardware — laptop labelled,Computing,Hardware and software,Year 4,LKS2,diagram_a,Hardware — laptop labelled,"Isometric photo-style icon, function caption underneath","[""hardware"",""computer-parts""]",Adaptly Primary Catalogue,0,,
pdl-1503,Software — word processor (generic),Computing,Hardware and software,Year 4,LKS2,diagram_a,Software — word processor (generic),Coloured rounded square icon style,"[""software"",""app-icon""]",Adaptly Primary Catalogue,0,,
pdl-1504,Software — spreadsheet (generic),Computing,Hardware and software,Year 4,LKS2,diagram_a,Software — spreadsheet (generic),Coloured rounded square icon style,"[""software"",""app-icon""]",Adaptly Primary Catalogue,0,,
pdl-1505,Software — slideshow (generic),Computing,Hardware and software,Year 4,LKS2,diagram_a,Software — slideshow (generic),Coloured rounded square icon style,"[""software"",""app-icon""]",Adaptly Primary Catalogue,0,,
pdl-1506,Software — paint / drawing app,Computing,Hardware and software,Year 4,LKS2,diagram_a,Software — paint / drawing app,Coloured rounded square icon style,"[""software"",""app-icon""]",Adaptly Primary Catalogue,0,,
pdl-1507,Software — web browser,Computing,Hardware and software,Year 4,LKS2,diagram_a,Software — web browser,Coloured rounded square icon style,"[""software"",""app-icon""]",Adaptly Primary Catalogue,0,,
pdl-1508,Software — email client,Computing,Hardware and software,Year 4,LKS2,diagram_a,Software — email client,Coloured rounded square icon style,"[""software"",""app-icon""]",Adaptly Primary Catalogue,0,,
pdl-1509,Software — Scratch (generic icon),Computing,Hardware and software,Year 4,LKS2,diagram_a,Software — Scratch (generic icon),Coloured rounded square icon style,"[""software"",""app-icon""]",Adaptly Primary Catalogue,0,,
pdl-1510,Software — coding editor (generic),Computing,Hardware and software,Year 4,LKS2,diagram_a,Software — coding editor (generic),Coloured rounded square icon style,"[""software"",""app-icon""]",Adaptly Primary Catalogue,0,,
pdl-1511,Network — home Wi-Fi diagram (router → devices),Computing,Networks,Year 5,UKS2,diagram_a,Network — home Wi-Fi diagram (router → devices),"Devices and cables/wifi waves, server icon","[""networks"",""internet""]",Adaptly Primary Catalogue,0,,
pdl-1512,Network — school network diagram,Computing,Networks,Year 5,UKS2,diagram_a,Network — school network diagram,"Devices and cables/wifi waves, server icon","[""networks"",""internet""]",Adaptly Primary Catalogue,0,,
pdl-1513,How the internet works — request/response,Computing,Networks,Year 5,UKS2,diagram_a,How the internet works — request/response,"Devices and cables/wifi waves, server icon","[""networks"",""internet""]",Adaptly Primary Catalogue,0,,
pdl-1514,Server vs client diagram,Computing,Networks,Year 5,UKS2,diagram_a,Server vs client diagram,"Devices and cables/wifi waves, server icon","[""networks"",""internet""]",Adaptly Primary Catalogue,0,,
pdl-1515,Web address (URL) parts labelled,Computing,Networks,Year 5,UKS2,diagram_a,Web address (URL) parts labelled,"Devices and cables/wifi waves, server icon","[""networks"",""internet""]",Adaptly Primary Catalogue,0,,
pdl-1516,Search engine query journey,Computing,Networks,Year 5,UKS2,diagram_a,Search engine query journey,"Devices and cables/wifi waves, server icon","[""networks"",""internet""]",Adaptly Primary Catalogue,0,,
pdl-1517,Router and modem labelled,Computing,Networks,Year 5,UKS2,diagram_a,Router and modem labelled,"Devices and cables/wifi waves, server icon","[""networks"",""internet""]",Adaptly Primary Catalogue,0,,
pdl-1518,Wired vs wireless comparison,Computing,Networks,Year 5,UKS2,diagram_a,Wired vs wireless comparison,"Devices and cables/wifi waves, server icon","[""networks"",""internet""]",Adaptly Primary Catalogue,0,,
pdl-1519,Scratch — when green flag clicked,Computing,Scratch coding,Year 4,LKS2,diagram_a,Scratch — when green flag clicked,"Scratch palette colours per category, snap-fit block shape","[""scratch"",""coding"",""block-coding""]",Adaptly Primary Catalogue,0,,
pdl-1520,Scratch — move 10 steps,Computing,Scratch coding,Year 4,LKS2,diagram_a,Scratch — move 10 steps,"Scratch palette colours per category, snap-fit block shape","[""scratch"",""coding"",""block-coding""]",Adaptly Primary Catalogue,0,,
pdl-1521,Scratch — turn 15 degrees,Computing,Scratch coding,Year 4,LKS2,diagram_a,Scratch — turn 15 degrees,"Scratch palette colours per category, snap-fit block shape","[""scratch"",""coding"",""block-coding""]",Adaptly Primary Catalogue,0,,
pdl-1522,Scratch — say 'Hello!',Computing,Scratch coding,Year 4,LKS2,diagram_a,Scratch — say 'Hello!',"Scratch palette colours per category, snap-fit block shape","[""scratch"",""coding"",""block-coding""]",Adaptly Primary Catalogue,0,,
pdl-1523,Scratch — wait 1 second,Computing,Scratch coding,Year 4,LKS2,diagram_a,Scratch — wait 1 second,"Scratch palette colours per category, snap-fit block shape","[""scratch"",""coding"",""block-coding""]",Adaptly Primary Catalogue,0,,
pdl-1524,Scratch — repeat 4 times,Computing,Scratch coding,Year 4,LKS2,diagram_a,Scratch — repeat 4 times,"Scratch palette colours per category, snap-fit block shape","[""scratch"",""coding"",""block-coding""]",Adaptly Primary Catalogue,0,,
pdl-1525,Scratch — forever loop,Computing,Scratch coding,Year 4,LKS2,diagram_a,Scratch — forever loop,"Scratch palette colours per category, snap-fit block shape","[""scratch"",""coding"",""block-coding""]",Adaptly Primary Catalogue,0,,
pdl-1526,Scratch — if … then … else,Computing,Scratch coding,Year 4,LKS2,diagram_a,Scratch — if … then … else,"Scratch palette colours per category, snap-fit block shape","[""scratch"",""coding"",""block-coding""]",Adaptly Primary Catalogue,0,,
pdl-1527,Scratch — variable set to 0,Computing,Scratch coding,Year 4,LKS2,diagram_a,Scratch — variable set to 0,"Scratch palette colours per category, snap-fit block shape","[""scratch"",""coding"",""block-coding""]",Adaptly Primary Catalogue,0,,
pdl-1528,Scratch — change variable by 1,Computing,Scratch coding,Year 4,LKS2,diagram_a,Scratch — change variable by 1,"Scratch palette colours per category, snap-fit block shape","[""scratch"",""coding"",""block-coding""]",Adaptly Primary Catalogue,0,,
pdl-1529,Scratch — broadcast message,Computing,Scratch coding,Year 4,LKS2,diagram_a,Scratch — broadcast message,"Scratch palette colours per category, snap-fit block shape","[""scratch"",""coding"",""block-coding""]",Adaptly Primary Catalogue,0,,
pdl-1530,Scratch — when key pressed,Computing,Scratch coding,Year 4,LKS2,diagram_a,Scratch — when key pressed,"Scratch palette colours per category, snap-fit block shape","[""scratch"",""coding"",""block-coding""]",Adaptly Primary Catalogue,0,,
pdl-1531,Scratch — sensing (touching colour),Computing,Scratch coding,Year 4,LKS2,diagram_a,Scratch — sensing (touching colour),"Scratch palette colours per category, snap-fit block shape","[""scratch"",""coding"",""block-coding""]",Adaptly Primary Catalogue,0,,
pdl-1532,Scratch — pen down / pen up,Computing,Scratch coding,Year 4,LKS2,diagram_a,Scratch — pen down / pen up,"Scratch palette colours per category, snap-fit block shape","[""scratch"",""coding"",""block-coding""]",Adaptly Primary Catalogue,0,,
pdl-1533,Spreadsheet basics — rows / columns / cells,Computing,Data handling,Year 5,UKS2,diagram_a,Spreadsheet basics — rows / columns / cells,"Spreadsheet feel for tables, simple coloured charts","[""data"",""spreadsheet""]",Adaptly Primary Catalogue,0,,
pdl-1534,Spreadsheet formula — sum of column,Computing,Data handling,Year 5,UKS2,diagram_a,Spreadsheet formula — sum of column,"Spreadsheet feel for tables, simple coloured charts","[""data"",""spreadsheet""]",Adaptly Primary Catalogue,0,,
pdl-1535,Database — single table with fields,Computing,Data handling,Year 5,UKS2,diagram_a,Database — single table with fields,"Spreadsheet feel for tables, simple coloured charts","[""data"",""spreadsheet""]",Adaptly Primary Catalogue,0,,
pdl-1536,Branching database — yes/no questions,Computing,Data handling,Year 5,UKS2,diagram_a,Branching database — yes/no questions,"Spreadsheet feel for tables, simple coloured charts","[""data"",""spreadsheet""]",Adaptly Primary Catalogue,0,,
pdl-1537,Data → information → knowledge ladder,Computing,Data handling,Year 5,UKS2,diagram_a,Data → information → knowledge ladder,"Spreadsheet feel for tables, simple coloured charts","[""data"",""spreadsheet""]",Adaptly Primary Catalogue,0,,
pdl-1538,Pictograph from a tally to a bar chart,Computing,Data handling,Year 5,UKS2,diagram_a,Pictograph from a tally to a bar chart,"Spreadsheet feel for tables, simple coloured charts","[""data"",""spreadsheet""]",Adaptly Primary Catalogue,0,,
pdl-1539,Binary — counting 0..15 in 4-bit table,Computing,Computer fundamentals,Year 6,UKS2,diagram_a,Binary — counting 0..15 in 4-bit table,"Glowing dots/zeroes, friendly colour palette","[""binary"",""computing-fundamentals""]",Adaptly Primary Catalogue,0,,
pdl-1540,ASCII letter chart (A=65),Computing,Computer fundamentals,Year 6,UKS2,diagram_a,ASCII letter chart (A=65),"Glowing dots/zeroes, friendly colour palette","[""binary"",""computing-fundamentals""]",Adaptly Primary Catalogue,0,,
pdl-1541,Pixel grid — image as binary,Computing,Computer fundamentals,Year 6,UKS2,diagram_a,Pixel grid — image as binary,"Glowing dots/zeroes, friendly colour palette","[""binary"",""computing-fundamentals""]",Adaptly Primary Catalogue,0,,
pdl-1542,Compression — same image with fewer pixels,Computing,Computer fundamentals,Year 6,UKS2,diagram_a,Compression — same image with fewer pixels,"Glowing dots/zeroes, friendly colour palette","[""binary"",""computing-fundamentals""]",Adaptly Primary Catalogue,0,,
pdl-1543,Colour wheel — primary/secondary/tertiary,Art and design,Colour theory,Year 3,LKS2,diagram_a,Colour wheel — primary/secondary/tertiary,"Smooth gradient between hues, named labels around the rim","[""colour-wheel"",""art""]",Adaptly Primary Catalogue,0,,
pdl-1544,Warm vs cool colours card,Art and design,Colour theory,Year 3,LKS2,diagram_a,Warm vs cool colours card,"Smooth gradient between hues, named labels around the rim","[""colour-wheel"",""art""]",Adaptly Primary Catalogue,0,,
pdl-1545,"Complementary pairs (red/green, blue/orange, yellow/purple)",Art and design,Colour theory,Year 3,LKS2,diagram_a,"Complementary pairs (red/green, blue/orange, yellow/purple)","Smooth gradient between hues, named labels around the rim","[""colour-wheel"",""art""]",Adaptly Primary Catalogue,0,,
pdl-1546,"Tints, shades and tones strip",Art and design,Colour theory,Year 3,LKS2,diagram_a,"Tints, shades and tones strip","Smooth gradient between hues, named labels around the rim","[""colour-wheel"",""art""]",Adaptly Primary Catalogue,0,,
pdl-1547,Monochromatic palette example,Art and design,Colour theory,Year 3,LKS2,diagram_a,Monochromatic palette example,"Smooth gradient between hues, named labels around the rim","[""colour-wheel"",""art""]",Adaptly Primary Catalogue,0,,
pdl-1548,Analogous palette example,Art and design,Colour theory,Year 3,LKS2,diagram_a,Analogous palette example,"Smooth gradient between hues, named labels around the rim","[""colour-wheel"",""art""]",Adaptly Primary Catalogue,0,,
pdl-1549,Artwork study — Sunflowers (Van Gogh) simplified,Art and design,Famous artists,Year 4,LKS2,diagram_a,Artwork study — Sunflowers (Van Gogh) simplified,"Flat shapes, bold outlines, copyright-safe simplified composition","[""art-history"",""famous-artists""]",Adaptly Primary Catalogue,0,,
pdl-1550,Artwork study — The Great Wave (Hokusai) simplified,Art and design,Famous artists,Year 4,LKS2,diagram_a,Artwork study — The Great Wave (Hokusai) simplified,"Flat shapes, bold outlines, copyright-safe simplified composition","[""art-history"",""famous-artists""]",Adaptly Primary Catalogue,0,,
pdl-1551,Artwork study — Mondrian grid colour blocks,Art and design,Famous artists,Year 4,LKS2,diagram_a,Artwork study — Mondrian grid colour blocks,"Flat shapes, bold outlines, copyright-safe simplified composition","[""art-history"",""famous-artists""]",Adaptly Primary Catalogue,0,,
pdl-1552,Artwork study — Lowry-style figures and chimneys,Art and design,Famous artists,Year 4,LKS2,diagram_a,Artwork study — Lowry-style figures and chimneys,"Flat shapes, bold outlines, copyright-safe simplified composition","[""art-history"",""famous-artists""]",Adaptly Primary Catalogue,0,,
pdl-1553,Artwork study — Klimt-style golden patterns,Art and design,Famous artists,Year 4,LKS2,diagram_a,Artwork study — Klimt-style golden patterns,"Flat shapes, bold outlines, copyright-safe simplified composition","[""art-history"",""famous-artists""]",Adaptly Primary Catalogue,0,,
pdl-1554,Artwork study — Klee-style geometric fish,Art and design,Famous artists,Year 4,LKS2,diagram_a,Artwork study — Klee-style geometric fish,"Flat shapes, bold outlines, copyright-safe simplified composition","[""art-history"",""famous-artists""]",Adaptly Primary Catalogue,0,,
pdl-1555,Artwork study — Picasso-style cubist face,Art and design,Famous artists,Year 4,LKS2,diagram_a,Artwork study — Picasso-style cubist face,"Flat shapes, bold outlines, copyright-safe simplified composition","[""art-history"",""famous-artists""]",Adaptly Primary Catalogue,0,,
pdl-1556,Artwork study — Matisse-style cut-out shapes,Art and design,Famous artists,Year 4,LKS2,diagram_a,Artwork study — Matisse-style cut-out shapes,"Flat shapes, bold outlines, copyright-safe simplified composition","[""art-history"",""famous-artists""]",Adaptly Primary Catalogue,0,,
pdl-1557,Artwork study — Pollock-style splatter pattern,Art and design,Famous artists,Year 4,LKS2,diagram_a,Artwork study — Pollock-style splatter pattern,"Flat shapes, bold outlines, copyright-safe simplified composition","[""art-history"",""famous-artists""]",Adaptly Primary Catalogue,0,,
pdl-1558,Artwork study — Warhol-style four-colour pop print,Art and design,Famous artists,Year 4,LKS2,diagram_a,Artwork study — Warhol-style four-colour pop print,"Flat shapes, bold outlines, copyright-safe simplified composition","[""art-history"",""famous-artists""]",Adaptly Primary Catalogue,0,,
pdl-1559,Artwork study — Hepworth-style sculptural shapes,Art and design,Famous artists,Year 4,LKS2,diagram_a,Artwork study — Hepworth-style sculptural shapes,"Flat shapes, bold outlines, copyright-safe simplified composition","[""art-history"",""famous-artists""]",Adaptly Primary Catalogue,0,,
pdl-1560,Artwork study — Riley-style optical pattern,Art and design,Famous artists,Year 4,LKS2,diagram_a,Artwork study — Riley-style optical pattern,"Flat shapes, bold outlines, copyright-safe simplified composition","[""art-history"",""famous-artists""]",Adaptly Primary Catalogue,0,,
pdl-1561,Artwork study — Goldsworthy-style natural arrangement,Art and design,Famous artists,Year 4,LKS2,diagram_a,Artwork study — Goldsworthy-style natural arrangement,"Flat shapes, bold outlines, copyright-safe simplified composition","[""art-history"",""famous-artists""]",Adaptly Primary Catalogue,0,,
pdl-1562,Artwork study — Kahlo-style self-portrait frame,Art and design,Famous artists,Year 4,LKS2,diagram_a,Artwork study — Kahlo-style self-portrait frame,"Flat shapes, bold outlines, copyright-safe simplified composition","[""art-history"",""famous-artists""]",Adaptly Primary Catalogue,0,,
pdl-1563,Artwork study — Banksy-style stencil silhouette,Art and design,Famous artists,Year 4,LKS2,diagram_a,Artwork study — Banksy-style stencil silhouette,"Flat shapes, bold outlines, copyright-safe simplified composition","[""art-history"",""famous-artists""]",Adaptly Primary Catalogue,0,,
pdl-1564,Artwork study — Hokusai's Mt Fuji silhouette,Art and design,Famous artists,Year 4,LKS2,diagram_a,Artwork study — Hokusai's Mt Fuji silhouette,"Flat shapes, bold outlines, copyright-safe simplified composition","[""art-history"",""famous-artists""]",Adaptly Primary Catalogue,0,,
pdl-1565,Artwork study — Monet-style water lily pond,Art and design,Famous artists,Year 4,LKS2,diagram_a,Artwork study — Monet-style water lily pond,"Flat shapes, bold outlines, copyright-safe simplified composition","[""art-history"",""famous-artists""]",Adaptly Primary Catalogue,0,,
pdl-1566,Artwork study — Seurat-style pointillism dots,Art and design,Famous artists,Year 4,LKS2,diagram_a,Artwork study — Seurat-style pointillism dots,"Flat shapes, bold outlines, copyright-safe simplified composition","[""art-history"",""famous-artists""]",Adaptly Primary Catalogue,0,,
pdl-1567,Technique — hatching,Art and design,Drawing techniques,Year 3,LKS2,diagram_a,Technique — hatching,Same simple object (apple/cube/face) shown 'before' and with technique applied,"[""drawing"",""skills""]",Adaptly Primary Catalogue,0,,
pdl-1568,Technique — cross-hatching,Art and design,Drawing techniques,Year 3,LKS2,diagram_a,Technique — cross-hatching,Same simple object (apple/cube/face) shown 'before' and with technique applied,"[""drawing"",""skills""]",Adaptly Primary Catalogue,0,,
pdl-1569,Technique — stippling,Art and design,Drawing techniques,Year 3,LKS2,diagram_a,Technique — stippling,Same simple object (apple/cube/face) shown 'before' and with technique applied,"[""drawing"",""skills""]",Adaptly Primary Catalogue,0,,
pdl-1570,Technique — blending with pencil,Art and design,Drawing techniques,Year 3,LKS2,diagram_a,Technique — blending with pencil,Same simple object (apple/cube/face) shown 'before' and with technique applied,"[""drawing"",""skills""]",Adaptly Primary Catalogue,0,,
pdl-1571,Technique — light/shadow on a sphere,Art and design,Drawing techniques,Year 3,LKS2,diagram_a,Technique — light/shadow on a sphere,Same simple object (apple/cube/face) shown 'before' and with technique applied,"[""drawing"",""skills""]",Adaptly Primary Catalogue,0,,
pdl-1572,Technique — proportions of the face,Art and design,Drawing techniques,Year 3,LKS2,diagram_a,Technique — proportions of the face,Same simple object (apple/cube/face) shown 'before' and with technique applied,"[""drawing"",""skills""]",Adaptly Primary Catalogue,0,,
pdl-1573,Technique — perspective (1-point),Art and design,Drawing techniques,Year 3,LKS2,diagram_a,Technique — perspective (1-point),Same simple object (apple/cube/face) shown 'before' and with technique applied,"[""drawing"",""skills""]",Adaptly Primary Catalogue,0,,
pdl-1574,Technique — perspective (2-point),Art and design,Drawing techniques,Year 3,LKS2,diagram_a,Technique — perspective (2-point),Same simple object (apple/cube/face) shown 'before' and with technique applied,"[""drawing"",""skills""]",Adaptly Primary Catalogue,0,,
pdl-1575,Technique — contour line drawing,Art and design,Drawing techniques,Year 3,LKS2,diagram_a,Technique — contour line drawing,Same simple object (apple/cube/face) shown 'before' and with technique applied,"[""drawing"",""skills""]",Adaptly Primary Catalogue,0,,
pdl-1576,Technique — gesture sketch,Art and design,Drawing techniques,Year 3,LKS2,diagram_a,Technique — gesture sketch,Same simple object (apple/cube/face) shown 'before' and with technique applied,"[""drawing"",""skills""]",Adaptly Primary Catalogue,0,,
pdl-1577,Technique — silhouette,Art and design,Drawing techniques,Year 3,LKS2,diagram_a,Technique — silhouette,Same simple object (apple/cube/face) shown 'before' and with technique applied,"[""drawing"",""skills""]",Adaptly Primary Catalogue,0,,
pdl-1578,Technique — symmetry drawing,Art and design,Drawing techniques,Year 3,LKS2,diagram_a,Technique — symmetry drawing,Same simple object (apple/cube/face) shown 'before' and with technique applied,"[""drawing"",""skills""]",Adaptly Primary Catalogue,0,,
pdl-1579,Form — sphere / cube / cylinder / cone / pyramid set,Art and design,Sculpture,Year 5,UKS2,diagram_a,Form — sphere / cube / cylinder / cone / pyramid set,Soft-shaded 3D forms with manipulation arrows,"[""sculpture"",""3D-art""]",Adaptly Primary Catalogue,0,,
pdl-1580,Clay technique — pinch pot,Art and design,Sculpture,Year 5,UKS2,diagram_a,Clay technique — pinch pot,Soft-shaded 3D forms with manipulation arrows,"[""sculpture"",""3D-art""]",Adaptly Primary Catalogue,0,,
pdl-1581,Clay technique — coil pot,Art and design,Sculpture,Year 5,UKS2,diagram_a,Clay technique — coil pot,Soft-shaded 3D forms with manipulation arrows,"[""sculpture"",""3D-art""]",Adaptly Primary Catalogue,0,,
pdl-1582,Clay technique — slab box,Art and design,Sculpture,Year 5,UKS2,diagram_a,Clay technique — slab box,Soft-shaded 3D forms with manipulation arrows,"[""sculpture"",""3D-art""]",Adaptly Primary Catalogue,0,,
pdl-1583,Sculpture — wire armature,Art and design,Sculpture,Year 5,UKS2,diagram_a,Sculpture — wire armature,Soft-shaded 3D forms with manipulation arrows,"[""sculpture"",""3D-art""]",Adaptly Primary Catalogue,0,,
pdl-1584,Sculpture — papier-mâché stages,Art and design,Sculpture,Year 5,UKS2,diagram_a,Sculpture — papier-mâché stages,Soft-shaded 3D forms with manipulation arrows,"[""sculpture"",""3D-art""]",Adaptly Primary Catalogue,0,,
pdl-1585,Stitch — running stitch,Design and technology,Textiles,Year 5,UKS2,diagram_a,Stitch — running stitch,"Photo-style swatch, technique labelled","[""textiles"",""DT""]",Adaptly Primary Catalogue,0,,
pdl-1586,Stitch — back stitch,Design and technology,Textiles,Year 5,UKS2,diagram_a,Stitch — back stitch,"Photo-style swatch, technique labelled","[""textiles"",""DT""]",Adaptly Primary Catalogue,0,,
pdl-1587,Stitch — cross stitch,Design and technology,Textiles,Year 5,UKS2,diagram_a,Stitch — cross stitch,"Photo-style swatch, technique labelled","[""textiles"",""DT""]",Adaptly Primary Catalogue,0,,
pdl-1588,Stitch — blanket stitch,Design and technology,Textiles,Year 5,UKS2,diagram_a,Stitch — blanket stitch,"Photo-style swatch, technique labelled","[""textiles"",""DT""]",Adaptly Primary Catalogue,0,,
pdl-1589,Pattern — stripes,Design and technology,Textiles,Year 5,UKS2,diagram_a,Pattern — stripes,"Photo-style swatch, technique labelled","[""textiles"",""DT""]",Adaptly Primary Catalogue,0,,
pdl-1590,Pattern — tartan,Design and technology,Textiles,Year 5,UKS2,diagram_a,Pattern — tartan,"Photo-style swatch, technique labelled","[""textiles"",""DT""]",Adaptly Primary Catalogue,0,,
pdl-1591,Pattern — paisley,Design and technology,Textiles,Year 5,UKS2,diagram_a,Pattern — paisley,"Photo-style swatch, technique labelled","[""textiles"",""DT""]",Adaptly Primary Catalogue,0,,
pdl-1592,Pattern — geometric repeat,Design and technology,Textiles,Year 5,UKS2,diagram_a,Pattern — geometric repeat,"Photo-style swatch, technique labelled","[""textiles"",""DT""]",Adaptly Primary Catalogue,0,,
pdl-1593,Eatwell guide — proportional plate,Design and technology,Cooking and nutrition,Year 4,LKS2,diagram_a,Eatwell guide — proportional plate,"Bright kitchen palette, friendly chef mascot","[""cooking"",""nutrition"",""DT""]",Adaptly Primary Catalogue,0,,
pdl-1594,Food groups — five groups card,Design and technology,Cooking and nutrition,Year 4,LKS2,diagram_a,Food groups — five groups card,"Bright kitchen palette, friendly chef mascot","[""cooking"",""nutrition"",""DT""]",Adaptly Primary Catalogue,0,,
pdl-1595,Knife safety — bridge and claw grip,Design and technology,Cooking and nutrition,Year 4,LKS2,diagram_a,Knife safety — bridge and claw grip,"Bright kitchen palette, friendly chef mascot","[""cooking"",""nutrition"",""DT""]",Adaptly Primary Catalogue,0,,
pdl-1596,Hygiene rules — wash hands / tie hair,Design and technology,Cooking and nutrition,Year 4,LKS2,diagram_a,Hygiene rules — wash hands / tie hair,"Bright kitchen palette, friendly chef mascot","[""cooking"",""nutrition"",""DT""]",Adaptly Primary Catalogue,0,,
pdl-1597,Cooking utensil — whisk,Design and technology,Cooking and nutrition,Year 4,LKS2,diagram_a,Cooking utensil — whisk,"Bright kitchen palette, friendly chef mascot","[""cooking"",""nutrition"",""DT""]",Adaptly Primary Catalogue,0,,
pdl-1598,Cooking utensil — sieve,Design and technology,Cooking and nutrition,Year 4,LKS2,diagram_a,Cooking utensil — sieve,"Bright kitchen palette, friendly chef mascot","[""cooking"",""nutrition"",""DT""]",Adaptly Primary Catalogue,0,,
pdl-1599,Cooking utensil — rolling pin,Design and technology,Cooking and nutrition,Year 4,LKS2,diagram_a,Cooking utensil — rolling pin,"Bright kitchen palette, friendly chef mascot","[""cooking"",""nutrition"",""DT""]",Adaptly Primary Catalogue,0,,
pdl-1600,Cooking utensil — measuring jug,Design and technology,Cooking and nutrition,Year 4,LKS2,diagram_a,Cooking utensil — measuring jug,"Bright kitchen palette, friendly chef mascot","[""cooking"",""nutrition"",""DT""]",Adaptly Primary Catalogue,0,,
pdl-1601,Recipe layout — ingredients / method / equipment,Design and technology,Cooking and nutrition,Year 4,LKS2,diagram_a,Recipe layout — ingredients / method / equipment,"Bright kitchen palette, friendly chef mascot","[""cooking"",""nutrition"",""DT""]",Adaptly Primary Catalogue,0,,
pdl-1602,Cooking method — bake,Design and technology,Cooking and nutrition,Year 4,LKS2,diagram_a,Cooking method — bake,"Bright kitchen palette, friendly chef mascot","[""cooking"",""nutrition"",""DT""]",Adaptly Primary Catalogue,0,,
pdl-1603,Cooking method — fry,Design and technology,Cooking and nutrition,Year 4,LKS2,diagram_a,Cooking method — fry,"Bright kitchen palette, friendly chef mascot","[""cooking"",""nutrition"",""DT""]",Adaptly Primary Catalogue,0,,
pdl-1604,Cooking method — boil,Design and technology,Cooking and nutrition,Year 4,LKS2,diagram_a,Cooking method — boil,"Bright kitchen palette, friendly chef mascot","[""cooking"",""nutrition"",""DT""]",Adaptly Primary Catalogue,0,,
pdl-1605,Cooking method — steam,Design and technology,Cooking and nutrition,Year 4,LKS2,diagram_a,Cooking method — steam,"Bright kitchen palette, friendly chef mascot","[""cooking"",""nutrition"",""DT""]",Adaptly Primary Catalogue,0,,
pdl-1606,Seasonal food chart — UK,Design and technology,Cooking and nutrition,Year 4,LKS2,diagram_a,Seasonal food chart — UK,"Bright kitchen palette, friendly chef mascot","[""cooking"",""nutrition"",""DT""]",Adaptly Primary Catalogue,0,,
pdl-1607,Mechanism — lever (1st / 2nd / 3rd class) trio,Design and technology,Mechanisms,Year 5,UKS2,diagram_a,Mechanism — lever (1st / 2nd / 3rd class) trio,"Clean side-view, motion arrows, labelled parts","[""mechanisms"",""DT""]",Adaptly Primary Catalogue,0,,
pdl-1608,Mechanism — pulley (single),Design and technology,Mechanisms,Year 5,UKS2,diagram_a,Mechanism — pulley (single),"Clean side-view, motion arrows, labelled parts","[""mechanisms"",""DT""]",Adaptly Primary Catalogue,0,,
pdl-1609,Mechanism — pulley (double),Design and technology,Mechanisms,Year 5,UKS2,diagram_a,Mechanism — pulley (double),"Clean side-view, motion arrows, labelled parts","[""mechanisms"",""DT""]",Adaptly Primary Catalogue,0,,
pdl-1610,Mechanism — gear pair (different sizes),Design and technology,Mechanisms,Year 5,UKS2,diagram_a,Mechanism — gear pair (different sizes),"Clean side-view, motion arrows, labelled parts","[""mechanisms"",""DT""]",Adaptly Primary Catalogue,0,,
pdl-1611,Mechanism — cam and follower,Design and technology,Mechanisms,Year 5,UKS2,diagram_a,Mechanism — cam and follower,"Clean side-view, motion arrows, labelled parts","[""mechanisms"",""DT""]",Adaptly Primary Catalogue,0,,
pdl-1612,Mechanism — linkage (push-pull),Design and technology,Mechanisms,Year 5,UKS2,diagram_a,Mechanism — linkage (push-pull),"Clean side-view, motion arrows, labelled parts","[""mechanisms"",""DT""]",Adaptly Primary Catalogue,0,,
pdl-1613,Mechanism — wheel and axle,Design and technology,Mechanisms,Year 5,UKS2,diagram_a,Mechanism — wheel and axle,"Clean side-view, motion arrows, labelled parts","[""mechanisms"",""DT""]",Adaptly Primary Catalogue,0,,
pdl-1614,Mechanism — pneumatic syringe pair,Design and technology,Mechanisms,Year 5,UKS2,diagram_a,Mechanism — pneumatic syringe pair,"Clean side-view, motion arrows, labelled parts","[""mechanisms"",""DT""]",Adaptly Primary Catalogue,0,,
pdl-1615,Mechanism — slider mechanism,Design and technology,Mechanisms,Year 5,UKS2,diagram_a,Mechanism — slider mechanism,"Clean side-view, motion arrows, labelled parts","[""mechanisms"",""DT""]",Adaptly Primary Catalogue,0,,
pdl-1616,Mechanism — moving picture book — pop-up,Design and technology,Mechanisms,Year 5,UKS2,diagram_a,Mechanism — moving picture book — pop-up,"Clean side-view, motion arrows, labelled parts","[""mechanisms"",""DT""]",Adaptly Primary Catalogue,0,,
pdl-1617,DT project — torch circuit + casing,Design and technology,Electrical systems,Year 6,UKS2,diagram_a,DT project — torch circuit + casing,Schematic + product mock-up alongside,"[""DT"",""electrical-systems""]",Adaptly Primary Catalogue,0,,
pdl-1618,DT project — door alarm circuit,Design and technology,Electrical systems,Year 6,UKS2,diagram_a,DT project — door alarm circuit,Schematic + product mock-up alongside,"[""DT"",""electrical-systems""]",Adaptly Primary Catalogue,0,,
pdl-1619,DT project — fan circuit + blade design,Design and technology,Electrical systems,Year 6,UKS2,diagram_a,DT project — fan circuit + blade design,Schematic + product mock-up alongside,"[""DT"",""electrical-systems""]",Adaptly Primary Catalogue,0,,
pdl-1620,DT project — quiz buzzer game circuit,Design and technology,Electrical systems,Year 6,UKS2,diagram_a,DT project — quiz buzzer game circuit,Schematic + product mock-up alongside,"[""DT"",""electrical-systems""]",Adaptly Primary Catalogue,0,,
pdl-1621,DT project — mood light with LED,Design and technology,Electrical systems,Year 6,UKS2,diagram_a,DT project — mood light with LED,Schematic + product mock-up alongside,"[""DT"",""electrical-systems""]",Adaptly Primary Catalogue,0,,
pdl-1622,DT project — light-up greetings card,Design and technology,Electrical systems,Year 6,UKS2,diagram_a,DT project — light-up greetings card,Schematic + product mock-up alongside,"[""DT"",""electrical-systems""]",Adaptly Primary Catalogue,0,,
pdl-1623,Tool — scissors,Design and technology,Tools,Year 4,LKS2,diagram_a,Tool — scissors,"Tool drawn cleanly, hazard pictogram if relevant","[""tools"",""DT""]",Adaptly Primary Catalogue,0,,
pdl-1624,Tool — ruler,Design and technology,Tools,Year 4,LKS2,diagram_a,Tool — ruler,"Tool drawn cleanly, hazard pictogram if relevant","[""tools"",""DT""]",Adaptly Primary Catalogue,0,,
pdl-1625,Tool — hole punch,Design and technology,Tools,Year 4,LKS2,diagram_a,Tool — hole punch,"Tool drawn cleanly, hazard pictogram if relevant","[""tools"",""DT""]",Adaptly Primary Catalogue,0,,
pdl-1626,Tool — junior hacksaw,Design and technology,Tools,Year 4,LKS2,diagram_a,Tool — junior hacksaw,"Tool drawn cleanly, hazard pictogram if relevant","[""tools"",""DT""]",Adaptly Primary Catalogue,0,,
pdl-1627,Tool — bench hook,Design and technology,Tools,Year 4,LKS2,diagram_a,Tool — bench hook,"Tool drawn cleanly, hazard pictogram if relevant","[""tools"",""DT""]",Adaptly Primary Catalogue,0,,
pdl-1628,Tool — file,Design and technology,Tools,Year 4,LKS2,diagram_a,Tool — file,"Tool drawn cleanly, hazard pictogram if relevant","[""tools"",""DT""]",Adaptly Primary Catalogue,0,,
pdl-1629,Tool — bradawl,Design and technology,Tools,Year 4,LKS2,diagram_a,Tool — bradawl,"Tool drawn cleanly, hazard pictogram if relevant","[""tools"",""DT""]",Adaptly Primary Catalogue,0,,
pdl-1630,Tool — sandpaper,Design and technology,Tools,Year 4,LKS2,diagram_a,Tool — sandpaper,"Tool drawn cleanly, hazard pictogram if relevant","[""tools"",""DT""]",Adaptly Primary Catalogue,0,,
pdl-1631,Tool — glue gun,Design and technology,Tools,Year 4,LKS2,diagram_a,Tool — glue gun,"Tool drawn cleanly, hazard pictogram if relevant","[""tools"",""DT""]",Adaptly Primary Catalogue,0,,
pdl-1632,Tool — masking tape,Design and technology,Tools,Year 4,LKS2,diagram_a,Tool — masking tape,"Tool drawn cleanly, hazard pictogram if relevant","[""tools"",""DT""]",Adaptly Primary Catalogue,0,,
pdl-1633,Tool — clamp,Design and technology,Tools,Year 4,LKS2,diagram_a,Tool — clamp,"Tool drawn cleanly, hazard pictogram if relevant","[""tools"",""DT""]",Adaptly Primary Catalogue,0,,
pdl-1634,Tool — vice,Design and technology,Tools,Year 4,LKS2,diagram_a,Tool — vice,"Tool drawn cleanly, hazard pictogram if relevant","[""tools"",""DT""]",Adaptly Primary Catalogue,0,,
pdl-1635,Join — PVA glue,Design and technology,Joining methods,Year 4,LKS2,diagram_a,Join — PVA glue,"Side view of the join, materials labelled","[""joining"",""DT""]",Adaptly Primary Catalogue,0,,
pdl-1636,Join — masking tape,Design and technology,Joining methods,Year 4,LKS2,diagram_a,Join — masking tape,"Side view of the join, materials labelled","[""joining"",""DT""]",Adaptly Primary Catalogue,0,,
pdl-1637,Join — split pin,Design and technology,Joining methods,Year 4,LKS2,diagram_a,Join — split pin,"Side view of the join, materials labelled","[""joining"",""DT""]",Adaptly Primary Catalogue,0,,
pdl-1638,Join — running stitch (textiles),Design and technology,Joining methods,Year 4,LKS2,diagram_a,Join — running stitch (textiles),"Side view of the join, materials labelled","[""joining"",""DT""]",Adaptly Primary Catalogue,0,,
pdl-1639,Join — slot and tab (card),Design and technology,Joining methods,Year 4,LKS2,diagram_a,Join — slot and tab (card),"Side view of the join, materials labelled","[""joining"",""DT""]",Adaptly Primary Catalogue,0,,
pdl-1640,Join — paper fastener,Design and technology,Joining methods,Year 4,LKS2,diagram_a,Join — paper fastener,"Side view of the join, materials labelled","[""joining"",""DT""]",Adaptly Primary Catalogue,0,,
pdl-1641,Structure — frame (truss bridge),Design and technology,Structures,Year 3,LKS2,diagram_a,Structure — frame (truss bridge),"Simple skeletons of structures, force arrows","[""structures"",""DT""]",Adaptly Primary Catalogue,0,,
pdl-1642,Structure — shell (eggshell / dome),Design and technology,Structures,Year 3,LKS2,diagram_a,Structure — shell (eggshell / dome),"Simple skeletons of structures, force arrows","[""structures"",""DT""]",Adaptly Primary Catalogue,0,,
pdl-1643,Structure — stable vs unstable,Design and technology,Structures,Year 3,LKS2,diagram_a,Structure — stable vs unstable,"Simple skeletons of structures, force arrows","[""structures"",""DT""]",Adaptly Primary Catalogue,0,,
pdl-1644,Structure — triangulation strength,Design and technology,Structures,Year 3,LKS2,diagram_a,Structure — triangulation strength,"Simple skeletons of structures, force arrows","[""structures"",""DT""]",Adaptly Primary Catalogue,0,,
pdl-1645,Structure — base and centre of gravity,Design and technology,Structures,Year 3,LKS2,diagram_a,Structure — base and centre of gravity,"Simple skeletons of structures, force arrows","[""structures"",""DT""]",Adaptly Primary Catalogue,0,,
pdl-1646,Structure — beam and column,Design and technology,Structures,Year 3,LKS2,diagram_a,Structure — beam and column,"Simple skeletons of structures, force arrows","[""structures"",""DT""]",Adaptly Primary Catalogue,0,,
pdl-1647,Cereal box net (template),Design and technology,Packaging and branding,Year 6,UKS2,diagram_a,Cereal box net (template),"Net of a box laid flat, design areas marked","[""packaging"",""design""]",Adaptly Primary Catalogue,0,,
pdl-1648,Toothpaste tube net,Design and technology,Packaging and branding,Year 6,UKS2,diagram_a,Toothpaste tube net,"Net of a box laid flat, design areas marked","[""packaging"",""design""]",Adaptly Primary Catalogue,0,,
pdl-1649,Drinks carton net,Design and technology,Packaging and branding,Year 6,UKS2,diagram_a,Drinks carton net,"Net of a box laid flat, design areas marked","[""packaging"",""design""]",Adaptly Primary Catalogue,0,,
pdl-1650,Logo design grid,Design and technology,Packaging and branding,Year 6,UKS2,diagram_a,Logo design grid,"Net of a box laid flat, design areas marked","[""packaging"",""design""]",Adaptly Primary Catalogue,0,,
pdl-1651,Slogan poster template,Design and technology,Packaging and branding,Year 6,UKS2,diagram_a,Slogan poster template,"Net of a box laid flat, design areas marked","[""packaging"",""design""]",Adaptly Primary Catalogue,0,,
pdl-1652,Persuasive label sticker template,Design and technology,Packaging and branding,Year 6,UKS2,diagram_a,Persuasive label sticker template,"Net of a box laid flat, design areas marked","[""packaging"",""design""]",Adaptly Primary Catalogue,0,,
pdl-1653,Note value — semibreve (4 beats),Music,Note values,Year 3,LKS2,diagram_a,Note value — semibreve (4 beats),"Black note glyph on stave fragment, clap-count under","[""music"",""notation""]",Adaptly Primary Catalogue,0,,
pdl-1654,Note value — minim (2 beats),Music,Note values,Year 3,LKS2,diagram_a,Note value — minim (2 beats),"Black note glyph on stave fragment, clap-count under","[""music"",""notation""]",Adaptly Primary Catalogue,0,,
pdl-1655,Note value — crotchet (1 beat),Music,Note values,Year 3,LKS2,diagram_a,Note value — crotchet (1 beat),"Black note glyph on stave fragment, clap-count under","[""music"",""notation""]",Adaptly Primary Catalogue,0,,
pdl-1656,Note value — quaver (½ beat),Music,Note values,Year 3,LKS2,diagram_a,Note value — quaver (½ beat),"Black note glyph on stave fragment, clap-count under","[""music"",""notation""]",Adaptly Primary Catalogue,0,,
pdl-1657,Note value — semiquaver (¼ beat),Music,Note values,Year 3,LKS2,diagram_a,Note value — semiquaver (¼ beat),"Black note glyph on stave fragment, clap-count under","[""music"",""notation""]",Adaptly Primary Catalogue,0,,
pdl-1658,Note value — dotted minim (3 beats),Music,Note values,Year 3,LKS2,diagram_a,Note value — dotted minim (3 beats),"Black note glyph on stave fragment, clap-count under","[""music"",""notation""]",Adaptly Primary Catalogue,0,,
pdl-1659,Note value — dotted crotchet,Music,Note values,Year 3,LKS2,diagram_a,Note value — dotted crotchet,"Black note glyph on stave fragment, clap-count under","[""music"",""notation""]",Adaptly Primary Catalogue,0,,
pdl-1660,Note value — tied crotchets,Music,Note values,Year 3,LKS2,diagram_a,Note value — tied crotchets,"Black note glyph on stave fragment, clap-count under","[""music"",""notation""]",Adaptly Primary Catalogue,0,,
pdl-1661,Rest — semibreve,Music,Rests,Year 3,LKS2,diagram_a,Rest — semibreve,"Black glyph on a single stave, beat label","[""music"",""rests""]",Adaptly Primary Catalogue,0,,
pdl-1662,Rest — minim,Music,Rests,Year 3,LKS2,diagram_a,Rest — minim,"Black glyph on a single stave, beat label","[""music"",""rests""]",Adaptly Primary Catalogue,0,,
pdl-1663,Rest — crotchet,Music,Rests,Year 3,LKS2,diagram_a,Rest — crotchet,"Black glyph on a single stave, beat label","[""music"",""rests""]",Adaptly Primary Catalogue,0,,
pdl-1664,Rest — quaver,Music,Rests,Year 3,LKS2,diagram_a,Rest — quaver,"Black glyph on a single stave, beat label","[""music"",""rests""]",Adaptly Primary Catalogue,0,,
pdl-1665,Rest — semiquaver,Music,Rests,Year 3,LKS2,diagram_a,Rest — semiquaver,"Black glyph on a single stave, beat label","[""music"",""rests""]",Adaptly Primary Catalogue,0,,
pdl-1666,Stave — five lines / four spaces (FACE / EGBDF),Music,Stave and clefs,Year 4,LKS2,diagram_a,Stave — five lines / four spaces (FACE / EGBDF),Five-line stave with notes labelled,"[""stave"",""clef""]",Adaptly Primary Catalogue,0,,
pdl-1667,Treble clef — labelled,Music,Stave and clefs,Year 4,LKS2,diagram_a,Treble clef — labelled,Five-line stave with notes labelled,"[""stave"",""clef""]",Adaptly Primary Catalogue,0,,
pdl-1668,Bass clef — labelled (optional UKS2),Music,Stave and clefs,Year 4,LKS2,diagram_a,Bass clef — labelled (optional UKS2),Five-line stave with notes labelled,"[""stave"",""clef""]",Adaptly Primary Catalogue,0,,
pdl-1669,Key signature poster — C / G / F majors,Music,Stave and clefs,Year 4,LKS2,diagram_a,Key signature poster — C / G / F majors,Five-line stave with notes labelled,"[""stave"",""clef""]",Adaptly Primary Catalogue,0,,
pdl-1670,Time signature — 4/4,Music,Time signatures and dynamics,Year 4,LKS2,diagram_a,Time signature — 4/4,"Numerator/denominator highlighted, dynamic letters in italic","[""time-signature"",""dynamics""]",Adaptly Primary Catalogue,0,,
pdl-1671,Time signature — 3/4 (waltz),Music,Time signatures and dynamics,Year 4,LKS2,diagram_a,Time signature — 3/4 (waltz),"Numerator/denominator highlighted, dynamic letters in italic","[""time-signature"",""dynamics""]",Adaptly Primary Catalogue,0,,
pdl-1672,Time signature — 2/4 (march),Music,Time signatures and dynamics,Year 4,LKS2,diagram_a,Time signature — 2/4 (march),"Numerator/denominator highlighted, dynamic letters in italic","[""time-signature"",""dynamics""]",Adaptly Primary Catalogue,0,,
pdl-1673,Time signature — 6/8 (lilting),Music,Time signatures and dynamics,Year 4,LKS2,diagram_a,Time signature — 6/8 (lilting),"Numerator/denominator highlighted, dynamic letters in italic","[""time-signature"",""dynamics""]",Adaptly Primary Catalogue,0,,
pdl-1674,Dynamics — pp / p / mp / mf / f / ff,Music,Time signatures and dynamics,Year 4,LKS2,diagram_a,Dynamics — pp / p / mp / mf / f / ff,"Numerator/denominator highlighted, dynamic letters in italic","[""time-signature"",""dynamics""]",Adaptly Primary Catalogue,0,,
pdl-1675,Tempo terms — adagio / andante / allegro / presto,Music,Time signatures and dynamics,Year 4,LKS2,diagram_a,Tempo terms — adagio / andante / allegro / presto,"Numerator/denominator highlighted, dynamic letters in italic","[""time-signature"",""dynamics""]",Adaptly Primary Catalogue,0,,
pdl-1676,Instrument — piano,Music,Instruments of the orchestra,Year 3,LKS2,diagram_a,Piano drawn cleanly with name and family (string/wind/brass/percussion) tag.,"Three-quarter view, single-light render, family tag in colour","[""instrument"",""orchestra-family"",""piano""]",Adaptly Primary Catalogue,0,,
pdl-1677,Instrument — acoustic guitar,Music,Instruments of the orchestra,Year 3,LKS2,diagram_a,Acoustic guitar drawn cleanly with name and family (string/wind/brass/percussion) tag.,"Three-quarter view, single-light render, family tag in colour","[""instrument"",""orchestra-family"",""acoustic-guitar""]",Adaptly Primary Catalogue,0,,
pdl-1678,Instrument — violin,Music,Instruments of the orchestra,Year 3,LKS2,diagram_a,Violin drawn cleanly with name and family (string/wind/brass/percussion) tag.,"Three-quarter view, single-light render, family tag in colour","[""instrument"",""orchestra-family"",""violin""]",Adaptly Primary Catalogue,0,,
pdl-1679,Instrument — cello,Music,Instruments of the orchestra,Year 3,LKS2,diagram_a,Cello drawn cleanly with name and family (string/wind/brass/percussion) tag.,"Three-quarter view, single-light render, family tag in colour","[""instrument"",""orchestra-family"",""cello""]",Adaptly Primary Catalogue,0,,
pdl-1680,Instrument — double bass,Music,Instruments of the orchestra,Year 3,LKS2,diagram_a,Double bass drawn cleanly with name and family (string/wind/brass/percussion) tag.,"Three-quarter view, single-light render, family tag in colour","[""instrument"",""orchestra-family"",""double-bass""]",Adaptly Primary Catalogue,0,,
pdl-1681,Instrument — drum kit,Music,Instruments of the orchestra,Year 3,LKS2,diagram_a,Drum kit drawn cleanly with name and family (string/wind/brass/percussion) tag.,"Three-quarter view, single-light render, family tag in colour","[""instrument"",""orchestra-family"",""drum-kit""]",Adaptly Primary Catalogue,0,,
pdl-1682,Instrument — trumpet,Music,Instruments of the orchestra,Year 3,LKS2,diagram_a,Trumpet drawn cleanly with name and family (string/wind/brass/percussion) tag.,"Three-quarter view, single-light render, family tag in colour","[""instrument"",""orchestra-family"",""trumpet""]",Adaptly Primary Catalogue,0,,
pdl-1683,Instrument — trombone,Music,Instruments of the orchestra,Year 3,LKS2,diagram_a,Trombone drawn cleanly with name and family (string/wind/brass/percussion) tag.,"Three-quarter view, single-light render, family tag in colour","[""instrument"",""orchestra-family"",""trombone""]",Adaptly Primary Catalogue,0,,
pdl-1684,Instrument — flute,Music,Instruments of the orchestra,Year 3,LKS2,diagram_a,Flute drawn cleanly with name and family (string/wind/brass/percussion) tag.,"Three-quarter view, single-light render, family tag in colour","[""instrument"",""orchestra-family"",""flute""]",Adaptly Primary Catalogue,0,,
pdl-1685,Instrument — clarinet,Music,Instruments of the orchestra,Year 3,LKS2,diagram_a,Clarinet drawn cleanly with name and family (string/wind/brass/percussion) tag.,"Three-quarter view, single-light render, family tag in colour","[""instrument"",""orchestra-family"",""clarinet""]",Adaptly Primary Catalogue,0,,
pdl-1686,Instrument — saxophone,Music,Instruments of the orchestra,Year 3,LKS2,diagram_a,Saxophone drawn cleanly with name and family (string/wind/brass/percussion) tag.,"Three-quarter view, single-light render, family tag in colour","[""instrument"",""orchestra-family"",""saxophone""]",Adaptly Primary Catalogue,0,,
pdl-1687,Instrument — recorder,Music,Instruments of the orchestra,Year 3,LKS2,diagram_a,Recorder drawn cleanly with name and family (string/wind/brass/percussion) tag.,"Three-quarter view, single-light render, family tag in colour","[""instrument"",""orchestra-family"",""recorder""]",Adaptly Primary Catalogue,0,,
pdl-1688,Instrument — ukulele,Music,Instruments of the orchestra,Year 3,LKS2,diagram_a,Ukulele drawn cleanly with name and family (string/wind/brass/percussion) tag.,"Three-quarter view, single-light render, family tag in colour","[""instrument"",""orchestra-family"",""ukulele""]",Adaptly Primary Catalogue,0,,
pdl-1689,Instrument — glockenspiel,Music,Instruments of the orchestra,Year 3,LKS2,diagram_a,Glockenspiel drawn cleanly with name and family (string/wind/brass/percussion) tag.,"Three-quarter view, single-light render, family tag in colour","[""instrument"",""orchestra-family"",""glockenspiel""]",Adaptly Primary Catalogue,0,,
pdl-1690,Instrument — xylophone,Music,Instruments of the orchestra,Year 3,LKS2,diagram_a,Xylophone drawn cleanly with name and family (string/wind/brass/percussion) tag.,"Three-quarter view, single-light render, family tag in colour","[""instrument"",""orchestra-family"",""xylophone""]",Adaptly Primary Catalogue,0,,
pdl-1691,Instrument — triangle,Music,Instruments of the orchestra,Year 3,LKS2,diagram_a,Triangle drawn cleanly with name and family (string/wind/brass/percussion) tag.,"Three-quarter view, single-light render, family tag in colour","[""instrument"",""orchestra-family"",""triangle""]",Adaptly Primary Catalogue,0,,
pdl-1692,Instrument — tambourine,Music,Instruments of the orchestra,Year 3,LKS2,diagram_a,Tambourine drawn cleanly with name and family (string/wind/brass/percussion) tag.,"Three-quarter view, single-light render, family tag in colour","[""instrument"",""orchestra-family"",""tambourine""]",Adaptly Primary Catalogue,0,,
pdl-1693,Instrument — maracas,Music,Instruments of the orchestra,Year 3,LKS2,diagram_a,Maracas drawn cleanly with name and family (string/wind/brass/percussion) tag.,"Three-quarter view, single-light render, family tag in colour","[""instrument"",""orchestra-family"",""maracas""]",Adaptly Primary Catalogue,0,,
pdl-1694,Instrument — harp,Music,Instruments of the orchestra,Year 3,LKS2,diagram_a,Harp drawn cleanly with name and family (string/wind/brass/percussion) tag.,"Three-quarter view, single-light render, family tag in colour","[""instrument"",""orchestra-family"",""harp""]",Adaptly Primary Catalogue,0,,
pdl-1695,Instrument — harmonica,Music,Instruments of the orchestra,Year 3,LKS2,diagram_a,Harmonica drawn cleanly with name and family (string/wind/brass/percussion) tag.,"Three-quarter view, single-light render, family tag in colour","[""instrument"",""orchestra-family"",""harmonica""]",Adaptly Primary Catalogue,0,,
pdl-1696,Composer card — Bach,Music,Composers,Year 5,UKS2,diagram_a,Composer card — Bach,"Silhouette portrait, parchment-style background","[""composer""]",Adaptly Primary Catalogue,0,,
pdl-1697,Composer card — Mozart,Music,Composers,Year 5,UKS2,diagram_a,Composer card — Mozart,"Silhouette portrait, parchment-style background","[""composer""]",Adaptly Primary Catalogue,0,,
pdl-1698,Composer card — Beethoven,Music,Composers,Year 5,UKS2,diagram_a,Composer card — Beethoven,"Silhouette portrait, parchment-style background","[""composer""]",Adaptly Primary Catalogue,0,,
pdl-1699,Composer card — Holst (Planets),Music,Composers,Year 5,UKS2,diagram_a,Composer card — Holst (Planets),"Silhouette portrait, parchment-style background","[""composer""]",Adaptly Primary Catalogue,0,,
pdl-1700,Composer card — Stravinsky (Firebird),Music,Composers,Year 5,UKS2,diagram_a,Composer card — Stravinsky (Firebird),"Silhouette portrait, parchment-style background","[""composer""]",Adaptly Primary Catalogue,0,,
pdl-1701,Composer card — Errollyn Wallen,Music,Composers,Year 5,UKS2,diagram_a,Composer card — Errollyn Wallen,"Silhouette portrait, parchment-style background","[""composer""]",Adaptly Primary Catalogue,0,,
pdl-1702,Composer card — Florence Price,Music,Composers,Year 5,UKS2,diagram_a,Composer card — Florence Price,"Silhouette portrait, parchment-style background","[""composer""]",Adaptly Primary Catalogue,0,,
pdl-1703,Composer card — Hans Zimmer (film),Music,Composers,Year 5,UKS2,diagram_a,Composer card — Hans Zimmer (film),"Silhouette portrait, parchment-style background","[""composer""]",Adaptly Primary Catalogue,0,,
pdl-1704,Singing posture — standing tall,Music,Voice and singing,Year 3,LKS2,diagram_a,Singing posture — standing tall,Child silhouette with arrows for breath direction,"[""singing"",""voice""]",Adaptly Primary Catalogue,0,,
pdl-1705,Breathing for singing — diaphragm,Music,Voice and singing,Year 3,LKS2,diagram_a,Breathing for singing — diaphragm,Child silhouette with arrows for breath direction,"[""singing"",""voice""]",Adaptly Primary Catalogue,0,,
pdl-1706,Pitch ladder (low → high),Music,Voice and singing,Year 3,LKS2,diagram_a,Pitch ladder (low → high),Child silhouette with arrows for breath direction,"[""singing"",""voice""]",Adaptly Primary Catalogue,0,,
pdl-1707,Round / canon — entry diagram,Music,Voice and singing,Year 3,LKS2,diagram_a,Round / canon — entry diagram,Child silhouette with arrows for breath direction,"[""singing"",""voice""]",Adaptly Primary Catalogue,0,,
pdl-1708,Equipment — football,Physical education,Sports equipment,Year 3,LKS2,diagram_a,Equipment — football,"Single object, clean drop shadow, sport tag","[""PE"",""equipment""]",Adaptly Primary Catalogue,0,,
pdl-1709,Equipment — netball,Physical education,Sports equipment,Year 3,LKS2,diagram_a,Equipment — netball,"Single object, clean drop shadow, sport tag","[""PE"",""equipment""]",Adaptly Primary Catalogue,0,,
pdl-1710,Equipment — basketball,Physical education,Sports equipment,Year 3,LKS2,diagram_a,Equipment — basketball,"Single object, clean drop shadow, sport tag","[""PE"",""equipment""]",Adaptly Primary Catalogue,0,,
pdl-1711,Equipment — cricket bat and ball,Physical education,Sports equipment,Year 3,LKS2,diagram_a,Equipment — cricket bat and ball,"Single object, clean drop shadow, sport tag","[""PE"",""equipment""]",Adaptly Primary Catalogue,0,,
pdl-1712,Equipment — rugby ball,Physical education,Sports equipment,Year 3,LKS2,diagram_a,Equipment — rugby ball,"Single object, clean drop shadow, sport tag","[""PE"",""equipment""]",Adaptly Primary Catalogue,0,,
pdl-1713,Equipment — hockey stick and ball,Physical education,Sports equipment,Year 3,LKS2,diagram_a,Equipment — hockey stick and ball,"Single object, clean drop shadow, sport tag","[""PE"",""equipment""]",Adaptly Primary Catalogue,0,,
pdl-1714,Equipment — tennis racket and ball,Physical education,Sports equipment,Year 3,LKS2,diagram_a,Equipment — tennis racket and ball,"Single object, clean drop shadow, sport tag","[""PE"",""equipment""]",Adaptly Primary Catalogue,0,,
pdl-1715,Equipment — badminton racket and shuttlecock,Physical education,Sports equipment,Year 3,LKS2,diagram_a,Equipment — badminton racket and shuttlecock,"Single object, clean drop shadow, sport tag","[""PE"",""equipment""]",Adaptly Primary Catalogue,0,,
pdl-1716,Equipment — gymnastics mat,Physical education,Sports equipment,Year 3,LKS2,diagram_a,Equipment — gymnastics mat,"Single object, clean drop shadow, sport tag","[""PE"",""equipment""]",Adaptly Primary Catalogue,0,,
pdl-1717,Equipment — skipping rope,Physical education,Sports equipment,Year 3,LKS2,diagram_a,Equipment — skipping rope,"Single object, clean drop shadow, sport tag","[""PE"",""equipment""]",Adaptly Primary Catalogue,0,,
pdl-1718,Equipment — bean bag,Physical education,Sports equipment,Year 3,LKS2,diagram_a,Equipment — bean bag,"Single object, clean drop shadow, sport tag","[""PE"",""equipment""]",Adaptly Primary Catalogue,0,,
pdl-1719,Equipment — cone,Physical education,Sports equipment,Year 3,LKS2,diagram_a,Equipment — cone,"Single object, clean drop shadow, sport tag","[""PE"",""equipment""]",Adaptly Primary Catalogue,0,,
pdl-1720,Equipment — relay baton,Physical education,Sports equipment,Year 3,LKS2,diagram_a,Equipment — relay baton,"Single object, clean drop shadow, sport tag","[""PE"",""equipment""]",Adaptly Primary Catalogue,0,,
pdl-1721,Equipment — swim cap and goggles,Physical education,Sports equipment,Year 3,LKS2,diagram_a,Equipment — swim cap and goggles,"Single object, clean drop shadow, sport tag","[""PE"",""equipment""]",Adaptly Primary Catalogue,0,,
pdl-1722,Pitch — football,Physical education,Pitches and courts,Year 4,LKS2,diagram_a,Pitch — football,"Top-down vector, dashed lines, zone names","[""PE"",""pitch"",""court""]",Adaptly Primary Catalogue,0,,
pdl-1723,Pitch — rugby,Physical education,Pitches and courts,Year 4,LKS2,diagram_a,Pitch — rugby,"Top-down vector, dashed lines, zone names","[""PE"",""pitch"",""court""]",Adaptly Primary Catalogue,0,,
pdl-1724,Pitch — cricket (oval),Physical education,Pitches and courts,Year 4,LKS2,diagram_a,Pitch — cricket (oval),"Top-down vector, dashed lines, zone names","[""PE"",""pitch"",""court""]",Adaptly Primary Catalogue,0,,
pdl-1725,Court — netball,Physical education,Pitches and courts,Year 4,LKS2,diagram_a,Court — netball,"Top-down vector, dashed lines, zone names","[""PE"",""pitch"",""court""]",Adaptly Primary Catalogue,0,,
pdl-1726,Court — basketball,Physical education,Pitches and courts,Year 4,LKS2,diagram_a,Court — basketball,"Top-down vector, dashed lines, zone names","[""PE"",""pitch"",""court""]",Adaptly Primary Catalogue,0,,
pdl-1727,Court — tennis,Physical education,Pitches and courts,Year 4,LKS2,diagram_a,Court — tennis,"Top-down vector, dashed lines, zone names","[""PE"",""pitch"",""court""]",Adaptly Primary Catalogue,0,,
pdl-1728,Court — badminton,Physical education,Pitches and courts,Year 4,LKS2,diagram_a,Court — badminton,"Top-down vector, dashed lines, zone names","[""PE"",""pitch"",""court""]",Adaptly Primary Catalogue,0,,
pdl-1729,Track — 400m athletics,Physical education,Pitches and courts,Year 4,LKS2,diagram_a,Track — 400m athletics,"Top-down vector, dashed lines, zone names","[""PE"",""pitch"",""court""]",Adaptly Primary Catalogue,0,,
pdl-1730,Gym shape — tuck,Physical education,Gymnastics,Year 3,LKS2,diagram_a,Gym shape — tuck,"Cartoon child silhouette in shape, clear silhouette","[""PE"",""gymnastics""]",Adaptly Primary Catalogue,0,,
pdl-1731,Gym shape — straddle,Physical education,Gymnastics,Year 3,LKS2,diagram_a,Gym shape — straddle,"Cartoon child silhouette in shape, clear silhouette","[""PE"",""gymnastics""]",Adaptly Primary Catalogue,0,,
pdl-1732,Gym shape — pike,Physical education,Gymnastics,Year 3,LKS2,diagram_a,Gym shape — pike,"Cartoon child silhouette in shape, clear silhouette","[""PE"",""gymnastics""]",Adaptly Primary Catalogue,0,,
pdl-1733,Gym shape — straight (pencil),Physical education,Gymnastics,Year 3,LKS2,diagram_a,Gym shape — straight (pencil),"Cartoon child silhouette in shape, clear silhouette","[""PE"",""gymnastics""]",Adaptly Primary Catalogue,0,,
pdl-1734,Gym shape — star,Physical education,Gymnastics,Year 3,LKS2,diagram_a,Gym shape — star,"Cartoon child silhouette in shape, clear silhouette","[""PE"",""gymnastics""]",Adaptly Primary Catalogue,0,,
pdl-1735,Gym balance — front support,Physical education,Gymnastics,Year 3,LKS2,diagram_a,Gym balance — front support,"Cartoon child silhouette in shape, clear silhouette","[""PE"",""gymnastics""]",Adaptly Primary Catalogue,0,,
pdl-1736,Gym balance — arabesque,Physical education,Gymnastics,Year 3,LKS2,diagram_a,Gym balance — arabesque,"Cartoon child silhouette in shape, clear silhouette","[""PE"",""gymnastics""]",Adaptly Primary Catalogue,0,,
pdl-1737,Gym balance — bridge,Physical education,Gymnastics,Year 3,LKS2,diagram_a,Gym balance — bridge,"Cartoon child silhouette in shape, clear silhouette","[""PE"",""gymnastics""]",Adaptly Primary Catalogue,0,,
pdl-1738,Dance — unison group shape,Physical education,Dance,Year 4,LKS2,diagram_a,Dance — unison group shape,"Pair or solo silhouettes, motion arrow","[""PE"",""dance""]",Adaptly Primary Catalogue,0,,
pdl-1739,Dance — canon (sequential),Physical education,Dance,Year 4,LKS2,diagram_a,Dance — canon (sequential),"Pair or solo silhouettes, motion arrow","[""PE"",""dance""]",Adaptly Primary Catalogue,0,,
pdl-1740,Dance — mirror partner,Physical education,Dance,Year 4,LKS2,diagram_a,Dance — mirror partner,"Pair or solo silhouettes, motion arrow","[""PE"",""dance""]",Adaptly Primary Catalogue,0,,
pdl-1741,Dance — contrast levels (high/mid/low),Physical education,Dance,Year 4,LKS2,diagram_a,Dance — contrast levels (high/mid/low),"Pair or solo silhouettes, motion arrow","[""PE"",""dance""]",Adaptly Primary Catalogue,0,,
pdl-1742,Fitness component — endurance,Physical education,Fitness,Year 5,UKS2,diagram_a,Fitness component — endurance,Icon plus child mascot showing the activity,"[""PE"",""fitness""]",Adaptly Primary Catalogue,0,,
pdl-1743,Fitness component — strength,Physical education,Fitness,Year 5,UKS2,diagram_a,Fitness component — strength,Icon plus child mascot showing the activity,"[""PE"",""fitness""]",Adaptly Primary Catalogue,0,,
pdl-1744,Fitness component — speed,Physical education,Fitness,Year 5,UKS2,diagram_a,Fitness component — speed,Icon plus child mascot showing the activity,"[""PE"",""fitness""]",Adaptly Primary Catalogue,0,,
pdl-1745,Fitness component — flexibility,Physical education,Fitness,Year 5,UKS2,diagram_a,Fitness component — flexibility,Icon plus child mascot showing the activity,"[""PE"",""fitness""]",Adaptly Primary Catalogue,0,,
pdl-1746,Fitness component — agility,Physical education,Fitness,Year 5,UKS2,diagram_a,Fitness component — agility,Icon plus child mascot showing the activity,"[""PE"",""fitness""]",Adaptly Primary Catalogue,0,,
pdl-1747,Fitness component — coordination,Physical education,Fitness,Year 5,UKS2,diagram_a,Fitness component — coordination,Icon plus child mascot showing the activity,"[""PE"",""fitness""]",Adaptly Primary Catalogue,0,,
pdl-1748,Heart rate — at rest vs exercise,Physical education,Healthy living,Year 5,UKS2,diagram_a,Heart rate — at rest vs exercise,"Heart-rate-line motif, comparing rest vs exercise","[""PE"",""healthy-living""]",Adaptly Primary Catalogue,0,,
pdl-1749,Warm-up routine sequence,Physical education,Healthy living,Year 5,UKS2,diagram_a,Warm-up routine sequence,"Heart-rate-line motif, comparing rest vs exercise","[""PE"",""healthy-living""]",Adaptly Primary Catalogue,0,,
pdl-1750,Cool-down stretches sequence,Physical education,Healthy living,Year 5,UKS2,diagram_a,Cool-down stretches sequence,"Heart-rate-line motif, comparing rest vs exercise","[""PE"",""healthy-living""]",Adaptly Primary Catalogue,0,,
pdl-1751,Hydration during exercise reminder,Physical education,Healthy living,Year 5,UKS2,diagram_a,Hydration during exercise reminder,"Heart-rate-line motif, comparing rest vs exercise","[""PE"",""healthy-living""]",Adaptly Primary Catalogue,0,,
pdl-1752,Sleep / exercise / nutrition triangle,Physical education,Healthy living,Year 5,UKS2,diagram_a,Sleep / exercise / nutrition triangle,"Heart-rate-line motif, comparing rest vs exercise","[""PE"",""healthy-living""]",Adaptly Primary Catalogue,0,,
pdl-1753,Active travel ideas (walk/cycle/scoot),Physical education,Healthy living,Year 5,UKS2,diagram_a,Active travel ideas (walk/cycle/scoot),"Heart-rate-line motif, comparing rest vs exercise","[""PE"",""healthy-living""]",Adaptly Primary Catalogue,0,,
pdl-1754,Athletics — sprint start technique,Physical education,Athletics,Year 5,UKS2,diagram_a,Athletics — sprint start technique,Stick-figure sequence,"[""PE"",""athletics""]",Adaptly Primary Catalogue,0,,
pdl-1755,Athletics — long jump phases,Physical education,Athletics,Year 5,UKS2,diagram_a,Athletics — long jump phases,Stick-figure sequence,"[""PE"",""athletics""]",Adaptly Primary Catalogue,0,,
pdl-1756,Athletics — high jump (Fosbury flop simplified),Physical education,Athletics,Year 5,UKS2,diagram_a,Athletics — high jump (Fosbury flop simplified),Stick-figure sequence,"[""PE"",""athletics""]",Adaptly Primary Catalogue,0,,
pdl-1757,Athletics — relay baton change,Physical education,Athletics,Year 5,UKS2,diagram_a,Athletics — relay baton change,Stick-figure sequence,"[""PE"",""athletics""]",Adaptly Primary Catalogue,0,,
pdl-1758,Symbol — cross (Christianity),Religious education,Religious symbols,Year 3,LKS2,diagram_a,Symbol — cross (Christianity),"Single symbol on plain coloured background, name plate","[""RE"",""symbols"",""world-religions""]",Adaptly Primary Catalogue,0,,
pdl-1759,Symbol — fish/Ichthus (Christianity),Religious education,Religious symbols,Year 3,LKS2,diagram_a,Symbol — fish/Ichthus (Christianity),"Single symbol on plain coloured background, name plate","[""RE"",""symbols"",""world-religions""]",Adaptly Primary Catalogue,0,,
pdl-1760,Symbol — Star of David (Judaism),Religious education,Religious symbols,Year 3,LKS2,diagram_a,Symbol — Star of David (Judaism),"Single symbol on plain coloured background, name plate","[""RE"",""symbols"",""world-religions""]",Adaptly Primary Catalogue,0,,
pdl-1761,Symbol — menorah (Judaism),Religious education,Religious symbols,Year 3,LKS2,diagram_a,Symbol — menorah (Judaism),"Single symbol on plain coloured background, name plate","[""RE"",""symbols"",""world-religions""]",Adaptly Primary Catalogue,0,,
pdl-1762,Symbol — crescent and star (Islam),Religious education,Religious symbols,Year 3,LKS2,diagram_a,Symbol — crescent and star (Islam),"Single symbol on plain coloured background, name plate","[""RE"",""symbols"",""world-religions""]",Adaptly Primary Catalogue,0,,
pdl-1763,Symbol — Kaaba (Islam — sacred site),Religious education,Religious symbols,Year 3,LKS2,diagram_a,Symbol — Kaaba (Islam — sacred site),"Single symbol on plain coloured background, name plate","[""RE"",""symbols"",""world-religions""]",Adaptly Primary Catalogue,0,,
pdl-1764,Symbol — Aum (Hinduism),Religious education,Religious symbols,Year 3,LKS2,diagram_a,Symbol — Aum (Hinduism),"Single symbol on plain coloured background, name plate","[""RE"",""symbols"",""world-religions""]",Adaptly Primary Catalogue,0,,
pdl-1765,Symbol — diya lamp (Hinduism),Religious education,Religious symbols,Year 3,LKS2,diagram_a,Symbol — diya lamp (Hinduism),"Single symbol on plain coloured background, name plate","[""RE"",""symbols"",""world-religions""]",Adaptly Primary Catalogue,0,,
pdl-1766,Symbol — Khanda (Sikhism),Religious education,Religious symbols,Year 3,LKS2,diagram_a,Symbol — Khanda (Sikhism),"Single symbol on plain coloured background, name plate","[""RE"",""symbols"",""world-religions""]",Adaptly Primary Catalogue,0,,
pdl-1767,Symbol — Ek Onkar (Sikhism),Religious education,Religious symbols,Year 3,LKS2,diagram_a,Symbol — Ek Onkar (Sikhism),"Single symbol on plain coloured background, name plate","[""RE"",""symbols"",""world-religions""]",Adaptly Primary Catalogue,0,,
pdl-1768,Symbol — Dharma wheel (Buddhism),Religious education,Religious symbols,Year 3,LKS2,diagram_a,Symbol — Dharma wheel (Buddhism),"Single symbol on plain coloured background, name plate","[""RE"",""symbols"",""world-religions""]",Adaptly Primary Catalogue,0,,
pdl-1769,Symbol — lotus flower (Buddhism),Religious education,Religious symbols,Year 3,LKS2,diagram_a,Symbol — lotus flower (Buddhism),"Single symbol on plain coloured background, name plate","[""RE"",""symbols"",""world-religions""]",Adaptly Primary Catalogue,0,,
pdl-1770,Church — exterior,Religious education,Places of worship,Year 4,LKS2,diagram_a,Church — exterior,"Architectural illustration, soft palette, key feature highlighted","[""RE"",""places-of-worship""]",Adaptly Primary Catalogue,0,,
pdl-1771,Church — interior with altar / lectern / font,Religious education,Places of worship,Year 4,LKS2,diagram_a,Church — interior with altar / lectern / font,"Architectural illustration, soft palette, key feature highlighted","[""RE"",""places-of-worship""]",Adaptly Primary Catalogue,0,,
pdl-1772,Mosque — exterior with minaret,Religious education,Places of worship,Year 4,LKS2,diagram_a,Mosque — exterior with minaret,"Architectural illustration, soft palette, key feature highlighted","[""RE"",""places-of-worship""]",Adaptly Primary Catalogue,0,,
pdl-1773,Mosque — interior with qibla wall and mihrab,Religious education,Places of worship,Year 4,LKS2,diagram_a,Mosque — interior with qibla wall and mihrab,"Architectural illustration, soft palette, key feature highlighted","[""RE"",""places-of-worship""]",Adaptly Primary Catalogue,0,,
pdl-1774,Synagogue — exterior,Religious education,Places of worship,Year 4,LKS2,diagram_a,Synagogue — exterior,"Architectural illustration, soft palette, key feature highlighted","[""RE"",""places-of-worship""]",Adaptly Primary Catalogue,0,,
pdl-1775,Synagogue — interior with bimah and ark,Religious education,Places of worship,Year 4,LKS2,diagram_a,Synagogue — interior with bimah and ark,"Architectural illustration, soft palette, key feature highlighted","[""RE"",""places-of-worship""]",Adaptly Primary Catalogue,0,,
pdl-1776,Mandir — exterior,Religious education,Places of worship,Year 4,LKS2,diagram_a,Mandir — exterior,"Architectural illustration, soft palette, key feature highlighted","[""RE"",""places-of-worship""]",Adaptly Primary Catalogue,0,,
pdl-1777,Mandir — interior shrine,Religious education,Places of worship,Year 4,LKS2,diagram_a,Mandir — interior shrine,"Architectural illustration, soft palette, key feature highlighted","[""RE"",""places-of-worship""]",Adaptly Primary Catalogue,0,,
pdl-1778,Gurdwara — exterior with Nishan Sahib,Religious education,Places of worship,Year 4,LKS2,diagram_a,Gurdwara — exterior with Nishan Sahib,"Architectural illustration, soft palette, key feature highlighted","[""RE"",""places-of-worship""]",Adaptly Primary Catalogue,0,,
pdl-1779,Gurdwara — interior with Guru Granth Sahib on takht,Religious education,Places of worship,Year 4,LKS2,diagram_a,Gurdwara — interior with Guru Granth Sahib on takht,"Architectural illustration, soft palette, key feature highlighted","[""RE"",""places-of-worship""]",Adaptly Primary Catalogue,0,,
pdl-1780,Buddhist temple — exterior,Religious education,Places of worship,Year 4,LKS2,diagram_a,Buddhist temple — exterior,"Architectural illustration, soft palette, key feature highlighted","[""RE"",""places-of-worship""]",Adaptly Primary Catalogue,0,,
pdl-1781,Buddhist temple — interior with Buddha statue,Religious education,Places of worship,Year 4,LKS2,diagram_a,Buddhist temple — interior with Buddha statue,"Architectural illustration, soft palette, key feature highlighted","[""RE"",""places-of-worship""]",Adaptly Primary Catalogue,0,,
pdl-1782,Sacred text — Bible (Old and New Testaments),Religious education,Sacred texts,Year 4,LKS2,diagram_a,Sacred text — Bible (Old and New Testaments),"Book closed or scroll partially open, traditional binding","[""RE"",""sacred-texts""]",Adaptly Primary Catalogue,0,,
pdl-1783,Sacred text — Qur'an (closed book on rihal stand),Religious education,Sacred texts,Year 4,LKS2,diagram_a,Sacred text — Qur'an (closed book on rihal stand),"Book closed or scroll partially open, traditional binding","[""RE"",""sacred-texts""]",Adaptly Primary Catalogue,0,,
pdl-1784,Sacred text — Torah scroll,Religious education,Sacred texts,Year 4,LKS2,diagram_a,Sacred text — Torah scroll,"Book closed or scroll partially open, traditional binding","[""RE"",""sacred-texts""]",Adaptly Primary Catalogue,0,,
pdl-1785,Sacred text — Guru Granth Sahib (covered),Religious education,Sacred texts,Year 4,LKS2,diagram_a,Sacred text — Guru Granth Sahib (covered),"Book closed or scroll partially open, traditional binding","[""RE"",""sacred-texts""]",Adaptly Primary Catalogue,0,,
pdl-1786,Sacred text — Vedas (palm-leaf bundle),Religious education,Sacred texts,Year 4,LKS2,diagram_a,Sacred text — Vedas (palm-leaf bundle),"Book closed or scroll partially open, traditional binding","[""RE"",""sacred-texts""]",Adaptly Primary Catalogue,0,,
pdl-1787,Sacred text — Tipitaka (basket motif),Religious education,Sacred texts,Year 4,LKS2,diagram_a,Sacred text — Tipitaka (basket motif),"Book closed or scroll partially open, traditional binding","[""RE"",""sacred-texts""]",Adaptly Primary Catalogue,0,,
pdl-1788,Festival — Christmas (nativity star),Religious education,Religious festivals,Year 3,LKS2,diagram_a,Festival — Christmas (nativity star),"Festive palette, central symbol, decoration around the edge","[""RE"",""festivals""]",Adaptly Primary Catalogue,0,,
pdl-1789,Festival — Easter (cross and lily),Religious education,Religious festivals,Year 3,LKS2,diagram_a,Festival — Easter (cross and lily),"Festive palette, central symbol, decoration around the edge","[""RE"",""festivals""]",Adaptly Primary Catalogue,0,,
pdl-1790,Festival — Pentecost (flames),Religious education,Religious festivals,Year 3,LKS2,diagram_a,Festival — Pentecost (flames),"Festive palette, central symbol, decoration around the edge","[""RE"",""festivals""]",Adaptly Primary Catalogue,0,,
pdl-1791,Festival — Lent (purple cloth and ashes),Religious education,Religious festivals,Year 3,LKS2,diagram_a,Festival — Lent (purple cloth and ashes),"Festive palette, central symbol, decoration around the edge","[""RE"",""festivals""]",Adaptly Primary Catalogue,0,,
pdl-1792,Festival — Eid al-Fitr (crescent and dates),Religious education,Religious festivals,Year 3,LKS2,diagram_a,Festival — Eid al-Fitr (crescent and dates),"Festive palette, central symbol, decoration around the edge","[""RE"",""festivals""]",Adaptly Primary Catalogue,0,,
pdl-1793,Festival — Eid al-Adha (lamb and crescent),Religious education,Religious festivals,Year 3,LKS2,diagram_a,Festival — Eid al-Adha (lamb and crescent),"Festive palette, central symbol, decoration around the edge","[""RE"",""festivals""]",Adaptly Primary Catalogue,0,,
pdl-1794,Festival — Ramadan (crescent and dates with sunset),Religious education,Religious festivals,Year 3,LKS2,diagram_a,Festival — Ramadan (crescent and dates with sunset),"Festive palette, central symbol, decoration around the edge","[""RE"",""festivals""]",Adaptly Primary Catalogue,0,,
pdl-1795,Festival — Hanukkah (menorah),Religious education,Religious festivals,Year 3,LKS2,diagram_a,Festival — Hanukkah (menorah),"Festive palette, central symbol, decoration around the edge","[""RE"",""festivals""]",Adaptly Primary Catalogue,0,,
pdl-1796,Festival — Pesach / Passover (Seder plate),Religious education,Religious festivals,Year 3,LKS2,diagram_a,Festival — Pesach / Passover (Seder plate),"Festive palette, central symbol, decoration around the edge","[""RE"",""festivals""]",Adaptly Primary Catalogue,0,,
pdl-1797,Festival — Yom Kippur (shofar),Religious education,Religious festivals,Year 3,LKS2,diagram_a,Festival — Yom Kippur (shofar),"Festive palette, central symbol, decoration around the edge","[""RE"",""festivals""]",Adaptly Primary Catalogue,0,,
pdl-1798,Festival — Diwali (diya lamps),Religious education,Religious festivals,Year 3,LKS2,diagram_a,Festival — Diwali (diya lamps),"Festive palette, central symbol, decoration around the edge","[""RE"",""festivals""]",Adaptly Primary Catalogue,0,,
pdl-1799,Festival — Holi (powder colours),Religious education,Religious festivals,Year 3,LKS2,diagram_a,Festival — Holi (powder colours),"Festive palette, central symbol, decoration around the edge","[""RE"",""festivals""]",Adaptly Primary Catalogue,0,,
pdl-1800,Festival — Vaisakhi (Khanda),Religious education,Religious festivals,Year 3,LKS2,diagram_a,Festival — Vaisakhi (Khanda),"Festive palette, central symbol, decoration around the edge","[""RE"",""festivals""]",Adaptly Primary Catalogue,0,,
pdl-1801,Festival — Wesak (lotus and Buddha),Religious education,Religious festivals,Year 3,LKS2,diagram_a,Festival — Wesak (lotus and Buddha),"Festive palette, central symbol, decoration around the edge","[""RE"",""festivals""]",Adaptly Primary Catalogue,0,,
pdl-1802,Festival — Harvest festival (basket of produce),Religious education,Religious festivals,Year 3,LKS2,diagram_a,Festival — Harvest festival (basket of produce),"Festive palette, central symbol, decoration around the edge","[""RE"",""festivals""]",Adaptly Primary Catalogue,0,,
pdl-1803,Jesus — silhouette with halo (Christianity),Religious education,Religious leaders,Year 5,UKS2,diagram_a,Jesus — silhouette with halo (Christianity),"Respectful, traditional iconography style","[""RE"",""religious-leaders""]",Adaptly Primary Catalogue,0,,
pdl-1804,Moses — silhouette with tablets (Judaism),Religious education,Religious leaders,Year 5,UKS2,diagram_a,Moses — silhouette with tablets (Judaism),"Respectful, traditional iconography style","[""RE"",""religious-leaders""]",Adaptly Primary Catalogue,0,,
pdl-1805,"Prophet Muhammad — name calligraphy ﷺ (Islam, no figurative depiction)",Religious education,Religious leaders,Year 5,UKS2,diagram_a,"Prophet Muhammad — name calligraphy ﷺ (Islam, no figurative depiction)","Respectful, traditional iconography style","[""RE"",""religious-leaders""]",Adaptly Primary Catalogue,0,,
pdl-1806,Guru Nanak — silhouette with traditional turban (Sikhism),Religious education,Religious leaders,Year 5,UKS2,diagram_a,Guru Nanak — silhouette with traditional turban (Sikhism),"Respectful, traditional iconography style","[""RE"",""religious-leaders""]",Adaptly Primary Catalogue,0,,
pdl-1807,Buddha — seated meditation silhouette,Religious education,Religious leaders,Year 5,UKS2,diagram_a,Buddha — seated meditation silhouette,"Respectful, traditional iconography style","[""RE"",""religious-leaders""]",Adaptly Primary Catalogue,0,,
pdl-1808,Mahatma Gandhi (cross-curricular RE/History),Religious education,Religious leaders,Year 5,UKS2,diagram_a,Mahatma Gandhi (cross-curricular RE/History),"Respectful, traditional iconography style","[""RE"",""religious-leaders""]",Adaptly Primary Catalogue,0,,
pdl-1809,Story — Noah's Ark (Christianity/Judaism/Islam),Religious education,Religious stories,Year 3,LKS2,diagram_a,Story — Noah's Ark (Christianity/Judaism/Islam),"Storybook palette, neutral characters where possible","[""RE"",""religious-stories""]",Adaptly Primary Catalogue,0,,
pdl-1810,Story — The Good Samaritan (parable),Religious education,Religious stories,Year 3,LKS2,diagram_a,Story — The Good Samaritan (parable),"Storybook palette, neutral characters where possible","[""RE"",""religious-stories""]",Adaptly Primary Catalogue,0,,
pdl-1811,Story — David and Goliath (silhouette),Religious education,Religious stories,Year 3,LKS2,diagram_a,Story — David and Goliath (silhouette),"Storybook palette, neutral characters where possible","[""RE"",""religious-stories""]",Adaptly Primary Catalogue,0,,
pdl-1812,Story — Moses and the burning bush,Religious education,Religious stories,Year 3,LKS2,diagram_a,Story — Moses and the burning bush,"Storybook palette, neutral characters where possible","[""RE"",""religious-stories""]",Adaptly Primary Catalogue,0,,
pdl-1813,Story — The Nativity scene,Religious education,Religious stories,Year 3,LKS2,diagram_a,Story — The Nativity scene,"Storybook palette, neutral characters where possible","[""RE"",""religious-stories""]",Adaptly Primary Catalogue,0,,
pdl-1814,Story — Rama and Sita (Diwali),Religious education,Religious stories,Year 3,LKS2,diagram_a,Story — Rama and Sita (Diwali),"Storybook palette, neutral characters where possible","[""RE"",""religious-stories""]",Adaptly Primary Catalogue,0,,
pdl-1815,Story — The Buddha and the lotus,Religious education,Religious stories,Year 3,LKS2,diagram_a,Story — The Buddha and the lotus,"Storybook palette, neutral characters where possible","[""RE"",""religious-stories""]",Adaptly Primary Catalogue,0,,
pdl-1816,Story — The Five Ks of Sikhism,Religious education,Religious stories,Year 3,LKS2,diagram_a,Story — The Five Ks of Sikhism,"Storybook palette, neutral characters where possible","[""RE"",""religious-stories""]",Adaptly Primary Catalogue,0,,
pdl-1817,Practice — prayer mat (Islam),Religious education,Practices and values,Year 5,UKS2,diagram_a,Practice — prayer mat (Islam),Action illustration with name and faith context,"[""RE"",""practice"",""values""]",Adaptly Primary Catalogue,0,,
pdl-1818,Practice — seder meal (Judaism),Religious education,Practices and values,Year 5,UKS2,diagram_a,Practice — seder meal (Judaism),Action illustration with name and faith context,"[""RE"",""practice"",""values""]",Adaptly Primary Catalogue,0,,
pdl-1819,Practice — communion (Christianity),Religious education,Practices and values,Year 5,UKS2,diagram_a,Practice — communion (Christianity),Action illustration with name and faith context,"[""RE"",""practice"",""values""]",Adaptly Primary Catalogue,0,,
pdl-1820,Practice — langar (Sikhism),Religious education,Practices and values,Year 5,UKS2,diagram_a,Practice — langar (Sikhism),Action illustration with name and faith context,"[""RE"",""practice"",""values""]",Adaptly Primary Catalogue,0,,
pdl-1821,Practice — meditation (Buddhism),Religious education,Practices and values,Year 5,UKS2,diagram_a,Practice — meditation (Buddhism),Action illustration with name and faith context,"[""RE"",""practice"",""values""]",Adaptly Primary Catalogue,0,,
pdl-1822,Practice — puja (Hinduism),Religious education,Practices and values,Year 5,UKS2,diagram_a,Practice — puja (Hinduism),Action illustration with name and faith context,"[""RE"",""practice"",""values""]",Adaptly Primary Catalogue,0,,
pdl-1823,French — Bonjour (Hello),French,Greetings,Year 3,LKS2,diagram_a,French — Bonjour (Hello),"Tricolour stripe header, child characters waving","[""MFL"",""French"",""greetings"",""KS2""]",Adaptly Primary Catalogue,0,,
pdl-1824,French — Salut (Hi),French,Greetings,Year 3,LKS2,diagram_a,French — Salut (Hi),"Tricolour stripe header, child characters waving","[""MFL"",""French"",""greetings"",""KS2""]",Adaptly Primary Catalogue,0,,
pdl-1825,French — Au revoir (Goodbye),French,Greetings,Year 3,LKS2,diagram_a,French — Au revoir (Goodbye),"Tricolour stripe header, child characters waving","[""MFL"",""French"",""greetings"",""KS2""]",Adaptly Primary Catalogue,0,,
pdl-1826,French — Merci (Thank you),French,Greetings,Year 3,LKS2,diagram_a,French — Merci (Thank you),"Tricolour stripe header, child characters waving","[""MFL"",""French"",""greetings"",""KS2""]",Adaptly Primary Catalogue,0,,
pdl-1827,French — S'il vous plaît (Please),French,Greetings,Year 3,LKS2,diagram_a,French — S'il vous plaît (Please),"Tricolour stripe header, child characters waving","[""MFL"",""French"",""greetings"",""KS2""]",Adaptly Primary Catalogue,0,,
pdl-1828,French number — un (1),French,Numbers,Year 3,LKS2,diagram_a,"Card showing the digit 1 large at top, the French word ""un"" below, and a counting motif (1 stars).","Tricolour border, numerals in friendly serif","[""MFL"",""French"",""numbers"",""KS2""]",Adaptly Primary Catalogue,0,,
pdl-1829,French number — deux (2),French,Numbers,Year 3,LKS2,diagram_a,"Card showing the digit 2 large at top, the French word ""deux"" below, and a counting motif (2 stars).","Tricolour border, numerals in friendly serif","[""MFL"",""French"",""numbers"",""KS2""]",Adaptly Primary Catalogue,0,,
pdl-1830,French number — trois (3),French,Numbers,Year 3,LKS2,diagram_a,"Card showing the digit 3 large at top, the French word ""trois"" below, and a counting motif (3 stars).","Tricolour border, numerals in friendly serif","[""MFL"",""French"",""numbers"",""KS2""]",Adaptly Primary Catalogue,0,,
pdl-1831,French number — quatre (4),French,Numbers,Year 3,LKS2,diagram_a,"Card showing the digit 4 large at top, the French word ""quatre"" below, and a counting motif (4 stars).","Tricolour border, numerals in friendly serif","[""MFL"",""French"",""numbers"",""KS2""]",Adaptly Primary Catalogue,0,,
pdl-1832,French number — cinq (5),French,Numbers,Year 3,LKS2,diagram_a,"Card showing the digit 5 large at top, the French word ""cinq"" below, and a counting motif (5 stars).","Tricolour border, numerals in friendly serif","[""MFL"",""French"",""numbers"",""KS2""]",Adaptly Primary Catalogue,0,,
pdl-1833,French number — six (6),French,Numbers,Year 3,LKS2,diagram_a,"Card showing the digit 6 large at top, the French word ""six"" below, and a counting motif (6 stars).","Tricolour border, numerals in friendly serif","[""MFL"",""French"",""numbers"",""KS2""]",Adaptly Primary Catalogue,0,,
pdl-1834,French number — sept (7),French,Numbers,Year 3,LKS2,diagram_a,"Card showing the digit 7 large at top, the French word ""sept"" below, and a counting motif (7 stars).","Tricolour border, numerals in friendly serif","[""MFL"",""French"",""numbers"",""KS2""]",Adaptly Primary Catalogue,0,,
pdl-1835,French number — huit (8),French,Numbers,Year 3,LKS2,diagram_a,"Card showing the digit 8 large at top, the French word ""huit"" below, and a counting motif (8 stars).","Tricolour border, numerals in friendly serif","[""MFL"",""French"",""numbers"",""KS2""]",Adaptly Primary Catalogue,0,,
pdl-1836,French number — neuf (9),French,Numbers,Year 3,LKS2,diagram_a,"Card showing the digit 9 large at top, the French word ""neuf"" below, and a counting motif (9 stars).","Tricolour border, numerals in friendly serif","[""MFL"",""French"",""numbers"",""KS2""]",Adaptly Primary Catalogue,0,,
pdl-1837,French number — dix (10),French,Numbers,Year 3,LKS2,diagram_a,"Card showing the digit 10 large at top, the French word ""dix"" below, and a counting motif (10 stars).","Tricolour border, numerals in friendly serif","[""MFL"",""French"",""numbers"",""KS2""]",Adaptly Primary Catalogue,0,,
pdl-1838,French number — onze (11),French,Numbers,Year 3,LKS2,diagram_a,"Card showing the digit 11 large at top, the French word ""onze"" below, and a counting motif (11 stars).","Tricolour border, numerals in friendly serif","[""MFL"",""French"",""numbers"",""KS2""]",Adaptly Primary Catalogue,0,,
pdl-1839,French number — douze (12),French,Numbers,Year 3,LKS2,diagram_a,"Card showing the digit 12 large at top, the French word ""douze"" below, and a counting motif (12 stars).","Tricolour border, numerals in friendly serif","[""MFL"",""French"",""numbers"",""KS2""]",Adaptly Primary Catalogue,0,,
pdl-1840,French number — treize (13),French,Numbers,Year 3,LKS2,diagram_a,"Card showing the digit 13 large at top, the French word ""treize"" below, and a counting motif (13 stars).","Tricolour border, numerals in friendly serif","[""MFL"",""French"",""numbers"",""KS2""]",Adaptly Primary Catalogue,0,,
pdl-1841,French number — quatorze (14),French,Numbers,Year 3,LKS2,diagram_a,"Card showing the digit 14 large at top, the French word ""quatorze"" below, and a counting motif (14 stars).","Tricolour border, numerals in friendly serif","[""MFL"",""French"",""numbers"",""KS2""]",Adaptly Primary Catalogue,0,,
pdl-1842,French number — quinze (15),French,Numbers,Year 3,LKS2,diagram_a,"Card showing the digit 15 large at top, the French word ""quinze"" below, and a counting motif (15 stars).","Tricolour border, numerals in friendly serif","[""MFL"",""French"",""numbers"",""KS2""]",Adaptly Primary Catalogue,0,,
pdl-1843,French number — seize (16),French,Numbers,Year 3,LKS2,diagram_a,"Card showing the digit 16 large at top, the French word ""seize"" below, and a counting motif (16 stars).","Tricolour border, numerals in friendly serif","[""MFL"",""French"",""numbers"",""KS2""]",Adaptly Primary Catalogue,0,,
pdl-1844,French number — dix-sept (17),French,Numbers,Year 3,LKS2,diagram_a,"Card showing the digit 17 large at top, the French word ""dix-sept"" below, and a counting motif (17 stars).","Tricolour border, numerals in friendly serif","[""MFL"",""French"",""numbers"",""KS2""]",Adaptly Primary Catalogue,0,,
pdl-1845,French number — dix-huit (18),French,Numbers,Year 3,LKS2,diagram_a,"Card showing the digit 18 large at top, the French word ""dix-huit"" below, and a counting motif (18 stars).","Tricolour border, numerals in friendly serif","[""MFL"",""French"",""numbers"",""KS2""]",Adaptly Primary Catalogue,0,,
pdl-1846,French number — dix-neuf (19),French,Numbers,Year 3,LKS2,diagram_a,"Card showing the digit 19 large at top, the French word ""dix-neuf"" below, and a counting motif (19 stars).","Tricolour border, numerals in friendly serif","[""MFL"",""French"",""numbers"",""KS2""]",Adaptly Primary Catalogue,0,,
pdl-1847,French number — vingt (20),French,Numbers,Year 3,LKS2,diagram_a,"Card showing the digit 20 large at top, the French word ""vingt"" below, and a counting motif (20 stars).","Tricolour border, numerals in friendly serif","[""MFL"",""French"",""numbers"",""KS2""]",Adaptly Primary Catalogue,0,,
pdl-1848,French chart — days of the week,French,"Days, months, colours",Year 3,LKS2,diagram_a,French chart — days of the week,Coloured strips per item,"[""MFL"",""French"",""vocabulary""]",Adaptly Primary Catalogue,0,,
pdl-1849,French chart — months of the year,French,"Days, months, colours",Year 3,LKS2,diagram_a,French chart — months of the year,Coloured strips per item,"[""MFL"",""French"",""vocabulary""]",Adaptly Primary Catalogue,0,,
pdl-1850,French chart — colours (les couleurs),French,"Days, months, colours",Year 3,LKS2,diagram_a,French chart — colours (les couleurs),Coloured strips per item,"[""MFL"",""French"",""vocabulary""]",Adaptly Primary Catalogue,0,,
pdl-1851,French chart — animals (les animaux),French,"Days, months, colours",Year 3,LKS2,diagram_a,French chart — animals (les animaux),Coloured strips per item,"[""MFL"",""French"",""vocabulary""]",Adaptly Primary Catalogue,0,,
pdl-1852,French chart — food (la nourriture),French,"Days, months, colours",Year 3,LKS2,diagram_a,French chart — food (la nourriture),Coloured strips per item,"[""MFL"",""French"",""vocabulary""]",Adaptly Primary Catalogue,0,,
pdl-1853,French chart — family (la famille),French,"Days, months, colours",Year 3,LKS2,diagram_a,French chart — family (la famille),Coloured strips per item,"[""MFL"",""French"",""vocabulary""]",Adaptly Primary Catalogue,0,,
pdl-1854,French chart — body parts (le corps),French,"Days, months, colours",Year 3,LKS2,diagram_a,French chart — body parts (le corps),Coloured strips per item,"[""MFL"",""French"",""vocabulary""]",Adaptly Primary Catalogue,0,,
pdl-1855,French chart — weather (le temps),French,"Days, months, colours",Year 3,LKS2,diagram_a,French chart — weather (le temps),Coloured strips per item,"[""MFL"",""French"",""vocabulary""]",Adaptly Primary Catalogue,0,,
pdl-1856,French chart — clothing (les vêtements),French,"Days, months, colours",Year 3,LKS2,diagram_a,French chart — clothing (les vêtements),Coloured strips per item,"[""MFL"",""French"",""vocabulary""]",Adaptly Primary Catalogue,0,,
pdl-1857,French chart — classroom objects,French,"Days, months, colours",Year 3,LKS2,diagram_a,French chart — classroom objects,Coloured strips per item,"[""MFL"",""French"",""vocabulary""]",Adaptly Primary Catalogue,0,,
pdl-1858,French chart — feelings (les sentiments),French,"Days, months, colours",Year 3,LKS2,diagram_a,French chart — feelings (les sentiments),Coloured strips per item,"[""MFL"",""French"",""vocabulary""]",Adaptly Primary Catalogue,0,,
pdl-1859,French chart — sports (les sports),French,"Days, months, colours",Year 3,LKS2,diagram_a,French chart — sports (les sports),Coloured strips per item,"[""MFL"",""French"",""vocabulary""]",Adaptly Primary Catalogue,0,,
pdl-1860,French chart — countries / nationalities (basics),French,"Days, months, colours",Year 3,LKS2,diagram_a,French chart — countries / nationalities (basics),Coloured strips per item,"[""MFL"",""French"",""vocabulary""]",Adaptly Primary Catalogue,0,,
pdl-1861,French chart — common verbs in present tense,French,"Days, months, colours",Year 3,LKS2,diagram_a,French chart — common verbs in present tense,Coloured strips per item,"[""MFL"",""French"",""vocabulary""]",Adaptly Primary Catalogue,0,,
pdl-1862,French chart — au café menu,French,"Days, months, colours",Year 3,LKS2,diagram_a,French chart — au café menu,Coloured strips per item,"[""MFL"",""French"",""vocabulary""]",Adaptly Primary Catalogue,0,,
pdl-1863,Spanish — Hola (Hello),Spanish,Greetings,Year 3,LKS2,diagram_a,Spanish — Hola (Hello),"Red/yellow header, child characters waving","[""MFL"",""Spanish"",""greetings"",""KS2""]",Adaptly Primary Catalogue,0,,
pdl-1864,Spanish — Buenos días (Good morning),Spanish,Greetings,Year 3,LKS2,diagram_a,Spanish — Buenos días (Good morning),"Red/yellow header, child characters waving","[""MFL"",""Spanish"",""greetings"",""KS2""]",Adaptly Primary Catalogue,0,,
pdl-1865,Spanish — Adiós (Goodbye),Spanish,Greetings,Year 3,LKS2,diagram_a,Spanish — Adiós (Goodbye),"Red/yellow header, child characters waving","[""MFL"",""Spanish"",""greetings"",""KS2""]",Adaptly Primary Catalogue,0,,
pdl-1866,Spanish — Gracias (Thank you),Spanish,Greetings,Year 3,LKS2,diagram_a,Spanish — Gracias (Thank you),"Red/yellow header, child characters waving","[""MFL"",""Spanish"",""greetings"",""KS2""]",Adaptly Primary Catalogue,0,,
pdl-1867,Spanish — Por favor (Please),Spanish,Greetings,Year 3,LKS2,diagram_a,Spanish — Por favor (Please),"Red/yellow header, child characters waving","[""MFL"",""Spanish"",""greetings"",""KS2""]",Adaptly Primary Catalogue,0,,
pdl-1868,Spanish number — uno (1),Spanish,Numbers,Year 3,LKS2,diagram_a,"Card showing the digit 1 large at top, the Spanish word ""uno"" below, and a counting motif (1 stars).","Red/yellow border, numerals in friendly serif","[""MFL"",""Spanish"",""numbers"",""KS2""]",Adaptly Primary Catalogue,0,,
pdl-1869,Spanish number — dos (2),Spanish,Numbers,Year 3,LKS2,diagram_a,"Card showing the digit 2 large at top, the Spanish word ""dos"" below, and a counting motif (2 stars).","Red/yellow border, numerals in friendly serif","[""MFL"",""Spanish"",""numbers"",""KS2""]",Adaptly Primary Catalogue,0,,
pdl-1870,Spanish number — tres (3),Spanish,Numbers,Year 3,LKS2,diagram_a,"Card showing the digit 3 large at top, the Spanish word ""tres"" below, and a counting motif (3 stars).","Red/yellow border, numerals in friendly serif","[""MFL"",""Spanish"",""numbers"",""KS2""]",Adaptly Primary Catalogue,0,,
pdl-1871,Spanish number — cuatro (4),Spanish,Numbers,Year 3,LKS2,diagram_a,"Card showing the digit 4 large at top, the Spanish word ""cuatro"" below, and a counting motif (4 stars).","Red/yellow border, numerals in friendly serif","[""MFL"",""Spanish"",""numbers"",""KS2""]",Adaptly Primary Catalogue,0,,
pdl-1872,Spanish number — cinco (5),Spanish,Numbers,Year 3,LKS2,diagram_a,"Card showing the digit 5 large at top, the Spanish word ""cinco"" below, and a counting motif (5 stars).","Red/yellow border, numerals in friendly serif","[""MFL"",""Spanish"",""numbers"",""KS2""]",Adaptly Primary Catalogue,0,,
pdl-1873,Spanish number — seis (6),Spanish,Numbers,Year 3,LKS2,diagram_a,"Card showing the digit 6 large at top, the Spanish word ""seis"" below, and a counting motif (6 stars).","Red/yellow border, numerals in friendly serif","[""MFL"",""Spanish"",""numbers"",""KS2""]",Adaptly Primary Catalogue,0,,
pdl-1874,Spanish number — siete (7),Spanish,Numbers,Year 3,LKS2,diagram_a,"Card showing the digit 7 large at top, the Spanish word ""siete"" below, and a counting motif (7 stars).","Red/yellow border, numerals in friendly serif","[""MFL"",""Spanish"",""numbers"",""KS2""]",Adaptly Primary Catalogue,0,,
pdl-1875,Spanish number — ocho (8),Spanish,Numbers,Year 3,LKS2,diagram_a,"Card showing the digit 8 large at top, the Spanish word ""ocho"" below, and a counting motif (8 stars).","Red/yellow border, numerals in friendly serif","[""MFL"",""Spanish"",""numbers"",""KS2""]",Adaptly Primary Catalogue,0,,
pdl-1876,Spanish number — nueve (9),Spanish,Numbers,Year 3,LKS2,diagram_a,"Card showing the digit 9 large at top, the Spanish word ""nueve"" below, and a counting motif (9 stars).","Red/yellow border, numerals in friendly serif","[""MFL"",""Spanish"",""numbers"",""KS2""]",Adaptly Primary Catalogue,0,,
pdl-1877,Spanish number — diez (10),Spanish,Numbers,Year 3,LKS2,diagram_a,"Card showing the digit 10 large at top, the Spanish word ""diez"" below, and a counting motif (10 stars).","Red/yellow border, numerals in friendly serif","[""MFL"",""Spanish"",""numbers"",""KS2""]",Adaptly Primary Catalogue,0,,
pdl-1878,Spanish number — once (11),Spanish,Numbers,Year 3,LKS2,diagram_a,"Card showing the digit 11 large at top, the Spanish word ""once"" below, and a counting motif (11 stars).","Red/yellow border, numerals in friendly serif","[""MFL"",""Spanish"",""numbers"",""KS2""]",Adaptly Primary Catalogue,0,,
pdl-1879,Spanish number — doce (12),Spanish,Numbers,Year 3,LKS2,diagram_a,"Card showing the digit 12 large at top, the Spanish word ""doce"" below, and a counting motif (12 stars).","Red/yellow border, numerals in friendly serif","[""MFL"",""Spanish"",""numbers"",""KS2""]",Adaptly Primary Catalogue,0,,
pdl-1880,Spanish number — trece (13),Spanish,Numbers,Year 3,LKS2,diagram_a,"Card showing the digit 13 large at top, the Spanish word ""trece"" below, and a counting motif (13 stars).","Red/yellow border, numerals in friendly serif","[""MFL"",""Spanish"",""numbers"",""KS2""]",Adaptly Primary Catalogue,0,,
pdl-1881,Spanish number — catorce (14),Spanish,Numbers,Year 3,LKS2,diagram_a,"Card showing the digit 14 large at top, the Spanish word ""catorce"" below, and a counting motif (14 stars).","Red/yellow border, numerals in friendly serif","[""MFL"",""Spanish"",""numbers"",""KS2""]",Adaptly Primary Catalogue,0,,
pdl-1882,Spanish number — quince (15),Spanish,Numbers,Year 3,LKS2,diagram_a,"Card showing the digit 15 large at top, the Spanish word ""quince"" below, and a counting motif (15 stars).","Red/yellow border, numerals in friendly serif","[""MFL"",""Spanish"",""numbers"",""KS2""]",Adaptly Primary Catalogue,0,,
pdl-1883,Spanish number — dieciséis (16),Spanish,Numbers,Year 3,LKS2,diagram_a,"Card showing the digit 16 large at top, the Spanish word ""dieciséis"" below, and a counting motif (16 stars).","Red/yellow border, numerals in friendly serif","[""MFL"",""Spanish"",""numbers"",""KS2""]",Adaptly Primary Catalogue,0,,
pdl-1884,Spanish number — diecisiete (17),Spanish,Numbers,Year 3,LKS2,diagram_a,"Card showing the digit 17 large at top, the Spanish word ""diecisiete"" below, and a counting motif (17 stars).","Red/yellow border, numerals in friendly serif","[""MFL"",""Spanish"",""numbers"",""KS2""]",Adaptly Primary Catalogue,0,,
pdl-1885,Spanish number — dieciocho (18),Spanish,Numbers,Year 3,LKS2,diagram_a,"Card showing the digit 18 large at top, the Spanish word ""dieciocho"" below, and a counting motif (18 stars).","Red/yellow border, numerals in friendly serif","[""MFL"",""Spanish"",""numbers"",""KS2""]",Adaptly Primary Catalogue,0,,
pdl-1886,Spanish number — diecinueve (19),Spanish,Numbers,Year 3,LKS2,diagram_a,"Card showing the digit 19 large at top, the Spanish word ""diecinueve"" below, and a counting motif (19 stars).","Red/yellow border, numerals in friendly serif","[""MFL"",""Spanish"",""numbers"",""KS2""]",Adaptly Primary Catalogue,0,,
pdl-1887,Spanish number — veinte (20),Spanish,Numbers,Year 3,LKS2,diagram_a,"Card showing the digit 20 large at top, the Spanish word ""veinte"" below, and a counting motif (20 stars).","Red/yellow border, numerals in friendly serif","[""MFL"",""Spanish"",""numbers"",""KS2""]",Adaptly Primary Catalogue,0,,
pdl-1888,Spanish chart — días de la semana,Spanish,"Days, months, colours",Year 3,LKS2,diagram_a,Spanish chart — días de la semana,Coloured strips per item,"[""MFL"",""Spanish"",""vocabulary""]",Adaptly Primary Catalogue,0,,
pdl-1889,Spanish chart — meses del año,Spanish,"Days, months, colours",Year 3,LKS2,diagram_a,Spanish chart — meses del año,Coloured strips per item,"[""MFL"",""Spanish"",""vocabulary""]",Adaptly Primary Catalogue,0,,
pdl-1890,Spanish chart — colores,Spanish,"Days, months, colours",Year 3,LKS2,diagram_a,Spanish chart — colores,Coloured strips per item,"[""MFL"",""Spanish"",""vocabulary""]",Adaptly Primary Catalogue,0,,
pdl-1891,Spanish chart — animales,Spanish,"Days, months, colours",Year 3,LKS2,diagram_a,Spanish chart — animales,Coloured strips per item,"[""MFL"",""Spanish"",""vocabulary""]",Adaptly Primary Catalogue,0,,
pdl-1892,Spanish chart — comida (food),Spanish,"Days, months, colours",Year 3,LKS2,diagram_a,Spanish chart — comida (food),Coloured strips per item,"[""MFL"",""Spanish"",""vocabulary""]",Adaptly Primary Catalogue,0,,
pdl-1893,Spanish chart — familia,Spanish,"Days, months, colours",Year 3,LKS2,diagram_a,Spanish chart — familia,Coloured strips per item,"[""MFL"",""Spanish"",""vocabulary""]",Adaptly Primary Catalogue,0,,
pdl-1894,Spanish chart — partes del cuerpo (body),Spanish,"Days, months, colours",Year 3,LKS2,diagram_a,Spanish chart — partes del cuerpo (body),Coloured strips per item,"[""MFL"",""Spanish"",""vocabulary""]",Adaptly Primary Catalogue,0,,
pdl-1895,Spanish chart — el tiempo (weather),Spanish,"Days, months, colours",Year 3,LKS2,diagram_a,Spanish chart — el tiempo (weather),Coloured strips per item,"[""MFL"",""Spanish"",""vocabulary""]",Adaptly Primary Catalogue,0,,
pdl-1896,Spanish chart — la ropa (clothing),Spanish,"Days, months, colours",Year 3,LKS2,diagram_a,Spanish chart — la ropa (clothing),Coloured strips per item,"[""MFL"",""Spanish"",""vocabulary""]",Adaptly Primary Catalogue,0,,
pdl-1897,Spanish chart — el aula (classroom objects),Spanish,"Days, months, colours",Year 3,LKS2,diagram_a,Spanish chart — el aula (classroom objects),Coloured strips per item,"[""MFL"",""Spanish"",""vocabulary""]",Adaptly Primary Catalogue,0,,
pdl-1898,Spanish chart — sentimientos (feelings),Spanish,"Days, months, colours",Year 3,LKS2,diagram_a,Spanish chart — sentimientos (feelings),Coloured strips per item,"[""MFL"",""Spanish"",""vocabulary""]",Adaptly Primary Catalogue,0,,
pdl-1899,Spanish chart — deportes,Spanish,"Days, months, colours",Year 3,LKS2,diagram_a,Spanish chart — deportes,Coloured strips per item,"[""MFL"",""Spanish"",""vocabulary""]",Adaptly Primary Catalogue,0,,
pdl-1900,Spanish chart — países / nacionalidades,Spanish,"Days, months, colours",Year 3,LKS2,diagram_a,Spanish chart — países / nacionalidades,Coloured strips per item,"[""MFL"",""Spanish"",""vocabulary""]",Adaptly Primary Catalogue,0,,
pdl-1901,Spanish chart — verbos comunes en presente,Spanish,"Days, months, colours",Year 3,LKS2,diagram_a,Spanish chart — verbos comunes en presente,Coloured strips per item,"[""MFL"",""Spanish"",""vocabulary""]",Adaptly Primary Catalogue,0,,
pdl-1902,Spanish chart — en el restaurante (menu),Spanish,"Days, months, colours",Year 3,LKS2,diagram_a,Spanish chart — en el restaurante (menu),Coloured strips per item,"[""MFL"",""Spanish"",""vocabulary""]",Adaptly Primary Catalogue,0,,
pdl-1903,Emotion card — happy,PSHE,Emotions and feelings,Year 1,KS1,diagram_a,"Cartoon child face showing the emotion ""happy"" with name underneath; small body-language cue (e.g. clenched fists for angry).","Round cheerful faces, distinct colour per emotion","[""PSHE"",""emotion"",""KS1""]",Adaptly Primary Catalogue,0,,
pdl-1904,Emotion card — sad,PSHE,Emotions and feelings,Year 1,KS1,diagram_a,"Cartoon child face showing the emotion ""sad"" with name underneath; small body-language cue (e.g. clenched fists for angry).","Round cheerful faces, distinct colour per emotion","[""PSHE"",""emotion"",""KS1""]",Adaptly Primary Catalogue,0,,
pdl-1905,Emotion card — angry,PSHE,Emotions and feelings,Year 1,KS1,diagram_a,"Cartoon child face showing the emotion ""angry"" with name underneath; small body-language cue (e.g. clenched fists for angry).","Round cheerful faces, distinct colour per emotion","[""PSHE"",""emotion"",""KS1""]",Adaptly Primary Catalogue,0,,
pdl-1906,Emotion card — scared,PSHE,Emotions and feelings,Year 1,KS1,diagram_a,"Cartoon child face showing the emotion ""scared"" with name underneath; small body-language cue (e.g. clenched fists for angry).","Round cheerful faces, distinct colour per emotion","[""PSHE"",""emotion"",""KS1""]",Adaptly Primary Catalogue,0,,
pdl-1907,Emotion card — worried,PSHE,Emotions and feelings,Year 1,KS1,diagram_a,"Cartoon child face showing the emotion ""worried"" with name underneath; small body-language cue (e.g. clenched fists for angry).","Round cheerful faces, distinct colour per emotion","[""PSHE"",""emotion"",""KS1""]",Adaptly Primary Catalogue,0,,
pdl-1908,Emotion card — excited,PSHE,Emotions and feelings,Year 1,KS1,diagram_a,"Cartoon child face showing the emotion ""excited"" with name underneath; small body-language cue (e.g. clenched fists for angry).","Round cheerful faces, distinct colour per emotion","[""PSHE"",""emotion"",""KS1""]",Adaptly Primary Catalogue,0,,
pdl-1909,Emotion card — proud,PSHE,Emotions and feelings,Year 1,KS1,diagram_a,"Cartoon child face showing the emotion ""proud"" with name underneath; small body-language cue (e.g. clenched fists for angry).","Round cheerful faces, distinct colour per emotion","[""PSHE"",""emotion"",""KS1""]",Adaptly Primary Catalogue,0,,
pdl-1910,Emotion card — surprised,PSHE,Emotions and feelings,Year 1,KS1,diagram_a,"Cartoon child face showing the emotion ""surprised"" with name underneath; small body-language cue (e.g. clenched fists for angry).","Round cheerful faces, distinct colour per emotion","[""PSHE"",""emotion"",""KS1""]",Adaptly Primary Catalogue,0,,
pdl-1911,Emotion card — embarrassed,PSHE,Emotions and feelings,Year 1,KS1,diagram_a,"Cartoon child face showing the emotion ""embarrassed"" with name underneath; small body-language cue (e.g. clenched fists for angry).","Round cheerful faces, distinct colour per emotion","[""PSHE"",""emotion"",""KS1""]",Adaptly Primary Catalogue,0,,
pdl-1912,Emotion card — frustrated,PSHE,Emotions and feelings,Year 1,KS1,diagram_a,"Cartoon child face showing the emotion ""frustrated"" with name underneath; small body-language cue (e.g. clenched fists for angry).","Round cheerful faces, distinct colour per emotion","[""PSHE"",""emotion"",""KS1""]",Adaptly Primary Catalogue,0,,
pdl-1913,Emotion card — calm,PSHE,Emotions and feelings,Year 1,KS1,diagram_a,"Cartoon child face showing the emotion ""calm"" with name underneath; small body-language cue (e.g. clenched fists for angry).","Round cheerful faces, distinct colour per emotion","[""PSHE"",""emotion"",""KS1""]",Adaptly Primary Catalogue,0,,
pdl-1914,Emotion card — tired,PSHE,Emotions and feelings,Year 1,KS1,diagram_a,"Cartoon child face showing the emotion ""tired"" with name underneath; small body-language cue (e.g. clenched fists for angry).","Round cheerful faces, distinct colour per emotion","[""PSHE"",""emotion"",""KS1""]",Adaptly Primary Catalogue,0,,
pdl-1915,Emotion card — disappointed,PSHE,Emotions and feelings,Year 1,KS1,diagram_a,"Cartoon child face showing the emotion ""disappointed"" with name underneath; small body-language cue (e.g. clenched fists for angry).","Round cheerful faces, distinct colour per emotion","[""PSHE"",""emotion"",""KS1""]",Adaptly Primary Catalogue,0,,
pdl-1916,Emotion card — jealous,PSHE,Emotions and feelings,Year 1,KS1,diagram_a,"Cartoon child face showing the emotion ""jealous"" with name underneath; small body-language cue (e.g. clenched fists for angry).","Round cheerful faces, distinct colour per emotion","[""PSHE"",""emotion"",""KS1""]",Adaptly Primary Catalogue,0,,
pdl-1917,Emotion card — grateful,PSHE,Emotions and feelings,Year 1,KS1,diagram_a,"Cartoon child face showing the emotion ""grateful"" with name underneath; small body-language cue (e.g. clenched fists for angry).","Round cheerful faces, distinct colour per emotion","[""PSHE"",""emotion"",""KS1""]",Adaptly Primary Catalogue,0,,
pdl-1918,Emotion card — lonely,PSHE,Emotions and feelings,Year 1,KS1,diagram_a,"Cartoon child face showing the emotion ""lonely"" with name underneath; small body-language cue (e.g. clenched fists for angry).","Round cheerful faces, distinct colour per emotion","[""PSHE"",""emotion"",""KS1""]",Adaptly Primary Catalogue,0,,
pdl-1919,Friendship — sharing a toy,PSHE,Friendship,Year 2,KS1,diagram_a,Friendship — sharing a toy,"Two child characters, speech bubbles, decision arrow","[""PSHE"",""friendship""]",Adaptly Primary Catalogue,0,,
pdl-1920,Friendship — including a new friend,PSHE,Friendship,Year 2,KS1,diagram_a,Friendship — including a new friend,"Two child characters, speech bubbles, decision arrow","[""PSHE"",""friendship""]",Adaptly Primary Catalogue,0,,
pdl-1921,Friendship — saying sorry,PSHE,Friendship,Year 2,KS1,diagram_a,Friendship — saying sorry,"Two child characters, speech bubbles, decision arrow","[""PSHE"",""friendship""]",Adaptly Primary Catalogue,0,,
pdl-1922,Friendship — falling out and making up,PSHE,Friendship,Year 2,KS1,diagram_a,Friendship — falling out and making up,"Two child characters, speech bubbles, decision arrow","[""PSHE"",""friendship""]",Adaptly Primary Catalogue,0,,
pdl-1923,Friendship — listening when a friend is sad,PSHE,Friendship,Year 2,KS1,diagram_a,Friendship — listening when a friend is sad,"Two child characters, speech bubbles, decision arrow","[""PSHE"",""friendship""]",Adaptly Primary Catalogue,0,,
pdl-1924,Friendship — disagreeing kindly,PSHE,Friendship,Year 2,KS1,diagram_a,Friendship — disagreeing kindly,"Two child characters, speech bubbles, decision arrow","[""PSHE"",""friendship""]",Adaptly Primary Catalogue,0,,
pdl-1925,Friendship — peer pressure (saying no),PSHE,Friendship,Year 2,KS1,diagram_a,Friendship — peer pressure (saying no),"Two child characters, speech bubbles, decision arrow","[""PSHE"",""friendship""]",Adaptly Primary Catalogue,0,,
pdl-1926,Friendship — celebrating a friend's success,PSHE,Friendship,Year 2,KS1,diagram_a,Friendship — celebrating a friend's success,"Two child characters, speech bubbles, decision arrow","[""PSHE"",""friendship""]",Adaptly Primary Catalogue,0,,
pdl-1927,Healthy plate (Eatwell guide simplified),PSHE,Healthy lifestyles,Year 3,LKS2,diagram_a,Healthy plate (Eatwell guide simplified),"Active child characters, traffic-light cues","[""PSHE"",""healthy-living""]",Adaptly Primary Catalogue,0,,
pdl-1928,Move-your-body wheel — exercise ideas,PSHE,Healthy lifestyles,Year 3,LKS2,diagram_a,Move-your-body wheel — exercise ideas,"Active child characters, traffic-light cues","[""PSHE"",""healthy-living""]",Adaptly Primary Catalogue,0,,
pdl-1929,Sleep clock — recommended hours by age,PSHE,Healthy lifestyles,Year 3,LKS2,diagram_a,Sleep clock — recommended hours by age,"Active child characters, traffic-light cues","[""PSHE"",""healthy-living""]",Adaptly Primary Catalogue,0,,
pdl-1930,Drink water reminder — water bottle ladder,PSHE,Healthy lifestyles,Year 3,LKS2,diagram_a,Drink water reminder — water bottle ladder,"Active child characters, traffic-light cues","[""PSHE"",""healthy-living""]",Adaptly Primary Catalogue,0,,
pdl-1931,Hand-washing 6-step poster,PSHE,Healthy lifestyles,Year 3,LKS2,diagram_a,Hand-washing 6-step poster,"Active child characters, traffic-light cues","[""PSHE"",""healthy-living""]",Adaptly Primary Catalogue,0,,
pdl-1932,Brush your teeth — 2 minutes timer,PSHE,Healthy lifestyles,Year 3,LKS2,diagram_a,Brush your teeth — 2 minutes timer,"Active child characters, traffic-light cues","[""PSHE"",""healthy-living""]",Adaptly Primary Catalogue,0,,
pdl-1933,Sun safety — slip slop slap,PSHE,Healthy lifestyles,Year 3,LKS2,diagram_a,Sun safety — slip slop slap,"Active child characters, traffic-light cues","[""PSHE"",""healthy-living""]",Adaptly Primary Catalogue,0,,
pdl-1934,Limiting screen-time balance scale,PSHE,Healthy lifestyles,Year 3,LKS2,diagram_a,Limiting screen-time balance scale,"Active child characters, traffic-light cues","[""PSHE"",""healthy-living""]",Adaptly Primary Catalogue,0,,
pdl-1935,Fresh-air break ideas,PSHE,Healthy lifestyles,Year 3,LKS2,diagram_a,Fresh-air break ideas,"Active child characters, traffic-light cues","[""PSHE"",""healthy-living""]",Adaptly Primary Catalogue,0,,
pdl-1936,Healthy snacks vs treat snacks,PSHE,Healthy lifestyles,Year 3,LKS2,diagram_a,Healthy snacks vs treat snacks,"Active child characters, traffic-light cues","[""PSHE"",""healthy-living""]",Adaptly Primary Catalogue,0,,
pdl-1937,Tell a trusted adult — when and how,PSHE,Online safety,Year 4,LKS2,diagram_a,Tell a trusted adult — when and how,Device + child + decision tree,"[""PSHE"",""online-safety"",""computing-link""]",Adaptly Primary Catalogue,0,,
pdl-1938,Permission to share — selfie with a friend,PSHE,Online safety,Year 4,LKS2,diagram_a,Permission to share — selfie with a friend,Device + child + decision tree,"[""PSHE"",""online-safety"",""computing-link""]",Adaptly Primary Catalogue,0,,
pdl-1939,Pop-ups and pressure to buy,PSHE,Online safety,Year 4,LKS2,diagram_a,Pop-ups and pressure to buy,Device + child + decision tree,"[""PSHE"",""online-safety"",""computing-link""]",Adaptly Primary Catalogue,0,,
pdl-1940,Spotting scams (a parcel you never ordered),PSHE,Online safety,Year 4,LKS2,diagram_a,Spotting scams (a parcel you never ordered),Device + child + decision tree,"[""PSHE"",""online-safety"",""computing-link""]",Adaptly Primary Catalogue,0,,
pdl-1941,Group chats — leaving kindly,PSHE,Online safety,Year 4,LKS2,diagram_a,Group chats — leaving kindly,Device + child + decision tree,"[""PSHE"",""online-safety"",""computing-link""]",Adaptly Primary Catalogue,0,,
pdl-1942,Comments — kind / unkind / unsure traffic light,PSHE,Online safety,Year 4,LKS2,diagram_a,Comments — kind / unkind / unsure traffic light,Device + child + decision tree,"[""PSHE"",""online-safety"",""computing-link""]",Adaptly Primary Catalogue,0,,
pdl-1943,Trusted vs untrusted websites checklist,PSHE,Online safety,Year 4,LKS2,diagram_a,Trusted vs untrusted websites checklist,Device + child + decision tree,"[""PSHE"",""online-safety"",""computing-link""]",Adaptly Primary Catalogue,0,,
pdl-1944,Take a break from the screen — body cues,PSHE,Online safety,Year 4,LKS2,diagram_a,Take a break from the screen — body cues,Device + child + decision tree,"[""PSHE"",""online-safety"",""computing-link""]",Adaptly Primary Catalogue,0,,
pdl-1945,Bullying vs falling out — comparison,PSHE,Anti-bullying,Year 4,LKS2,diagram_a,Bullying vs falling out — comparison,"Empathy-led colour palette, character with supportive friends","[""PSHE"",""anti-bullying""]",Adaptly Primary Catalogue,0,,
pdl-1946,STOP acronym poster (Several Times On Purpose),PSHE,Anti-bullying,Year 4,LKS2,diagram_a,STOP acronym poster (Several Times On Purpose),"Empathy-led colour palette, character with supportive friends","[""PSHE"",""anti-bullying""]",Adaptly Primary Catalogue,0,,
pdl-1947,Upstander vs bystander,PSHE,Anti-bullying,Year 4,LKS2,diagram_a,Upstander vs bystander,"Empathy-led colour palette, character with supportive friends","[""PSHE"",""anti-bullying""]",Adaptly Primary Catalogue,0,,
pdl-1948,What to do if you see bullying — 3 steps,PSHE,Anti-bullying,Year 4,LKS2,diagram_a,What to do if you see bullying — 3 steps,"Empathy-led colour palette, character with supportive friends","[""PSHE"",""anti-bullying""]",Adaptly Primary Catalogue,0,,
pdl-1949,Words have weight — kind vs unkind,PSHE,Anti-bullying,Year 4,LKS2,diagram_a,Words have weight — kind vs unkind,"Empathy-led colour palette, character with supportive friends","[""PSHE"",""anti-bullying""]",Adaptly Primary Catalogue,0,,
pdl-1950,Help-seeking ladder (friend / teacher / parent / Childline),PSHE,Anti-bullying,Year 4,LKS2,diagram_a,Help-seeking ladder (friend / teacher / parent / Childline),"Empathy-led colour palette, character with supportive friends","[""PSHE"",""anti-bullying""]",Adaptly Primary Catalogue,0,,
pdl-1951,"Family types — many shapes (single parent, grandparents, two mums, two dads, blended, foster)",PSHE,Diversity and inclusion,Year 3,LKS2,diagram_a,"Family types — many shapes (single parent, grandparents, two mums, two dads, blended, foster)","Diverse character set, warm palette","[""PSHE"",""diversity"",""inclusion"",""RSE""]",Adaptly Primary Catalogue,0,,
pdl-1952,Cultural celebrations around the school year,PSHE,Diversity and inclusion,Year 3,LKS2,diagram_a,Cultural celebrations around the school year,"Diverse character set, warm palette","[""PSHE"",""diversity"",""inclusion"",""RSE""]",Adaptly Primary Catalogue,0,,
pdl-1953,"Disability inclusion — support tools (wheelchair, hearing aid, cane)",PSHE,Diversity and inclusion,Year 3,LKS2,diagram_a,"Disability inclusion — support tools (wheelchair, hearing aid, cane)","Diverse character set, warm palette","[""PSHE"",""diversity"",""inclusion"",""RSE""]",Adaptly Primary Catalogue,0,,
pdl-1954,Languages we speak in our class,PSHE,Diversity and inclusion,Year 3,LKS2,diagram_a,Languages we speak in our class,"Diverse character set, warm palette","[""PSHE"",""diversity"",""inclusion"",""RSE""]",Adaptly Primary Catalogue,0,,
pdl-1955,Differences and similarities Venn,PSHE,Diversity and inclusion,Year 3,LKS2,diagram_a,Differences and similarities Venn,"Diverse character set, warm palette","[""PSHE"",""diversity"",""inclusion"",""RSE""]",Adaptly Primary Catalogue,0,,
pdl-1956,Pronouns introduction (he/she/they) age-appropriate,PSHE,Diversity and inclusion,Year 3,LKS2,diagram_a,Pronouns introduction (he/she/they) age-appropriate,"Diverse character set, warm palette","[""PSHE"",""diversity"",""inclusion"",""RSE""]",Adaptly Primary Catalogue,0,,
pdl-1957,Our class agreement / charter template,PSHE,Diversity and inclusion,Year 3,LKS2,diagram_a,Our class agreement / charter template,"Diverse character set, warm palette","[""PSHE"",""diversity"",""inclusion"",""RSE""]",Adaptly Primary Catalogue,0,,
pdl-1958,Stereotypes — challenge them card,PSHE,Diversity and inclusion,Year 3,LKS2,diagram_a,Stereotypes — challenge them card,"Diverse character set, warm palette","[""PSHE"",""diversity"",""inclusion"",""RSE""]",Adaptly Primary Catalogue,0,,
pdl-1959,Wants vs needs sorting tray,PSHE,Money and careers,Year 5,UKS2,diagram_a,Wants vs needs sorting tray,Friendly piggy bank / dream-job characters,"[""PSHE"",""money"",""careers""]",Adaptly Primary Catalogue,0,,
pdl-1960,Saving / spending / giving jars,PSHE,Money and careers,Year 5,UKS2,diagram_a,Saving / spending / giving jars,Friendly piggy bank / dream-job characters,"[""PSHE"",""money"",""careers""]",Adaptly Primary Catalogue,0,,
pdl-1961,Earning money — examples by age,PSHE,Money and careers,Year 5,UKS2,diagram_a,Earning money — examples by age,Friendly piggy bank / dream-job characters,"[""PSHE"",""money"",""careers""]",Adaptly Primary Catalogue,0,,
pdl-1962,Jobs in our community grid,PSHE,Money and careers,Year 5,UKS2,diagram_a,Jobs in our community grid,Friendly piggy bank / dream-job characters,"[""PSHE"",""money"",""careers""]",Adaptly Primary Catalogue,0,,
pdl-1963,Bills and budget — family example (simple),PSHE,Money and careers,Year 5,UKS2,diagram_a,Bills and budget — family example (simple),Friendly piggy bank / dream-job characters,"[""PSHE"",""money"",""careers""]",Adaptly Primary Catalogue,0,,
pdl-1964,Goal ladder — short / medium / long term,PSHE,Money and careers,Year 5,UKS2,diagram_a,Goal ladder — short / medium / long term,Friendly piggy bank / dream-job characters,"[""PSHE"",""money"",""careers""]",Adaptly Primary Catalogue,0,,
pdl-1965,Body changes — what stays the same / what changes,PSHE,Relationships and changing me,Year 6,UKS2,diagram_a,Body changes — what stays the same / what changes,"Calm, factual, age-appropriate illustration; no anatomical detail beyond the DfE primary RSE expectations","[""RSE"",""PSHE"",""Y6""]",Adaptly Primary Catalogue,0,,
pdl-1966,Consent — yes / no / maybe traffic-light,PSHE,Relationships and changing me,Year 6,UKS2,diagram_a,Consent — yes / no / maybe traffic-light,"Calm, factual, age-appropriate illustration; no anatomical detail beyond the DfE primary RSE expectations","[""RSE"",""PSHE"",""Y6""]",Adaptly Primary Catalogue,0,,
pdl-1967,Healthy vs unhealthy relationship signs,PSHE,Relationships and changing me,Year 6,UKS2,diagram_a,Healthy vs unhealthy relationship signs,"Calm, factual, age-appropriate illustration; no anatomical detail beyond the DfE primary RSE expectations","[""RSE"",""PSHE"",""Y6""]",Adaptly Primary Catalogue,0,,
pdl-1968,"Personal space and 'my body, my choice' card",PSHE,Relationships and changing me,Year 6,UKS2,diagram_a,"Personal space and 'my body, my choice' card","Calm, factual, age-appropriate illustration; no anatomical detail beyond the DfE primary RSE expectations","[""RSE"",""PSHE"",""Y6""]",Adaptly Primary Catalogue,0,,
pdl-1969,Asking for help — trusted adult ladder,PSHE,Relationships and changing me,Year 6,UKS2,diagram_a,Asking for help — trusted adult ladder,"Calm, factual, age-appropriate illustration; no anatomical detail beyond the DfE primary RSE expectations","[""RSE"",""PSHE"",""Y6""]",Adaptly Primary Catalogue,0,,
pdl-1970,Identifying private parts (NSPCC PANTS rule),PSHE,Relationships and changing me,Year 6,UKS2,diagram_a,Identifying private parts (NSPCC PANTS rule),"Calm, factual, age-appropriate illustration; no anatomical detail beyond the DfE primary RSE expectations","[""RSE"",""PSHE"",""Y6""]",Adaptly Primary Catalogue,0,,
pdl-1971,Feelings during change — name and acknowledge,PSHE,Relationships and changing me,Year 6,UKS2,diagram_a,Feelings during change — name and acknowledge,"Calm, factual, age-appropriate illustration; no anatomical detail beyond the DfE primary RSE expectations","[""RSE"",""PSHE"",""Y6""]",Adaptly Primary Catalogue,0,,
pdl-1972,Coping with worry — 5-4-3-2-1 grounding,PSHE,Relationships and changing me,Year 6,UKS2,diagram_a,Coping with worry — 5-4-3-2-1 grounding,"Calm, factual, age-appropriate illustration; no anatomical detail beyond the DfE primary RSE expectations","[""RSE"",""PSHE"",""Y6""]",Adaptly Primary Catalogue,0,,
pdl-1973,Mascot — Ada the Explorer (thinking with a hand on chin),branding,Mascots,Year 1-6,KS1+KS2,diagram_a,"Ada the Explorer: child explorer with binoculars and adventurer's hat, brown skin, black curly hair, drawn thinking with a hand on chin. Used as a recurring section illustration.","Consistent palette across mascots, soft outlines, sticker-style","[""mascot"",""branding"",""ada-explorer""]",Adaptly Primary Catalogue,0,,
pdl-1974,Mascot — Ada the Explorer (cheering with both arms up),branding,Mascots,Year 1-6,KS1+KS2,diagram_a,"Ada the Explorer: child explorer with binoculars and adventurer's hat, brown skin, black curly hair, drawn cheering with both arms up. Used as a recurring section illustration.","Consistent palette across mascots, soft outlines, sticker-style","[""mascot"",""branding"",""ada-explorer""]",Adaptly Primary Catalogue,0,,
pdl-1975,Mascot — Ada the Explorer (asking a question with a raised hand),branding,Mascots,Year 1-6,KS1+KS2,diagram_a,"Ada the Explorer: child explorer with binoculars and adventurer's hat, brown skin, black curly hair, drawn asking a question with a raised hand. Used as a recurring section illustration.","Consistent palette across mascots, soft outlines, sticker-style","[""mascot"",""branding"",""ada-explorer""]",Adaptly Primary Catalogue,0,,
pdl-1976,Mascot — Ada the Explorer (helping a friend (alongside another small character)),branding,Mascots,Year 1-6,KS1+KS2,diagram_a,"Ada the Explorer: child explorer with binoculars and adventurer's hat, brown skin, black curly hair, drawn helping a friend (alongside another small character). Used as a recurring section illustration.","Consistent palette across mascots, soft outlines, sticker-style","[""mascot"",""branding"",""ada-explorer""]",Adaptly Primary Catalogue,0,,
pdl-1977,Mascot — Ada the Explorer (celebrating with confetti),branding,Mascots,Year 1-6,KS1+KS2,diagram_a,"Ada the Explorer: child explorer with binoculars and adventurer's hat, brown skin, black curly hair, drawn celebrating with confetti. Used as a recurring section illustration.","Consistent palette across mascots, soft outlines, sticker-style","[""mascot"",""branding"",""ada-explorer""]",Adaptly Primary Catalogue,0,,
pdl-1978,Mascot — Ada the Explorer (waving a friendly greeting),branding,Mascots,Year 1-6,KS1+KS2,diagram_a,"Ada the Explorer: child explorer with binoculars and adventurer's hat, brown skin, black curly hair, drawn waving a friendly greeting. Used as a recurring section illustration.","Consistent palette across mascots, soft outlines, sticker-style","[""mascot"",""branding"",""ada-explorer""]",Adaptly Primary Catalogue,0,,
pdl-1979,Mascot — Rio the Robot (thinking with a hand on chin),branding,Mascots,Year 1-6,KS1+KS2,diagram_a,"Rio the Robot: round-headed friendly robot with antennae and glowing chest panel, drawn thinking with a hand on chin. Used as a recurring section illustration.","Consistent palette across mascots, soft outlines, sticker-style","[""mascot"",""branding"",""rio-robot""]",Adaptly Primary Catalogue,0,,
pdl-1980,Mascot — Rio the Robot (cheering with both arms up),branding,Mascots,Year 1-6,KS1+KS2,diagram_a,"Rio the Robot: round-headed friendly robot with antennae and glowing chest panel, drawn cheering with both arms up. Used as a recurring section illustration.","Consistent palette across mascots, soft outlines, sticker-style","[""mascot"",""branding"",""rio-robot""]",Adaptly Primary Catalogue,0,,
pdl-1981,Mascot — Rio the Robot (asking a question with a raised hand),branding,Mascots,Year 1-6,KS1+KS2,diagram_a,"Rio the Robot: round-headed friendly robot with antennae and glowing chest panel, drawn asking a question with a raised hand. Used as a recurring section illustration.","Consistent palette across mascots, soft outlines, sticker-style","[""mascot"",""branding"",""rio-robot""]",Adaptly Primary Catalogue,0,,
pdl-1982,Mascot — Rio the Robot (helping a friend (alongside another small character)),branding,Mascots,Year 1-6,KS1+KS2,diagram_a,"Rio the Robot: round-headed friendly robot with antennae and glowing chest panel, drawn helping a friend (alongside another small character). Used as a recurring section illustration.","Consistent palette across mascots, soft outlines, sticker-style","[""mascot"",""branding"",""rio-robot""]",Adaptly Primary Catalogue,0,,
pdl-1983,Mascot — Rio the Robot (celebrating with confetti),branding,Mascots,Year 1-6,KS1+KS2,diagram_a,"Rio the Robot: round-headed friendly robot with antennae and glowing chest panel, drawn celebrating with confetti. Used as a recurring section illustration.","Consistent palette across mascots, soft outlines, sticker-style","[""mascot"",""branding"",""rio-robot""]",Adaptly Primary Catalogue,0,,
pdl-1984,Mascot — Rio the Robot (waving a friendly greeting),branding,Mascots,Year 1-6,KS1+KS2,diagram_a,"Rio the Robot: round-headed friendly robot with antennae and glowing chest panel, drawn waving a friendly greeting. Used as a recurring section illustration.","Consistent palette across mascots, soft outlines, sticker-style","[""mascot"",""branding"",""rio-robot""]",Adaptly Primary Catalogue,0,,
pdl-1985,Mascot — Bea the Bookworm (thinking with a hand on chin),branding,Mascots,Year 1-6,KS1+KS2,diagram_a,"Bea the Bookworm: smiling worm/bookworm character holding a book, fair skin, glasses, drawn thinking with a hand on chin. Used as a recurring section illustration.","Consistent palette across mascots, soft outlines, sticker-style","[""mascot"",""branding"",""bea-bookworm""]",Adaptly Primary Catalogue,0,,
pdl-1986,Mascot — Bea the Bookworm (cheering with both arms up),branding,Mascots,Year 1-6,KS1+KS2,diagram_a,"Bea the Bookworm: smiling worm/bookworm character holding a book, fair skin, glasses, drawn cheering with both arms up. Used as a recurring section illustration.","Consistent palette across mascots, soft outlines, sticker-style","[""mascot"",""branding"",""bea-bookworm""]",Adaptly Primary Catalogue,0,,
pdl-1987,Mascot — Bea the Bookworm (asking a question with a raised hand),branding,Mascots,Year 1-6,KS1+KS2,diagram_a,"Bea the Bookworm: smiling worm/bookworm character holding a book, fair skin, glasses, drawn asking a question with a raised hand. Used as a recurring section illustration.","Consistent palette across mascots, soft outlines, sticker-style","[""mascot"",""branding"",""bea-bookworm""]",Adaptly Primary Catalogue,0,,
pdl-1988,Mascot — Bea the Bookworm (helping a friend (alongside another small character)),branding,Mascots,Year 1-6,KS1+KS2,diagram_a,"Bea the Bookworm: smiling worm/bookworm character holding a book, fair skin, glasses, drawn helping a friend (alongside another small character). Used as a recurring section illustration.","Consistent palette across mascots, soft outlines, sticker-style","[""mascot"",""branding"",""bea-bookworm""]",Adaptly Primary Catalogue,0,,
pdl-1989,Mascot — Bea the Bookworm (celebrating with confetti),branding,Mascots,Year 1-6,KS1+KS2,diagram_a,"Bea the Bookworm: smiling worm/bookworm character holding a book, fair skin, glasses, drawn celebrating with confetti. Used as a recurring section illustration.","Consistent palette across mascots, soft outlines, sticker-style","[""mascot"",""branding"",""bea-bookworm""]",Adaptly Primary Catalogue,0,,
pdl-1990,Mascot — Bea the Bookworm (waving a friendly greeting),branding,Mascots,Year 1-6,KS1+KS2,diagram_a,"Bea the Bookworm: smiling worm/bookworm character holding a book, fair skin, glasses, drawn waving a friendly greeting. Used as a recurring section illustration.","Consistent palette across mascots, soft outlines, sticker-style","[""mascot"",""branding"",""bea-bookworm""]",Adaptly Primary Catalogue,0,,
pdl-1991,Badge — Can You Remember? (KS1),branding,Section badges,Year 1-6,KS1+KS2,diagram_a,Badge — Can You Remember? (KS1),"Rounded rectangle, drop shadow, icon in white circle","[""badge"",""section-header"",""branding""]",Adaptly Primary Catalogue,0,,
pdl-1992,Badge — Have a Go! (KS1),branding,Section badges,Year 1-6,KS1+KS2,diagram_a,Badge — Have a Go! (KS1),"Rounded rectangle, drop shadow, icon in white circle","[""badge"",""section-header"",""branding""]",Adaptly Primary Catalogue,0,,
pdl-1993,Badge — Let's Try Together (KS1),branding,Section badges,Year 1-6,KS1+KS2,diagram_a,Badge — Let's Try Together (KS1),"Rounded rectangle, drop shadow, icon in white circle","[""badge"",""section-header"",""branding""]",Adaptly Primary Catalogue,0,,
pdl-1994,Badge — Your Challenge (KS1),branding,Section badges,Year 1-6,KS1+KS2,diagram_a,Badge — Your Challenge (KS1),"Rounded rectangle, drop shadow, icon in white circle","[""badge"",""section-header"",""branding""]",Adaptly Primary Catalogue,0,,
pdl-1995,Badge — How Did I Do? (KS1),branding,Section badges,Year 1-6,KS1+KS2,diagram_a,Badge — How Did I Do? (KS1),"Rounded rectangle, drop shadow, icon in white circle","[""badge"",""section-header"",""branding""]",Adaptly Primary Catalogue,0,,
pdl-1996,Badge — Warm Up (KS2),branding,Section badges,Year 1-6,KS1+KS2,diagram_a,Badge — Warm Up (KS2),"Rounded rectangle, drop shadow, icon in white circle","[""badge"",""section-header"",""branding""]",Adaptly Primary Catalogue,0,,
pdl-1997,Badge — Let's Practise (KS2),branding,Section badges,Year 1-6,KS1+KS2,diagram_a,Badge — Let's Practise (KS2),"Rounded rectangle, drop shadow, icon in white circle","[""badge"",""section-header"",""branding""]",Adaptly Primary Catalogue,0,,
pdl-1998,Badge — Dig Deeper (KS2),branding,Section badges,Year 1-6,KS1+KS2,diagram_a,Badge — Dig Deeper (KS2),"Rounded rectangle, drop shadow, icon in white circle","[""badge"",""section-header"",""branding""]",Adaptly Primary Catalogue,0,,
pdl-1999,Badge — Challenge Corner (KS2),branding,Section badges,Year 1-6,KS1+KS2,diagram_a,Badge — Challenge Corner (KS2),"Rounded rectangle, drop shadow, icon in white circle","[""badge"",""section-header"",""branding""]",Adaptly Primary Catalogue,0,,
pdl-2000,Badge — My Learning Check (KS2),branding,Section badges,Year 1-6,KS1+KS2,diagram_a,Badge — My Learning Check (KS2),"Rounded rectangle, drop shadow, icon in white circle","[""badge"",""section-header"",""branding""]",Adaptly Primary Catalogue,0,,
pdl-2001,Badge — Super Challenge (gold star),branding,Section badges,Year 1-6,KS1+KS2,diagram_a,Badge — Super Challenge (gold star),"Rounded rectangle, drop shadow, icon in white circle","[""badge"",""section-header"",""branding""]",Adaptly Primary Catalogue,0,,
pdl-2002,Badge — Reflection (lightbulb),branding,Section badges,Year 1-6,KS1+KS2,diagram_a,Badge — Reflection (lightbulb),"Rounded rectangle, drop shadow, icon in white circle","[""badge"",""section-header"",""branding""]",Adaptly Primary Catalogue,0,,
pdl-2003,Work-mode — Independent (one child),branding,Work-mode icons,Year 1-6,KS1+KS2,diagram_a,Work-mode — Independent (one child),"Single-shape icon, label below in pill","[""icon"",""work-mode"",""branding""]",Adaptly Primary Catalogue,0,,
pdl-2004,Work-mode — Pair (two children),branding,Work-mode icons,Year 1-6,KS1+KS2,diagram_a,Work-mode — Pair (two children),"Single-shape icon, label below in pill","[""icon"",""work-mode"",""branding""]",Adaptly Primary Catalogue,0,,
pdl-2005,Work-mode — Group (three+ children),branding,Work-mode icons,Year 1-6,KS1+KS2,diagram_a,Work-mode — Group (three+ children),"Single-shape icon, label below in pill","[""icon"",""work-mode"",""branding""]",Adaptly Primary Catalogue,0,,
pdl-2006,Work-mode — Whole class (raised hands),branding,Work-mode icons,Year 1-6,KS1+KS2,diagram_a,Work-mode — Whole class (raised hands),"Single-shape icon, label below in pill","[""icon"",""work-mode"",""branding""]",Adaptly Primary Catalogue,0,,
pdl-2007,Work-mode — Talk partner,branding,Work-mode icons,Year 1-6,KS1+KS2,diagram_a,Work-mode — Talk partner,"Single-shape icon, label below in pill","[""icon"",""work-mode"",""branding""]",Adaptly Primary Catalogue,0,,
pdl-2008,Work-mode — Discuss with adult,branding,Work-mode icons,Year 1-6,KS1+KS2,diagram_a,Work-mode — Discuss with adult,"Single-shape icon, label below in pill","[""icon"",""work-mode"",""branding""]",Adaptly Primary Catalogue,0,,
pdl-2009,Award stamp — Great work!,branding,Award stamps,Year 1-6,KS1+KS2,diagram_a,Award stamp — Great work!,"Circular badge with serrated edge, ribbon banner","[""sticker"",""award"",""branding""]",Adaptly Primary Catalogue,0,,
pdl-2010,Award stamp — Star of the day,branding,Award stamps,Year 1-6,KS1+KS2,diagram_a,Award stamp — Star of the day,"Circular badge with serrated edge, ribbon banner","[""sticker"",""award"",""branding""]",Adaptly Primary Catalogue,0,,
pdl-2011,"Award stamp — Try again, you've got this",branding,Award stamps,Year 1-6,KS1+KS2,diagram_a,"Award stamp — Try again, you've got this","Circular badge with serrated edge, ribbon banner","[""sticker"",""award"",""branding""]",Adaptly Primary Catalogue,0,,
pdl-2012,Award stamp — Fantastic effort,branding,Award stamps,Year 1-6,KS1+KS2,diagram_a,Award stamp — Fantastic effort,"Circular badge with serrated edge, ribbon banner","[""sticker"",""award"",""branding""]",Adaptly Primary Catalogue,0,,
pdl-2013,Award stamp — Brilliant thinking,branding,Award stamps,Year 1-6,KS1+KS2,diagram_a,Award stamp — Brilliant thinking,"Circular badge with serrated edge, ribbon banner","[""sticker"",""award"",""branding""]",Adaptly Primary Catalogue,0,,
pdl-2014,Award stamp — Maths whizz,branding,Award stamps,Year 1-6,KS1+KS2,diagram_a,Award stamp — Maths whizz,"Circular badge with serrated edge, ribbon banner","[""sticker"",""award"",""branding""]",Adaptly Primary Catalogue,0,,
pdl-2015,Award stamp — Reading rocket,branding,Award stamps,Year 1-6,KS1+KS2,diagram_a,Award stamp — Reading rocket,"Circular badge with serrated edge, ribbon banner","[""sticker"",""award"",""branding""]",Adaptly Primary Catalogue,0,,
pdl-2016,Award stamp — Kindness champion,branding,Award stamps,Year 1-6,KS1+KS2,diagram_a,Award stamp — Kindness champion,"Circular badge with serrated edge, ribbon banner","[""sticker"",""award"",""branding""]",Adaptly Primary Catalogue,0,,
pdl-2017,Border — jungle leaves,branding,Page borders,Year 1-6,KS1+KS2,diagram_a,Border — jungle leaves,"Repeating motif, pale fills, max 12mm border thickness","[""border"",""decoration"",""branding""]",Adaptly Primary Catalogue,0,,
pdl-2018,Border — ocean coral,branding,Page borders,Year 1-6,KS1+KS2,diagram_a,Border — ocean coral,"Repeating motif, pale fills, max 12mm border thickness","[""border"",""decoration"",""branding""]",Adaptly Primary Catalogue,0,,
pdl-2019,Border — outer space,branding,Page borders,Year 1-6,KS1+KS2,diagram_a,Border — outer space,"Repeating motif, pale fills, max 12mm border thickness","[""border"",""decoration"",""branding""]",Adaptly Primary Catalogue,0,,
pdl-2020,Border — classroom (pencils and stars),branding,Page borders,Year 1-6,KS1+KS2,diagram_a,Border — classroom (pencils and stars),"Repeating motif, pale fills, max 12mm border thickness","[""border"",""decoration"",""branding""]",Adaptly Primary Catalogue,0,,
pdl-2021,Border — autumn leaves,branding,Page borders,Year 1-6,KS1+KS2,diagram_a,Border — autumn leaves,"Repeating motif, pale fills, max 12mm border thickness","[""border"",""decoration"",""branding""]",Adaptly Primary Catalogue,0,,
pdl-2022,Border — winter snowflakes,branding,Page borders,Year 1-6,KS1+KS2,diagram_a,Border — winter snowflakes,"Repeating motif, pale fills, max 12mm border thickness","[""border"",""decoration"",""branding""]",Adaptly Primary Catalogue,0,,
pdl-2023,Border — spring blossom,branding,Page borders,Year 1-6,KS1+KS2,diagram_a,Border — spring blossom,"Repeating motif, pale fills, max 12mm border thickness","[""border"",""decoration"",""branding""]",Adaptly Primary Catalogue,0,,
pdl-2024,Border — summer beach,branding,Page borders,Year 1-6,KS1+KS2,diagram_a,Border — summer beach,"Repeating motif, pale fills, max 12mm border thickness","[""border"",""decoration"",""branding""]",Adaptly Primary Catalogue,0,,
pdl-2025,Border — superhero (geometric pop),branding,Page borders,Year 1-6,KS1+KS2,diagram_a,Border — superhero (geometric pop),"Repeating motif, pale fills, max 12mm border thickness","[""border"",""decoration"",""branding""]",Adaptly Primary Catalogue,0,,
pdl-2026,Border — fairy tale (toadstools and stars),branding,Page borders,Year 1-6,KS1+KS2,diagram_a,Border — fairy tale (toadstools and stars),"Repeating motif, pale fills, max 12mm border thickness","[""border"",""decoration"",""branding""]",Adaptly Primary Catalogue,0,,
pdl-2027,Border — sports (balls and trophies),branding,Page borders,Year 1-6,KS1+KS2,diagram_a,Border — sports (balls and trophies),"Repeating motif, pale fills, max 12mm border thickness","[""border"",""decoration"",""branding""]",Adaptly Primary Catalogue,0,,
pdl-2028,Border — music (notes and instruments),branding,Page borders,Year 1-6,KS1+KS2,diagram_a,Border — music (notes and instruments),"Repeating motif, pale fills, max 12mm border thickness","[""border"",""decoration"",""branding""]",Adaptly Primary Catalogue,0,,
pdl-2029,Bubble — speech (rounded),branding,Speech bubbles,Year 1-6,KS1+KS2,diagram_a,Bubble — speech (rounded),"Crisp outline, slight drop shadow, room for 1–2 lines of text","[""bubble"",""branding""]",Adaptly Primary Catalogue,0,,
pdl-2030,Bubble — thought (cloud with dots),branding,Speech bubbles,Year 1-6,KS1+KS2,diagram_a,Bubble — thought (cloud with dots),"Crisp outline, slight drop shadow, room for 1–2 lines of text","[""bubble"",""branding""]",Adaptly Primary Catalogue,0,,
pdl-2031,Bubble — question (with ?),branding,Speech bubbles,Year 1-6,KS1+KS2,diagram_a,Bubble — question (with ?),"Crisp outline, slight drop shadow, room for 1–2 lines of text","[""bubble"",""branding""]",Adaptly Primary Catalogue,0,,
pdl-2032,Bubble — exclamation (with !),branding,Speech bubbles,Year 1-6,KS1+KS2,diagram_a,Bubble — exclamation (with !),"Crisp outline, slight drop shadow, room for 1–2 lines of text","[""bubble"",""branding""]",Adaptly Primary Catalogue,0,,
pdl-2033,Bubble — top tip (with star),branding,Speech bubbles,Year 1-6,KS1+KS2,diagram_a,Bubble — top tip (with star),"Crisp outline, slight drop shadow, room for 1–2 lines of text","[""bubble"",""branding""]",Adaptly Primary Catalogue,0,,
pdl-2034,Bubble — challenge (with lightning),branding,Speech bubbles,Year 1-6,KS1+KS2,diagram_a,Bubble — challenge (with lightning),"Crisp outline, slight drop shadow, room for 1–2 lines of text","[""bubble"",""branding""]",Adaptly Primary Catalogue,0,,
pdl-2035,Banner — Section 1 (warm primary palette),branding,Section banners,Year 1-6,KS1+KS2,diagram_a,Banner — Section 1 (warm primary palette),"Ribbon style with rounded ends, room for title text","[""banner"",""section-divider"",""branding""]",Adaptly Primary Catalogue,0,,
pdl-2036,Banner — Section 2 (cool primary palette),branding,Section banners,Year 1-6,KS1+KS2,diagram_a,Banner — Section 2 (cool primary palette),"Ribbon style with rounded ends, room for title text","[""banner"",""section-divider"",""branding""]",Adaptly Primary Catalogue,0,,
pdl-2037,Banner — Section 3 (orange/red),branding,Section banners,Year 1-6,KS1+KS2,diagram_a,Banner — Section 3 (orange/red),"Ribbon style with rounded ends, room for title text","[""banner"",""section-divider"",""branding""]",Adaptly Primary Catalogue,0,,
pdl-2038,Banner — Challenge (gold),branding,Section banners,Year 1-6,KS1+KS2,diagram_a,Banner — Challenge (gold),"Ribbon style with rounded ends, room for title text","[""banner"",""section-divider"",""branding""]",Adaptly Primary Catalogue,0,,
pdl-2039,Banner — Reflection (purple),branding,Section banners,Year 1-6,KS1+KS2,diagram_a,Banner — Reflection (purple),"Ribbon style with rounded ends, room for title text","[""banner"",""section-divider"",""branding""]",Adaptly Primary Catalogue,0,,
pdl-2040,Banner — Self-check (teal),branding,Section banners,Year 1-6,KS1+KS2,diagram_a,Banner — Self-check (teal),"Ribbon style with rounded ends, room for title text","[""banner"",""section-divider"",""branding""]",Adaptly Primary Catalogue,0,,
pdl-2041,Banner — Diagram A (navy),branding,Section banners,Year 1-6,KS1+KS2,diagram_a,Banner — Diagram A (navy),"Ribbon style with rounded ends, room for title text","[""banner"",""section-divider"",""branding""]",Adaptly Primary Catalogue,0,,
pdl-2042,Banner — Diagram B (forest green),branding,Section banners,Year 1-6,KS1+KS2,diagram_a,Banner — Diagram B (forest green),"Ribbon style with rounded ends, room for title text","[""banner"",""section-divider"",""branding""]",Adaptly Primary Catalogue,0,,
pdl-2043,Reflection — 3-point (Easy / OK / Tricky),branding,Reflection sliders,Year 1-6,KS1+KS2,diagram_a,Reflection — 3-point (Easy / OK / Tricky),"Three or five-point smiley scale, tick boxes underneath","[""reflection"",""self-assessment""]",Adaptly Primary Catalogue,0,,
pdl-2044,Reflection — 5-point smiley scale,branding,Reflection sliders,Year 1-6,KS1+KS2,diagram_a,Reflection — 5-point smiley scale,"Three or five-point smiley scale, tick boxes underneath","[""reflection"",""self-assessment""]",Adaptly Primary Catalogue,0,,
pdl-2045,Reflection — traffic light (red/amber/green),branding,Reflection sliders,Year 1-6,KS1+KS2,diagram_a,Reflection — traffic light (red/amber/green),"Three or five-point smiley scale, tick boxes underneath","[""reflection"",""self-assessment""]",Adaptly Primary Catalogue,0,,
pdl-2046,Reflection — confidence ladder 1–10,branding,Reflection sliders,Year 1-6,KS1+KS2,diagram_a,Reflection — confidence ladder 1–10,"Three or five-point smiley scale, tick boxes underneath","[""reflection"",""self-assessment""]",Adaptly Primary Catalogue,0,,
pdl-2047,Character — wheelchair user,branding,Inclusive characters,Year 1-6,KS1+KS2,diagram_a,Character — wheelchair user,"Bold silhouettes, varied skin tones, optional accessibility devices (wheelchair, hearing aid, glasses)","[""character"",""inclusion"",""branding""]",Adaptly Primary Catalogue,0,,
pdl-2048,Character — child with hearing aid,branding,Inclusive characters,Year 1-6,KS1+KS2,diagram_a,Character — child with hearing aid,"Bold silhouettes, varied skin tones, optional accessibility devices (wheelchair, hearing aid, glasses)","[""character"",""inclusion"",""branding""]",Adaptly Primary Catalogue,0,,
pdl-2049,Character — child with glasses,branding,Inclusive characters,Year 1-6,KS1+KS2,diagram_a,Character — child with glasses,"Bold silhouettes, varied skin tones, optional accessibility devices (wheelchair, hearing aid, glasses)","[""character"",""inclusion"",""branding""]",Adaptly Primary Catalogue,0,,
pdl-2050,Character — child with hijab,branding,Inclusive characters,Year 1-6,KS1+KS2,diagram_a,Character — child with hijab,"Bold silhouettes, varied skin tones, optional accessibility devices (wheelchair, hearing aid, glasses)","[""character"",""inclusion"",""branding""]",Adaptly Primary Catalogue,0,,
pdl-2051,Character — child with prosthetic limb,branding,Inclusive characters,Year 1-6,KS1+KS2,diagram_a,Character — child with prosthetic limb,"Bold silhouettes, varied skin tones, optional accessibility devices (wheelchair, hearing aid, glasses)","[""character"",""inclusion"",""branding""]",Adaptly Primary Catalogue,0,,
pdl-2052,Character — child with guide dog,branding,Inclusive characters,Year 1-6,KS1+KS2,diagram_a,Character — child with guide dog,"Bold silhouettes, varied skin tones, optional accessibility devices (wheelchair, hearing aid, glasses)","[""character"",""inclusion"",""branding""]",Adaptly Primary Catalogue,0,,
